marca,modelo,version,anio,precio
Suzuki,JIMNY,1.5 GL,2026,47430000
Suzuki,JIMNY,1.5 GL,2025,40700000
Suzuki,JIMNY,1.5 GL,2024,37400000
Suzuki,JIMNY,1.5 GL BITONE,2025,39800000
Suzuki,JIMNY,1.5 GL BITONE,2024,37600000
Suzuki,JIMNY,1.5 GLX,2023,38200000
Suzuki,JIMNY,1.5 GLX,2022,36600000
Suzuki,JIMNY,1.5 GLX,2021,35000000
Suzuki,JIMNY,1.5 GLX,2020,33500000
Suzuki,JIMNY,1.5 GLX,2019,32000000
Suzuki,JIMNY,1.5 GLX AT,2026,53550000
Suzuki,JIMNY,1.5 GLX AT,2025,43700000
Suzuki,JIMNY,1.5 GLX AT,2024,41700000
Suzuki,JIMNY,1.5 GLX AT,2023,39100000
Suzuki,JIMNY,1.5 GLX AT,2022,37500000
Suzuki,JIMNY,1.5 GLX AT,2021,35900000
Suzuki,JIMNY,1.5 GLX AT,2020,34400000
Suzuki,JIMNY,1.5 GLX AT,2019,32900000
Suzuki,JIMNY,1.5 GLX 5 PTAS,2026,51867000
Suzuki,JIMNY,1.5 GLX 5 PTAS,2025,44500000
Suzuki,JIMNY,1.5 GLX 5 PTAS AT,2026,55080000
Suzuki,JIMNY,1.5 GLX 5 PTAS AT,2025,45500000
Suzuki,SWIFT,1.2 5 PTAS AUT,2022,20600000
Suzuki,SWIFT,1.2 5 PTAS AUT,2021,19800000
Suzuki,SWIFT,1.2 5 PTAS AUT,2020,19000000
Suzuki,SWIFT,1.2 5 PTAS AUT,2019,18400000
Suzuki,SWIFT,1.2 5 PTAS AUT,2018,17800000
Suzuki,SWIFT,1.2 5 PTAS GLX HYBRID,2026,34272000
Suzuki,SWIFT,1.2 5 PTAS GLX HYBRID CVT,2026,37332000
Suzuki,SWIFT,1.4 5 PTAS GLX,2017,16400000
Suzuki,SWIFT,1.4 5 PTAS GLX,2016,16000000
Suzuki,SWIFT,1.4 5 PTAS GLX,2015,15200000
Suzuki,SWIFT,1.5 5 PTAS,2011,10000000
Suzuki,SWIFT,1.5 5 PTAS,2010,9800000
Suzuki,SWIFT,1.5 5 PTAS,2009,9600000
Suzuki,SWIFT,1.5 5 PTAS,2008,9450000
Suzuki,SWIFT,1.5 5 PTAS,2007,9300000
Suzuki,SWIFT,1.5 5 PTAS (EDIC. LIM.),2009,9700000
Suzuki,VITARA,GL 1.6 4X2 5P L/16,2019,20000000
Suzuki,VITARA,GL 1.6 4X2 5P L/16,2018,19300000
Suzuki,VITARA,GL 1.6 4X2 5P L/16,2017,18600000
Suzuki,VITARA,GL 1.6 4X2 5P L/16,2016,18000000
Suzuki,VITARA,GL 1.6 4X2 5P AT L/16,2019,20400000
Suzuki,VITARA,GL 1.6 4X2 5P AT L/16,2018,19700000
Suzuki,VITARA,GL 1.6 4X2 5P AT L/16,2017,19000000
Suzuki,VITARA,GL 1.6 4X2 5P AT L/16,2016,18400000
Suzuki,VITARA,GL 1.6 4X4 5P AT PLUS L/16,2019,23800000
Suzuki,VITARA,GL 1.6 4X4 5P AT PLUS L/16,2018,23000000
Suzuki,VITARA,GL 1.6 4X4 5P AT PLUS L/16,2017,22200000
Suzuki,VITARA,GL 1.6 4X4 5P AT PLUS L/16,2016,21500000
Suzuki,VITARA,GLX 1.6 4X4 5P AT L/19,2022,31900000
Suzuki,VITARA,GLX 1.6 4X4 5P AT L/19,2021,29400000
Suzuki,VITARA,GLX 1.6 4X4 5P AT L/19,2020,27000000
Suzuki,VITARA,GLX 1.6 4X4 5P AT L/19,2019,26000000
Suzuki,VITARA,GLX 1.6 4X4 5P AT SR L/16,2019,25000000
Suzuki,VITARA,GLX 1.6 4X4 5P AT SR L/16,2018,24200000
Suzuki,VITARA,GLX 1.6 4X4 5P AT SR L/16,2017,23400000
Suzuki,VITARA,GLX 1.6 4X4 5P AT SR L/16,2016,22700000
Tank,TANK 300,,2026,79407000
Tank,TANK 300,,2025,55000000
Toyota,86,FT,2019,45000000
Toyota,86,FT,2018,43000000
Toyota,86,FT,2017,41000000
Toyota,86,FT,2016,39000000
Toyota,86,FT,2015,37000000
Toyota,86,FT,2014,35500000
Toyota,86,FT,2013,34000000
Toyota,86,FT,2012,32500000
Toyota,86,GR,2026,93177000
Toyota,86,GR,2025,71000000
Toyota,86,GR,2024,67000000
Toyota,86,GR,2023,63500000
Toyota,86,GT,2022,58000000
Toyota,86,GT,2021,55000000
Toyota,86,GT,2020,52000000
Toyota,86,GT,2019,50000000
Toyota,86,GT,2018,48000000
Toyota,86,GT,2017,46000000
Toyota,86,GT,2016,44000000
Toyota,86,GT,2015,42000000
Toyota,86,GT,2014,40000000
Toyota,86,GT,2013,38000000
Toyota,86,GT,2012,36500000
Toyota,86,GT AUT,2022,58500000
Toyota,86,GT AUT,2021,55500000
Toyota,86,GT AUT,2020,52500000
Toyota,86,GT AUT,2019,50500000
Toyota,86,GT AUT,2018,48500000
Toyota,86,GT AUT,2017,46500000
Toyota,86,GT AUT,2016,44500000
Toyota,86,GT AUT,2015,42500000
Toyota,86,GT AUT,2014,40500000
Toyota,86,GT AUT,2013,38500000
Toyota,86,GT AUT,2012,37000000
Toyota,AVENSIS,2.0,2010,10150000
Toyota,AVENSIS,2.0,2009,9850000
Toyota,AVENSIS,2.0,2008,9550000
Toyota,AVENSIS,2.0,2007,9350000
Toyota,AVENSIS,2.0 AUT,2010,10200000
Toyota,AVENSIS,2.0 AUT,2009,9900000
Toyota,AVENSIS,2.0 AUT,2008,9600000
Toyota,AVENSIS,2.0 AUT,2007,9400000
Toyota,BZ4X,BEV 4WD,2026,113067000
Toyota,CAMRY,2.4 AUT L/06,2011,15400000
Toyota,CAMRY,2.4 AUT L/06,2010,14600000
Toyota,CAMRY,2.4 AUT L/06,2009,13900000
Toyota,CAMRY,2.4 AUT L/06,2008,13300000
Toyota,CAMRY,2.4 AUT L/06,2007,12800000
Toyota,CAMRY,2.5 AUT L/12,2016,28000000
Toyota,CAMRY,2.5 AUT L/12,2015,26700000
Toyota,CAMRY,2.5 AUT L/12,2014,25400000
Toyota,CAMRY,2.5 AUT L/12,2013,24200000
Toyota,CAMRY,2.5 AUT L/12,2012,23100000
Toyota,CAMRY,2.5 AUT L/17,2018,39500000
Toyota,CAMRY,2.5 AUT L/17,2017,38000000
Toyota,CAMRY,2.5 AUT L/17,2016,36500000
Toyota,CAMRY,2.5 AUT L/18,2020,45500000
Toyota,CAMRY,2.5 AUT L/18,2019,43500000
Toyota,CAMRY,2.5 AUT L/18,2018,41500000
Toyota,CAMRY,2.5 AUT L/18,2017,39500000
Toyota,CAMRY,2.5 HV ECVT,2024,69500000
Toyota,CAMRY,2.5 HV ECVT,2023,65500000
Toyota,CAMRY,2.5 HV ECVT,2022,62500000
Toyota,CAMRY,2.5 HV ECVT,2021,60500000
Toyota,CAMRY,3.5 AUT L/06,2011,16100000
Toyota,CAMRY,3.5 AUT L/06,2010,15300000
Toyota,CAMRY,3.5 AUT L/06,2009,14600000
Toyota,CAMRY,3.5 AUT L/06,2008,13900000
Toyota,CAMRY,3.5 AUT L/06,2007,13300000
Toyota,CAMRY,3.5 AUT L/12,2016,30000000
Toyota,CAMRY,3.5 AUT L/12,2015,28500000
Toyota,CAMRY,3.5 AUT L/12,2014,27000000
Toyota,CAMRY,3.5 AUT L/12,2013,25700000
Toyota,CAMRY,3.5 AUT L/12,2012,24500000
Toyota,CAMRY,3.5 AUT L/17,2018,43500000
Toyota,CAMRY,3.5 AUT L/17,2017,41500000
Toyota,CAMRY,3.5 AUT L/17,2016,39500000
Toyota,CAMRY,3.5 AUT L/18,2020,51500000
Toyota,CAMRY,3.5 AUT L/18,2019,48500000
Toyota,CAMRY,3.5 AUT L/18,2018,45500000
Toyota,CH-R,1.8 HYBRID E-CVT,2024,46000000
Toyota,CH-R,1.8 HYBRID E-CVT,2023,43000000
Toyota,CH-R,1.8 HYBRID E-CVT,2022,41000000
Toyota,CH-R,1.8 HYBRID E-CVT,2021,39000000
Toyota,CH-R,1.8 HYBRID E-CVT,2020,37000000
Toyota,CH-R,1.8 HYBRID E-CVT,2019,35000000
Toyota,COROLLA,1.6 XLI L/02,2008,9450000
Toyota,COROLLA,1.6 XLI L/02,2007,9050000
Toyota,COROLLA,1.8 FIELDER SE-G AUT,2008,10050000
Toyota,COROLLA,1.8 FIELDER SE-G AUT,2007,9650000
Toyota,COROLLA,1.8 FIELDER XEI,2008,9650000
Toyota,COROLLA,1.8 FIELDER XEI,2007,9250000
Toyota,COROLLA,1.8 FIELDER XEI AUT,2008,9700000
Toyota,COROLLA,1.8 FIELDER XEI AUT,2007,9300000
Toyota,COROLLA,1.8 S,2007,9570000
Toyota,COROLLA,1.8 SE-G L/02 AUT,2008,10030000
Toyota,COROLLA,1.8 SE-G L/02 AUT,2007,9630000
Toyota,COROLLA,1.8 SE-G L/08 AUT,2011,14250000
Toyota,COROLLA,1.8 SE-G L/08 AUT,2010,13750000
Toyota,COROLLA,1.8 SE-G L/08 AUT,2009,13350000
Toyota,COROLLA,1.8 SE-G L/08 AUT,2008,12950000
Toyota,COROLLA,1.8 SE-G L/11,2014,16550000
Toyota,COROLLA,1.8 SE-G L/11,2013,16050000
Toyota,COROLLA,1.8 SE-G L/11,2012,15550000
Toyota,COROLLA,1.8 SE-G L/11,2011,15050000
Toyota,COROLLA,1.8 SE-G L/11 AUT,2014,16650000
Toyota,COROLLA,1.8 SE-G L/11 AUT,2013,16150000
Toyota,COROLLA,1.8 SE-G L/11 AUT,2012,15650000
Toyota,COROLLA,1.8 SE-G L/11 AUT,2011,15150000
Toyota,COROLLA,1.8 SE-G L/14,2017,21650000
Toyota,COROLLA,1.8 SE-G L/14,2016,20850000
Toyota,COROLLA,1.8 SE-G L/14,2015,20050000
Toyota,COROLLA,1.8 SE-G L/14,2014,19350000
Toyota,COROLLA,1.8 SE-G L/14 CVT,2017,21800000
Toyota,COROLLA,1.8 SE-G L/14 CVT,2016,21000000
Toyota,COROLLA,1.8 SE-G L/14 CVT,2015,20200000
Toyota,COROLLA,1.8 SE-G L/14 CVT,2014,19500000
Toyota,COROLLA,1.8 SE-G L/17,2019,26200000
Toyota,COROLLA,1.8 SE-G L/17,2018,25200000
Toyota,COROLLA,1.8 SE-G L/17,2017,24200000
Toyota,COROLLA,1.8 SE-G L/17,2016,23400000
Toyota,COROLLA,1.8 SE-G L/17 CVT,2019,26450000
Toyota,COROLLA,1.8 SE-G L/17 CVT,2018,25450000
Toyota,COROLLA,1.8 SE-G L/17 CVT,2017,24450000
Toyota,COROLLA,1.8 SE-G L/17 CVT,2016,23650000
Toyota,COROLLA,1.8 SE-G L/20 E-CVT HYBRID,2025,36200000
Toyota,COROLLA,1.8 SE-G L/20 E-CVT HYBRID,2024,34700000
Toyota,COROLLA,1.8 SE-G L/20 E-CVT HYBRID,2023,33200000
Toyota,COROLLA,1.8 SE-G L/20 E-CVT HYBRID,2022,32000000
Toyota,COROLLA,1.8 SE-G L/20 E-CVT HYBRID,2021,30800000
Toyota,COROLLA,1.8 SE-G L/20 E-CVT HYBRID,2020,29600000
Toyota,COROLLA,1.8 SE-G L/20 E-CVT HYBRID,2019,28400000
Toyota,COROLLA,1.8 SE-G L/23 E-CVT HYBRID,2025,39100000
Toyota,COROLLA,1.8 SE-G L/23 E-CVT HYBRID,2024,37600000
Toyota,COROLLA,1.8 SE-G L/23 E-CVT HYBRID,2023,36100000
Toyota,COROLLA,1.8 SE-G L/25 E-CVT HYBRID SAFET,2026,56180000
Toyota,COROLLA,1.8 SE-G L/25 E-CVT HYBRID SAFET,2025,40600000
Toyota,COROLLA,1.8 XEI L/02,2008,9550000
Toyota,COROLLA,1.8 XEI L/02,2007,9150000
Toyota,COROLLA,1.8 XEI L/02 AUT,2008,9600000
Toyota,COROLLA,1.8 XEI L/02 AUT,2007,9200000
Toyota,COROLLA,1.8 XEI L/02 CU,2008,9600000
Toyota,COROLLA,1.8 XEI L/02 CU,2007,9200000
Toyota,COROLLA,1.8 XEI L/02 CU AUT,2008,9650000
Toyota,COROLLA,1.8 XEI L/02 CU AUT,2007,9250000
Toyota,COROLLA,1.8 XEI L/08,2011,13650000
Toyota,COROLLA,1.8 XEI L/08,2010,13150000
Toyota,COROLLA,1.8 XEI L/08,2009,12750000
Toyota,COROLLA,1.8 XEI L/08,2008,12350000
Toyota,COROLLA,1.8 XEI L/08 AUT,2011,13750000
Toyota,COROLLA,1.8 XEI L/08 AUT,2010,13250000
Toyota,COROLLA,1.8 XEI L/08 AUT,2009,12850000
Toyota,COROLLA,1.8 XEI L/08 AUT,2008,12450000
Toyota,COROLLA,1.8 XEI L/08 PACK,2011,13750000
Toyota,COROLLA,1.8 XEI L/08 PACK,2010,13250000
Toyota,COROLLA,1.8 XEI L/08 PACK,2009,12850000
Toyota,COROLLA,1.8 XEI L/08 PACK,2008,12450000
Toyota,COROLLA,1.8 XEI L/08 PACK AUT,2011,13850000
Toyota,COROLLA,1.8 XEI L/08 PACK AUT,2010,13350000
Toyota,COROLLA,1.8 XEI L/08 PACK AUT,2009,12950000
Toyota,COROLLA,1.8 XEI L/08 PACK AUT,2008,12550000
Toyota,COROLLA,1.8 XEI L/11,2014,16050000
Toyota,COROLLA,1.8 XEI L/11,2013,15550000
Toyota,COROLLA,1.8 XEI L/11,2012,15050000
Toyota,COROLLA,1.8 XEI L/11,2011,14550000
Toyota,COROLLA,1.8 XEI L/11 AUT,2014,16150000
Toyota,COROLLA,1.8 XEI L/11 AUT,2013,15650000
Toyota,COROLLA,1.8 XEI L/11 AUT,2012,15150000
Toyota,COROLLA,1.8 XEI L/11 AUT,2011,14650000
Toyota,COROLLA,1.8 XEI L/11 PACK,2014,16150000
Toyota,COROLLA,1.8 XEI L/11 PACK,2013,15650000
Toyota,COROLLA,1.8 XEI L/11 PACK,2012,15150000
Toyota,COROLLA,1.8 XEI L/11 PACK,2011,14650000
Toyota,COROLLA,1.8 XEI L/11 PACK AUT,2014,16250000
Toyota,COROLLA,1.8 XEI L/11 PACK AUT,2013,15750000
Toyota,COROLLA,1.8 XEI L/11 PACK AUT,2012,15250000
Toyota,COROLLA,1.8 XEI L/11 PACK AUT,2011,14750000
Toyota,COROLLA,1.8 XEI L/14,2017,21150000
Toyota,COROLLA,1.8 XEI L/14,2016,20350000
Toyota,COROLLA,1.8 XEI L/14,2015,19650000
Toyota,COROLLA,1.8 XEI L/14,2014,18950000
Toyota,COROLLA,1.8 XEI L/14 CVT,2017,21300000
Toyota,COROLLA,1.8 XEI L/14 CVT,2016,20500000
Toyota,COROLLA,1.8 XEI L/14 CVT,2015,19800000
Toyota,COROLLA,1.8 XEI L/14 CVT,2014,19100000
Toyota,COROLLA,1.8 XEI L/0214 PACK,2017,21300000
Toyota,COROLLA,1.8 XEI L/0214 PACK,2016,20500000
Toyota,COROLLA,1.8 XEI L/0214 PACK,2015,19800000
Toyota,COROLLA,1.8 XEI L/0214 PACK,2014,19100000
Toyota,COROLLA,1.8 XEI L/14 PACK CVT,2017,21450000
Toyota,COROLLA,1.8 XEI L/14 PACK CVT,2016,20650000
Toyota,COROLLA,1.8 XEI L/14 PACK CVT,2015,19950000
Toyota,COROLLA,1.8 XEI L/14 PACK CVT,2014,19250000
Toyota,COROLLA,1.8 XEI L/17,2020,25250000
Toyota,COROLLA,1.8 XEI L/17,2019,24250000
Toyota,COROLLA,1.8 XEI L/17,2018,23450000
Toyota,COROLLA,1.8 XEI L/17,2017,22650000
Toyota,COROLLA,1.8 XEI L/17 CVT,2020,25500000
Toyota,COROLLA,1.8 XEI L/17 CVT,2019,24500000
Toyota,COROLLA,1.8 XEI L/17 CVT,2018,23700000
Toyota,COROLLA,1.8 XEI L/17 CVT,2017,22900000
Toyota,COROLLA,1.8 XEI L/17 PACK,2020,25450000
Toyota,COROLLA,1.8 XEI L/17 PACK,2019,24450000
Toyota,COROLLA,1.8 XEI L/17 PACK,2018,23650000
Toyota,COROLLA,1.8 XEI L/17 PACK,2017,22850000
Toyota,COROLLA,1.8 XEI L/17 PACK CVT,2020,25700000
Toyota,COROLLA,1.8 XEI L/17 PACK CVT,2019,24700000
Toyota,COROLLA,1.8 XEI L/17 PACK CVT,2018,23900000
Toyota,COROLLA,1.8 XEI L/17 PACK CVT,2017,23100000
Toyota,COROLLA,1.8 XEI L/20 E-CVT HYBRID,2023,31400000
Toyota,COROLLA,1.8 XEI L/20 E-CVT HYBRID,2022,30200000
Toyota,COROLLA,1.8 XEI L/20 E-CVT HYBRID,2021,29000000
Toyota,COROLLA,1.8 XEI L/20 E-CVT HYBRID,2020,27800000
Toyota,COROLLA,1.8 XEI L/23 E-CVT HYBRID,2025,37600000
Toyota,COROLLA,1.8 XEI L/23 E-CVT HYBRID,2024,36100000
Toyota,COROLLA,1.8 XEI L/23 E-CVT HYBRID,2023,34600000
Toyota,COROLLA,1.8 XEI L/25 E-CVT HYBRID SAFETY,2026,50764000
Toyota,COROLLA,1.8 XEI L/25 E-CVT HYBRID SAFETY,2025,39100000
Toyota,COROLLA,1.8 XLI L/08,2011,13250000
Toyota,COROLLA,1.8 XLI L/08,2010,12750000
Toyota,COROLLA,1.8 XLI L/08,2009,12350000
Toyota,COROLLA,1.8 XLI L/08,2008,11950000
Toyota,COROLLA,1.8 XLI L/11,2014,15550000
Toyota,COROLLA,1.8 XLI L/11,2013,15050000
Toyota,COROLLA,1.8 XLI L/11,2012,14550000
Toyota,COROLLA,1.8 XLI L/11,2011,14050000
Toyota,COROLLA,1.8 XLI L/14,2017,20350000
Toyota,COROLLA,1.8 XLI L/14,2016,19550000
Toyota,COROLLA,1.8 XLI L/14,2015,18850000
Toyota,COROLLA,1.8 XLI L/14,2014,18150000
Toyota,COROLLA,1.8 XLI L/14 CVT,2017,20500000
Toyota,COROLLA,1.8 XLI L/14 CVT,2016,19700000
Toyota,COROLLA,1.8 XLI L/14 CVT,2015,19000000
Toyota,COROLLA,1.8 XLI L/14 CVT,2014,18300000
Toyota,COROLLA,1.8 XLI L/17,2020,24250000
Toyota,COROLLA,1.8 XLI L/17,2019,23250000
Toyota,COROLLA,1.8 XLI L/17,2018,22450000
Toyota,COROLLA,1.8 XLI L/17,2017,21650000
Toyota,COROLLA,1.8 XLI L/17 CVT,2020,24500000
Toyota,COROLLA,1.8 XLI L/17 CVT,2019,23500000
Toyota,COROLLA,1.8 XLI L/17 CVT,2018,22700000
Toyota,COROLLA,1.8 XLI L/17 CVT,2017,21900000
Toyota,COROLLA,1.8 XRS L/12,2014,16450000
Toyota,COROLLA,1.8 XRS L/12,2013,15950000
Toyota,COROLLA,1.8 XRS L/12,2012,15450000
Toyota,COROLLA,2.0 GR-SPORT CVT,2025,37200000
Toyota,COROLLA,2.0 GR-SPORT CVT,2024,35700000
Toyota,COROLLA,2.0 GR-SPORT CVT,2023,34200000
Toyota,COROLLA,2.0 GR-SPORT CVT,2022,33000000
Toyota,COROLLA,2.0 GR-SPORT CVT,2021,31800000
Toyota,COROLLA,2.0 GR-SPORT CVT L/23,2025,39300000
Toyota,COROLLA,2.0 GR-SPORT CVT L/23,2024,37800000
Toyota,COROLLA,2.0 GR-SPORT CVT L/23,2023,36300000
Toyota,COROLLA,2.0 GR-SPORT CVT L/25 SAFETY,2026,55439000
Toyota,COROLLA,2.0 GR-SPORT CVT L/25 SAFETY,2025,42300000
Toyota,COROLLA,2.0 SE-G L/20 CVT,2025,36000000
Toyota,COROLLA,2.0 SE-G L/20 CVT,2024,34500000
Toyota,COROLLA,2.0 SE-G L/20 CVT,2023,33000000
Toyota,COROLLA,2.0 SE-G L/20 CVT,2022,31800000
Toyota,COROLLA,2.0 SE-G L/20 CVT,2021,30600000
Toyota,COROLLA,2.0 SE-G L/20 CVT,2020,29400000
Toyota,COROLLA,2.0 SE-G L/20 CVT,2019,28200000
Toyota,COROLLA,2.0 SE-G L/23 CVT,2025,38900000
Toyota,COROLLA,2.0 SE-G L/23 CVT,2024,37400000
Toyota,COROLLA,2.0 SE-G L/23 CVT,2023,35900000
Toyota,COROLLA,2.0 SE-G L/25 CVT SAFETY,2026,54392000
Toyota,COROLLA,2.0 SE-G L/25 CVT SAFETY,2025,40000000
Toyota,COROLLA,2.0 XEI L/20,2022,29700000
Toyota,COROLLA,2.0 XEI L/20,2021,28500000
Toyota,COROLLA,2.0 XEI L/20,2020,27300000
Toyota,COROLLA,2.0 XEI L/20 CVT,2025,34200000
Toyota,COROLLA,2.0 XEI L/20 CVT,2024,32700000
Toyota,COROLLA,2.0 XEI L/20 CVT,2023,31200000
Toyota,COROLLA,2.0 XEI L/20 CVT,2022,30000000
Toyota,COROLLA,2.0 XEI L/20 CVT,2021,28800000
Toyota,COROLLA,2.0 XEI L/20 CVT,2020,27600000
Toyota,COROLLA,2.0 XEI L/23 CVT,2025,37400000
Toyota,COROLLA,2.0 XEI L/23 CVT,2024,35900000
Toyota,COROLLA,2.0 XEI L/23 CVT,2023,34400000
Toyota,COROLLA,2.0 XEI L/25 CVT SAFETY,2026,48410000
Toyota,COROLLA,2.0 XEI L/25 CVT SAFETY,2025,38500000
Toyota,COROLLA,2.0 XLI L/20,2023,29400000
Toyota,COROLLA,2.0 XLI L/20,2022,28200000
Toyota,COROLLA,2.0 XLI L/20,2021,27000000
Toyota,COROLLA,2.0 XLI L/20,2020,25800000
Toyota,COROLLA,2.0 XLI L/20 CVT,2025,32700000
Toyota,COROLLA,2.0 XLI L/20 CVT,2024,31200000
Toyota,COROLLA,2.0 XLI L/20 CVT,2023,29700000
Toyota,COROLLA,2.0 XLI L/20 CVT,2022,28500000
Toyota,COROLLA,2.0 XLI L/20 CVT,2021,27300000
Toyota,COROLLA,2.0 XLI L/20 CVT,2020,26100000
Toyota,COROLLA,2.0 XLI L/23 CVT,2025,34300000
Toyota,COROLLA,2.0 XLI L/23 CVT,2024,32800000
Toyota,COROLLA,2.0 XLI L/23 CVT,2023,31300000
Toyota,COROLLA,2.0 XLI L/25 CVT SAFETY,2026,44082000
Toyota,COROLLA,2.0 XLI L/25 CVT SAFETY,2025,36000000
Toyota,COROLLA,2.0 TD XEI,2008,9570000
Toyota,COROLLA,2.0 TD XEI,2007,9070000
Toyota,COROLLA CROSS,1.8 SEG HEV E-CVT,2025,44100000
Toyota,COROLLA CROSS,1.8 SEG HEV E-CVT,2024,42000000
Toyota,COROLLA CROSS,1.8 SEG HEV E-CVT,2023,40000000
Toyota,COROLLA CROSS,1.8 SEG HEV E-CVT,2022,38500000
Toyota,COROLLA CROSS,1.8 SEG HEV E-CVT,2021,37200000
Toyota,COROLLA CROSS,1.8 SEG HEV E-CVT LAUNCH E,2022,38700000
Toyota,COROLLA CROSS,1.8 SEG HEV E-CVT LAUNCH E,2021,37400000
Toyota,COROLLA CROSS,1.8 XEI HEV E-CVT,2024,38800000
Toyota,COROLLA CROSS,1.8 XEI HEV E-CVT,2023,37000000
Toyota,COROLLA CROSS,1.8 XEI HEV E-CVT,2022,35500000
Toyota,COROLLA CROSS,1.8 XEI HEV E-CVT,2021,34200000
Toyota,COROLLA CROSS,1.8 SEG HEV E-CVT L/24,2025,45800000
Toyota,COROLLA CROSS,1.8 SEG HEV E-CVT L/24,2024,44300000
Toyota,COROLLA CROSS,1.8 XEI HEV E-CVT L/24,2025,42800000
Toyota,COROLLA CROSS,1.8 XEI HEV E-CVT L/24,2024,41300000
Toyota,COROLLA CROSS,1.8 SEG HEV E-CVT L/25,2026,63684000
Toyota,COROLLA CROSS,1.8 SEG HEV E-CVT L/25,2025,46700000
Toyota,COROLLA CROSS,1.8 XEI HEV E-CVT L/25,2026,57355000
Toyota,COROLLA CROSS,1.8 XEI HEV E-CVT L/25,2025,43800000
Toyota,COROLLA CROSS,1.8 SEG HEV E-CVT L/26,2026,63684000
Toyota,COROLLA CROSS,1.8 XEI HEV E-CVT L/26,2026,57355000
Toyota,COROLLA CROSS,2.0 GR-SPORT CVT,2025,45100000
Toyota,COROLLA CROSS,2.0 GR-SPORT CVT,2024,43300000
Toyota,COROLLA CROSS,2.0 GR-SPORT CVT,2023,41500000
Toyota,COROLLA CROSS,2.0 GR-SPORT CVT,2022,40000000
Toyota,COROLLA CROSS,2.0 SEG CVT,2024,41500000
Toyota,COROLLA CROSS,2.0 SEG CVT,2023,39500000
Toyota,COROLLA CROSS,2.0 SEG CVT,2022,38000000
Toyota,COROLLA CROSS,2.0 SEG CVT,2021,36500000
Toyota,COROLLA CROSS,2.0 XEI CVT,2025,41000000
Toyota,COROLLA CROSS,2.0 XEI CVT,2024,39000000
Toyota,COROLLA CROSS,2.0 XEI CVT,2023,37000000
Toyota,COROLLA CROSS,2.0 XEI CVT,2022,35500000
Toyota,COROLLA CROSS,2.0 XEI CVT,2021,34100000
Toyota,COROLLA CROSS,2.0 XLI CVT,2025,39000000
Toyota,COROLLA CROSS,2.0 XLI CVT,2024,37000000
Toyota,COROLLA CROSS,2.0 XLI CVT,2023,35000000
Toyota,COROLLA CROSS,2.0 XLI CVT,2022,33500000
Toyota,COROLLA CROSS,2.0 XLI CVT,2021,32000000
Toyota,COROLLA CROSS,2.0 GR-SPORT CVT L/24,2025,46300000
Toyota,COROLLA CROSS,2.0 GR-SPORT CVT L/24,2024,44800000
Toyota,COROLLA CROSS,2.0 SEG CVT L/24,2025,45300000
Toyota,COROLLA CROSS,2.0 SEG CVT L/24,2024,43800000
Toyota,COROLLA CROSS,2.0 XEI CVT L/24,2025,42300000
Toyota,COROLLA CROSS,2.0 XEI CVT L/24,2024,40800000
Toyota,COROLLA CROSS,2.0 XLI CVT L/24,2025,39800000
Toyota,COROLLA CROSS,2.0 XLI CVT L/24,2024,38500000
Toyota,COROLLA CROSS,2.0 GR-SPORT CVT L/25,2026,64083000
Toyota,COROLLA CROSS,2.0 GR-SPORT CVT L/25,2025,48000000
Toyota,COROLLA CROSS,2.0 SEG CVT L/25,2026,61732000
Toyota,COROLLA CROSS,2.0 SEG CVT L/25,2025,46000000
Toyota,COROLLA CROSS,2.0 XEI CVT L/25,2026,55944000
Toyota,COROLLA CROSS,2.0 XEI CVT L/25,2025,43300000
Toyota,COROLLA CROSS,2.0 XLI CVT L/25,2026,51918000
Toyota,COROLLA CROSS,2.0 XLI CVT L/25,2025,40800000
Toyota,COROLLA CROSS,2.0 GR-SPORT CVT L/26,2026,64083000
Toyota,COROLLA CROSS,2.0 SEG CVT L/26,2026,61732000
Toyota,COROLLA CROSS,2.0 XEI CVT L/26,2026,56263000
Toyota,COROLLA CROSS,2.0 XLI CVT L/26,2026,51918000
Toyota,CROWN,2.4 HEV PLATINUM AUT,2026,123165000
Toyota,CROWN,2.4 HEV PLATINUM AUT,2025,98000000
Toyota,CROWN,2.4 HEV PLATINUM AUT,2024,94000000
Toyota,ETIOS,1.5 4 PTAS PLATINUM,2018,17900000
Toyota,ETIOS,1.5 4 PTAS PLATINUM,2017,17300000
Toyota,ETIOS,1.5 4 PTAS PLATINUM,2016,16800000
Toyota,ETIOS,1.5 4 PTAS PLATINUM,2015,16300000
Volkswagen,AMAROK,20TD 4X2 DC TRENDLINE 140HP L17,2024,32000000
Volkswagen,AMAROK,20TD 4X2 DC TRENDLINE 140HP L17,2023,30500000
Volkswagen,AMAROK,20TD 4X2 DC TRENDLINE 140HP L17,2022,29000000
Volkswagen,AMAROK,20TD 4X2 DC TRENDLINE 140HP L17,2021,28000000
Volkswagen,AMAROK,20TD 4X2 DC TRENDLINE 140HP L17,2020,27000000
Volkswagen,AMAROK,20TD 4X2 DC TRENDLINE 140HP L17,2019,26000000
Volkswagen,AMAROK,20TD 4X2 DC TRENDLINE 140HP L17,2018,25000000
Volkswagen,AMAROK,20TD 4X2 DC TRENDLINE 140HP L17,2017,24000000
Volkswagen,AMAROK,20TD 4X2 DC TRENDLINE 180 HP,2017,24200000
Volkswagen,AMAROK,20TD 4X2 DC TRENDLINE 180 HP,2016,23200000
Volkswagen,AMAROK,20TD 4X2 DC TRENDLINE 180 HP,2015,22200000
Volkswagen,AMAROK,20TD 4X2 DC TRENDLINE 180 HP,2014,21400000
Volkswagen,AMAROK,20TD 4X2 DC TRENDLINE 180 HP,2013,20600000
Volkswagen,AMAROK,20TD 4X2 DC TRENDLINE 180 HP,2012,19900000
Volkswagen,AMAROK,20TD 4X2 DC TRENDLINE,2013,20200000
Volkswagen,AMAROK,20TD 4X2 DC TRENDLINE,2012,19500000
Volkswagen,AMAROK,20TD 4X2 DC TRENDLINE,2011,18800000
Volkswagen,AMAROK,20TD 4X2 DC TRENDLINE,2010,18200000
Volkswagen,AMAROK,20TD 4X2 DC TRENDLINE AT,2017,24700000
Volkswagen,AMAROK,20TD 4X2 DC TRENDLINE AT,2016,23700000
Volkswagen,AMAROK,20TD 4X2 DC TRENDLINE AT,2015,22700000
Volkswagen,AMAROK,20TD 4X2 DC TRENDLINE AT,2014,21900000
Volkswagen,AMAROK,20TD 4X2 DC TRENDLINE OVE,2012,19700000
Volkswagen,AMAROK,20TD 4X2 DC TRENDLINE OVE,2011,19000000
Volkswagen,AMAROK,20TD 4X2 DC TRENDLINE L/24,2026,51930000
Volkswagen,AMAROK,20TD 4X2 DC TRENDLINE L/24,2025,36500000
Volkswagen,AMAROK,20TD 4X2 DC TRENDLINE L/24,2024,34500000
Volkswagen,AMAROK,20TD 4X2 DC ULTIMATE,2017,27300000
Volkswagen,AMAROK,20TD 4X2 DC ULTIMATE,2016,26000000
Volkswagen,AMAROK,20TD 4X2 DC ULTIMATE,2015,24900000
Volkswagen,AMAROK,20TD 4X2 DC ULTIMATE AT,2017,27800000
Volkswagen,AMAROK,20TD 4X2 DC ULTIMATE AT,2016,26500000
Volkswagen,AMAROK,20TD 4X2 DC ULTIMATE AT,2015,25400000
Volkswagen,AMAROK,20TD 4X2 SC STARLINE,2017,20900000
Volkswagen,AMAROK,20TD 4X2 SC STARLINE,2016,20200000
Volkswagen,AMAROK,20TD 4X2 SC STARLINE,2015,19500000
Volkswagen,AMAROK,20TD 4X2 SC STARLINE,2014,18800000
Volkswagen,AMAROK,20TD 4X2 SC STARLINE,2013,18100000
Volkswagen,AMAROK,20TD 4X2 SC STARLINE,2012,17400000
Volkswagen,AMAROK,20TD 4X2 SC TRENDLINE 140HP L17,2021,26000000
Volkswagen,AMAROK,20TD 4X2 SC TRENDLINE 140HP L17,2020,25000000
Volkswagen,AMAROK,20TD 4X2 SC TRENDLINE 140HP L17,2019,24000000
Volkswagen,AMAROK,20TD 4X2 SC TRENDLINE 140HP L17,2018,23000000
Volkswagen,AMAROK,20TD 4X2 SC TRENDLINE 140HP L17,2017,22000000
Volkswagen,AMAROK,20TD 4X4 DC BLK EDITION,2017,28800000
Volkswagen,AMAROK,20TD 4X4 DC BLK EDITION,2016,27600000
Volkswagen,AMAROK,20TD 4X4 DC BLK EDITION AT,2018,30600000
Volkswagen,AMAROK,20TD 4X4 DC BLK EDITION AT,2017,29300000
Volkswagen,AMAROK,20TD 4X4 DC BLK EDITION AT,2016,28100000
Volkswagen,AMAROK,20TD 4X4 DC COMFORT. 180HP L17,2024,38700000
Volkswagen,AMAROK,20TD 4X4 DC COMFORT. 180HP L17,2023,36700000
Volkswagen,AMAROK,20TD 4X4 DC COMFORT. 180HP L17,2022,34700000
Volkswagen,AMAROK,20TD 4X4 DC COMFORT. 180HP L17,2021,33000000
Volkswagen,AMAROK,20TD 4X4 DC COMFORT. 180HP L17,2020,31500000
Volkswagen,AMAROK,20TD 4X4 DC COMFORT. 180HP L17,2019,30300000
Volkswagen,AMAROK,20TD 4X4 DC COMFORT. 180HP L17,2018,29100000
Volkswagen,AMAROK,20TD 4X4 DC COMFORT. 180HP L17,2017,28000000
Volkswagen,AMAROK,20TD 4X4 DC COMFORT. 180HP A L17,2021,35000000
Volkswagen,AMAROK,20TD 4X4 DC COMFORT. 180HP A L17,2020,33500000
Volkswagen,AMAROK,20TD 4X4 DC COMFORT. 180HP A L17,2019,32100000
Volkswagen,AMAROK,20TD 4X4 DC COMFORT. 180HP A L17,2018,30800000
Volkswagen,AMAROK,20TD 4X4 DC COMFORT. 180HP A L17,2017,29500000
Volkswagen,AMAROK,20TD 4X4 DC DARK LABEL,2017,27400000
Volkswagen,AMAROK,20TD 4X4 DC DARK LABEL,2016,26200000
Volkswagen,AMAROK,20TD 4X4 DC DARK LABEL,2015,25200000
Volkswagen,AMAROK,20TD 4X4 DC DARK LABEL,2014,24400000
Volkswagen,AMAROK,20TD 4X4 DC DARK LABEL AT,2017,27900000
Volkswagen,AMAROK,20TD 4X4 DC DARK LABEL AT,2016,26700000
Volkswagen,AMAROK,20TD 4X4 DC DARK LABEL AT,2015,25700000
Volkswagen,AMAROK,20TD 4X4 DC DARK LABEL AT,2014,24900000
Volkswagen,AMAROK,20TD 4X4 DC HIGHLINE 180HP,2015,25400000
Volkswagen,AMAROK,20TD 4X4 DC HIGHLINE 180HP,2014,24300000
Volkswagen,AMAROK,20TD 4X4 DC HIGHLINE 180HP,2013,23300000
Volkswagen,AMAROK,20TD 4X4 DC HIGHLINE 180HP,2012,22300000
Volkswagen,AMAROK,20TD 4X4 DC HIGHLINE 180HP L17,2024,40700000
Volkswagen,AMAROK,20TD 4X4 DC HIGHLINE 180HP L17,2023,38700000
Volkswagen,AMAROK,20TD 4X4 DC HIGHLINE 180HP L17,2022,36700000
Volkswagen,AMAROK,20TD 4X4 DC HIGHLINE 180HP L17,2021,35200000
Volkswagen,AMAROK,20TD 4X4 DC HIGHLINE 180HP L17,2020,33800000
Volkswagen,AMAROK,20TD 4X4 DC HIGHLINE 180HP L17,2019,32400000
Volkswagen,AMAROK,20TD 4X4 DC HIGHLINE 180HP L17,2018,31100000
Volkswagen,AMAROK,20TD 4X4 DC HIGHLINE 180HP L17,2017,30000000
Volkswagen,AMAROK,20TD 4X4 DC HIGHLINE 180HP A L17,2024,42700000
Volkswagen,AMAROK,20TD 4X4 DC HIGHLINE 180HP A L17,2023,40700000
Volkswagen,AMAROK,20TD 4X4 DC HIGHLINE 180HP A L17,2022,38700000
Volkswagen,AMAROK,20TD 4X4 DC HIGHLINE 180HP A L17,2021,37000000
Volkswagen,AMAROK,20TD 4X4 DC HIGHLINE 180HP A L17,2020,35500000
Volkswagen,AMAROK,20TD 4X4 DC HIGHLINE 180HP A L17,2019,34100000
Volkswagen,AMAROK,20TD 4X4 DC HIGHLINE 180HP A L17,2018,32800000
Volkswagen,AMAROK,20TD 4X4 DC HIGHLINE 180HP A L17,2017,31400000
Volkswagen,AMAROK,20TD 4X4 DC HIGHLINE 180HP PK,2017,28300000
Volkswagen,AMAROK,20TD 4X4 DC HIGHLINE 180HP PK,2016,27100000
Volkswagen,AMAROK,20TD 4X4 DC HIGHLINE 180HP PK,2015,25900000
Volkswagen,AMAROK,20TD 4X4 DC HIGHLINE 180HP PK,2014,24800000
Volkswagen,AMAROK,20TD 4X4 DC HIGHLINE 180HP PK,2013,23800000
Volkswagen,AMAROK,20TD 4X4 DC HIGHLINE 180HP PK,2012,22800000
Volkswagen,AMAROK,20TD 4X4 DC HIGHLINE 180HP PK AT,2017,28800000
Volkswagen,AMAROK,20TD 4X4 DC HIGHLINE 180HP PK AT,2016,27600000
Volkswagen,AMAROK,20TD 4X4 DC HIGHLINE 180HP PK AT,2015,26400000
Volkswagen,AMAROK,20TD 4X4 DC HIGHLINE 180HP PK AT,2014,25300000
Volkswagen,AMAROK,20TD 4X4 DC HIGHLINE 180HP PK AT,2013,24300000
Volkswagen,AMAROK,20TD 4X4 DC HIGHLINE 180HP PK AT,2012,23300000
Volkswagen,AMAROK,20TD 4X4 DC HIGHLINE,2013,22900000
Volkswagen,AMAROK,20TD 4X4 DC HIGHLINE,2012,22100000
Volkswagen,AMAROK,20TD 4X4 DC HIGHLINE,2011,21300000
Volkswagen,AMAROK,20TD 4X4 DC HIGHLINE,2010,20600000
Volkswagen,AMAROK,20TD 4X4 DC HIGHLINE BLACK,2011,21400000
Volkswagen,AMAROK,20TD 4X4 DC HIGHLINE BLACK,2010,20700000
Volkswagen,AMAROK,20TD 4X4 DC HIGHLINE PK,2013,23400000
Volkswagen,AMAROK,20TD 4X4 DC HIGHLINE PK,2012,22600000
Volkswagen,AMAROK,20TD 4X4 DC HIGHLINE PK,2011,21800000
Volkswagen,AMAROK,20TD 4X4 DC HIGHLINE PK,2010,21100000
Volkswagen,AMAROK,20TD 4X4 DC HIGHLINE BLACK PK,2011,21900000
Volkswagen,AMAROK,20TD 4X4 DC HIGHLINE BLACK PK,2010,21200000
Volkswagen,AMAROK,20TD 4X4 DC STARLINE 122HP,2013,18800000
Volkswagen,AMAROK,20TD 4X4 DC STARLINE 122HP,2012,18100000
Volkswagen,AMAROK,20TD 4X4 DC STARLINE 122HP,2011,17400000
Volkswagen,AMAROK,20TD 4X4 DC STARLINE 122HP AB,2013,18900000
Volkswagen,AMAROK,20TD 4X4 DC STARLINE 122HP AB,2012,18200000
Volkswagen,AMAROK,20TD 4X4 DC STARLINE 122HP AB,2011,17500000
Volkswagen,AMAROK,20TD 4X4 DC STARLINE 180HP,2013,19700000
Volkswagen,AMAROK,20TD 4X4 DC STARLINE 180HP,2012,19000000
Volkswagen,AMAROK,20TD 4X4 DC STARLINE,2013,19300000
Volkswagen,AMAROK,20TD 4X4 DC STARLINE,2012,18600000
Volkswagen,AMAROK,20TD 4X4 DC STARLINE,2011,17900000
Volkswagen,AMAROK,20TD 4X4 DC STARLINE,2010,17200000
Volkswagen,AMAROK,20TD 4X4 DC STARLINE 140HP,2017,23500000
Volkswagen,AMAROK,20TD 4X4 DC STARLINE 140HP,2016,22500000
Volkswagen,AMAROK,20TD 4X4 DC STARLINE 140HP,2015,21500000
Volkswagen,AMAROK,20TD 4X4 DC STARLINE 140HP,2014,20700000
Volkswagen,AMAROK,20TD 4X4 DC STARLINE 140HP,2013,19900000
Volkswagen,AMAROK,20TD 4X4 DC TRENDLINE 140HP L17,2024,34500000
Volkswagen,AMAROK,20TD 4X4 DC TRENDLINE 140HP L17,2023,33000000
Volkswagen,AMAROK,20TD 4X4 DC TRENDLINE 140HP L17,2022,31500000
Volkswagen,AMAROK,20TD 4X4 DC TRENDLINE 140HP L17,2021,30300000
Volkswagen,AMAROK,20TD 4X4 DC TRENDLINE 140HP L17,2020,29200000
Volkswagen,AMAROK,20TD 4X4 DC TRENDLINE 140HP L17,2019,28000000
Volkswagen,AMAROK,20TD 4X4 DC TRENDLINE 140HP L17,2018,27000000
Volkswagen,AMAROK,20TD 4X4 DC TRENDLINE 140HP L17,2017,26000000
Volkswagen,AMAROK,20TD 4X4 DC TRENDLINE 180HP,2017,26400000
Volkswagen,AMAROK,20TD 4X4 DC TRENDLINE 180HP,2016,25200000
Volkswagen,AMAROK,20TD 4X4 DC TRENDLINE 180HP,2015,24200000
Volkswagen,AMAROK,20TD 4X4 DC TRENDLINE 180HP,2014,23400000
Volkswagen,AMAROK,20TD 4X4 DC TRENDLINE 180HP,2013,22500000
Volkswagen,AMAROK,20TD 4X4 DC TRENDLINE 180HP,2012,21700000
Volkswagen,AMAROK,20TD 4X4 DC TRENDLINE 180HP AT,2017,26900000
Volkswagen,AMAROK,20TD 4X4 DC TRENDLINE 180HP AT,2016,25700000
Volkswagen,AMAROK,20TD 4X4 DC TRENDLINE 180HP AT,2015,24700000
Volkswagen,AMAROK,20TD 4X4 DC TRENDLINE 180HP AT,2014,23900000
Volkswagen,AMAROK,20TD 4X4 DC TRENDLINE 180HP AT,2013,23000000
Volkswagen,AMAROK,20TD 4X4 DC TRENDLINE,2013,21300000
Volkswagen,AMAROK,20TD 4X4 DC TRENDLINE,2012,20600000
Volkswagen,AMAROK,20TD 4X4 DC TRENDLINE,2011,19900000
Volkswagen,AMAROK,20TD 4X4 DC TRENDLINE,2010,19300000
Volkswagen,AMAROK,20TD 4X4 DC TRENDLINE L/24,2026,61895000
Volkswagen,AMAROK,20TD 4X4 DC TRENDLINE L/24,2025,41500000
Volkswagen,AMAROK,20TD 4X4 DC ULTIMATE,2017,28800000
Volkswagen,AMAROK,20TD 4X4 DC ULTIMATE,2016,27600000
Volkswagen,AMAROK,20TD 4X4 DC ULTIMATE,2015,26400000
Volkswagen,AMAROK,20TD 4X4 DC ULTIMATE AT,2017,29300000
Volkswagen,AMAROK,20TD 4X4 DC ULTIMATE AT,2016,28100000
Volkswagen,AMAROK,20TD 4X4 DC ULTIMATE AT,2015,26900000
Volkswagen,AMAROK,20TD 4X4 SC STARLINE,2017,22000000
Volkswagen,AMAROK,20TD 4X4 SC STARLINE,2016,21300000
Volkswagen,AMAROK,20TD 4X4 SC STARLINE,2015,20600000
Volkswagen,AMAROK,20TD 4X4 SC STARLINE,2014,19900000
Volkswagen,AMAROK,20TD 4X4 SC STARLINE,2013,19200000
Volkswagen,AMAROK,20TD 4X4 SC STARLINE,2012,18500000
Volkswagen,AMAROK,20TD 4X4 SC STARLINE,2011,17800000
Volkswagen,AMAROK,20TD 4X4 SC TRENDLINE 140HP L17,2021,27200000
Volkswagen,AMAROK,20TD 4X4 SC TRENDLINE 140HP L17,2020,26200000
Volkswagen,AMAROK,20TD 4X4 SC TRENDLINE 140HP L17,2019,25200000
Volkswagen,AMAROK,20TD 4X4 SC TRENDLINE 140HP L17,2018,24200000
Volkswagen,AMAROK,20TD 4X4 SC TRENDLINE 140HP L17,2017,23200000
Volkswagen,AMAROK,V6 30TD 4X4 DC AT 224HP,2021,38500000
Volkswagen,AMAROK,V6 30TD 4X4 DC AT 224HP,2020,37000000
Volkswagen,AMAROK,V6 30TD 4X4 DC AT 224HP,2019,35500000
Volkswagen,AMAROK,V6 30TD 4X4 DC AT 224HP,2018,34000000
Volkswagen,AMAROK,V6 30TD 4X4 DC AT 224HP,2017,32500000
Volkswagen,AMAROK,V6 30TD 4X4 DC AT 224HP COMFORT,2021,37000000
Volkswagen,AMAROK,V6 30TD 4X4 DC AT 224HP COMFORT,2020,35500000
Volkswagen,AMAROK,V6 30TD 4X4 DC AT 224HP COMFORT,2019,34000000
Volkswagen,AMAROK,V6 30TD 4X4 DC AT 224HP COMFORT,2018,32500000
Volkswagen,AMAROK,V6 30TD 4X4 DC AT 224HP EXTREME,2021,42500000
Volkswagen,AMAROK,V6 30TD 4X4 DC AT 224HP EXTREME,2020,41000000
Volkswagen,AMAROK,V6 30TD 4X4 DC AT 224HP EXTREME,2019,39500000
Volkswagen,AMAROK,V6 30TD 4X4 DC AT 224HP EXTREME,2018,38000000
Volkswagen,AMAROK,V6 30TD 4X4 DC AT 224HP EXTREME,2017,36500000
Volkswagen,AMAROK,V6 30TD 4X4 DC AT 258HP BLACK,2024,53500000
Volkswagen,AMAROK,V6 30TD 4X4 DC AT 258HP BLACK,2023,50500000
Volkswagen,AMAROK,V6 30TD 4X4 DC AT 258HP BLACK,2022,48000000
Volkswagen,AMAROK,V6 30TD 4X4 DC AT 258HP BLACK,2021,46000000
Volkswagen,AMAROK,V6 30TD 4X4 DC AT 258HP BLACK,2020,44200000
Volkswagen,AMAROK,V6 30TD 4X4 DC AT 258HP COMFORT,2024,44000000
Volkswagen,AMAROK,V6 30TD 4X4 DC AT 258HP COMFORT,2023,42000000
Volkswagen,AMAROK,V6 30TD 4X4 DC AT 258HP COMFORT,2022,40000000
Volkswagen,AMAROK,V6 30TD 4X4 DC AT 258HP COMFORT,2021,38500000
Volkswagen,AMAROK,V6 30TD 4X4 DC AT 258HP COMFORT,2020,37000000
Volkswagen,AMAROK,V6 30TD 4X4 DC AT 258HP EXTREME,2024,53000000
Volkswagen,AMAROK,V6 30TD 4X4 DC AT 258HP EXTREME,2023,50000000
Volkswagen,AMAROK,V6 30TD 4X4 DC AT 258HP EXTREME,2022,47500000
Volkswagen,AMAROK,V6 30TD 4X4 DC AT 258HP EXTREME,2021,45500000
Volkswagen,AMAROK,V6 30TD 4X4 DC AT 258HP EXTREME,2020,43700000
Volkswagen,AMAROK,V6 30TD 4X4 DC AT 258HP HIGHLI,2024,49000000
Volkswagen,AMAROK,V6 30TD 4X4 DC AT 258HP HIGHLI,2023,45500000
Volkswagen,AMAROK,V6 30TD 4X4 DC AT 258HP HIGHLI,2022,42500000
Volkswagen,AMAROK,V6 30TD 4X4 DC AT 258HP HIGHLI,2021,40500000
Volkswagen,AMAROK,V6 30TD 4X4 DC AT 258HP HIGHLI,2020,38700000
Volkswagen,AMAROK,V6 30TD 4X4 DC AT BLACK L/24,2026,93431000
Volkswagen,AMAROK,V6 30TD 4X4 DC AT BLACK L/24,2025,60000000
Volkswagen,AMAROK,V6 30TD 4X4 DC AT BLACK L/24,2024,57000000
Volkswagen,AMAROK,V6 30TD 4X4 DC AT COMFORT. L/24,2026,73302000
Volkswagen,AMAROK,V6 30TD 4X4 DC AT COMFORT. L/24,2025,48500000
Volkswagen,AMAROK,V6 30TD 4X4 DC AT COMFORT. L/24,2024,46500000
Volkswagen,AMAROK,V6 30TD 4X4 DC AT EXTREME L/24,2026,92428000
Volkswagen,AMAROK,V6 30TD 4X4 DC AT EXTREME L/24,2025,59000000
Volkswagen,AMAROK,V6 30TD 4X4 DC AT EXTREME L/24,2024,56000000
Volkswagen,AMAROK,V6 30TD 4X4 DC AT HERO L/24,2026,92428000
Volkswagen,AMAROK,V6 30TD 4X4 DC AT HERO L/24,2025,59500000
Volkswagen,AMAROK,V6 30TD 4X4 DC AT HERO L/24,2024,56500000
Volkswagen,AMAROK,V6 30TD 4X4 DC AT HIGHLINE L/24,2026,86398000
Volkswagen,AMAROK,V6 30TD 4X4 DC AT HIGHLINE L/24,2025,54500000
Volkswagen,AMAROK,V6 30TD 4X4 DC AT HIGHLINE L/24,2024,52500000
Volkswagen,BORA,1.8 T. HIGHLINE,2007,11600000
Volkswagen,BORA,1.8 T. HIGHLINE CUERO,2007,11700000
Volkswagen,BORA,1.8 T. HIGHLINE CUERO TIP.,2007,11800000
Volkswagen,BORA,1.8 T. HIGHLINE L/07,2014,16000000
Volkswagen,BORA,1.8 T. HIGHLINE L/07,2013,15600000
Volkswagen,BORA,1.8 T. HIGHLINE L/07,2012,15200000
Volkswagen,BORA,1.8 T. HIGHLINE L/07,2011,14900000
Volkswagen,BORA,1.8 T. HIGHLINE L/07,2010,14600000
Volkswagen,BORA,1.8 T. HIGHLINE L/07,2009,14300000
Volkswagen,BORA,1.8 T. HIGHLINE L/07,2008,14000000
Volkswagen,BORA,1.8 T. HIGHLINE L/07,2007,13700000
Volkswagen,BORA,1.8 T. HIGHLINE L/07 CU,2014,16100000
Volkswagen,BORA,1.8 T. HIGHLINE L/07 CU,2013,15700000
Volkswagen,BORA,1.8 T. HIGHLINE L/07 CU,2012,15300000
Volkswagen,BORA,1.8 T. HIGHLINE L/07 CU,2011,15000000
Volkswagen,BORA,1.8 T. HIGHLINE L/07 CU,2010,14700000
Volkswagen,BORA,1.8 T. HIGHLINE L/07 CU,2009,14400000
Volkswagen,BORA,1.8 T. HIGHLINE L/07 CU,2008,14100000
Volkswagen,BORA,1.8 T. HIGHLINE L/07 CU,2007,13800000
Volkswagen,BORA,1.8 T. HIGHLINE L/07 CU TIP.,2014,16200000
Volkswagen,BORA,1.8 T. HIGHLINE L/07 CU TIP.,2013,15800000
Volkswagen,BORA,1.8 T. HIGHLINE L/07 CU TIP.,2012,15400000
Volkswagen,BORA,1.8 T. HIGHLINE L/07 CU TIP.,2011,15100000
Volkswagen,BORA,1.8 T. HIGHLINE L/07 CU TIP.,2010,14800000
Volkswagen,BORA,1.8 T. HIGHLINE L/07 CU TIP.,2009,14500000
Volkswagen,BORA,1.8 T. HIGHLINE L/07 CU TIP.,2008,14200000
Volkswagen,BORA,1.8 T. HIGHLINE L/07 CU TIP.,2007,13900000
Volkswagen,BORA,1.9 TDI TRENDLINE,2007,10450000
Volkswagen,BORA,1.9 TDI TRENDLINE L/07,2014,14200000
Volkswagen,BORA,1.9 TDI TRENDLINE L/07,2013,13900000
Volkswagen,BORA,1.9 TDI TRENDLINE L/07,2012,13600000
Volkswagen,BORA,1.9 TDI TRENDLINE L/07,2011,13300000
Volkswagen,BORA,1.9 TDI TRENDLINE L/07,2010,13000000
Volkswagen,BORA,1.9 TDI TRENDLINE L/07,2009,12800000
Volkswagen,BORA,1.9 TDI TRENDLINE L/07,2008,12600000
Volkswagen,BORA,1.9 TDI TRENDLINE L/07,2007,12400000
Volkswagen,BORA,2.0 MPI TRENDLINE,2007,10400000
Volkswagen,BORA,2.0 MPI TRENDLINE AUT,2007,10450000
Volkswagen,BORA,2.0 MPI TRENDLINE L/07,2014,13800000
Volkswagen,BORA,2.0 MPI TRENDLINE L/07,2013,13500000
Volkswagen,BORA,2.0 MPI TRENDLINE L/07,2012,13200000
Volkswagen,BORA,2.0 MPI TRENDLINE L/07,2011,12900000
Volkswagen,BORA,2.0 MPI TRENDLINE L/07,2010,12600000
Volkswagen,BORA,2.0 MPI TRENDLINE L/07,2009,12400000
Volkswagen,BORA,2.0 MPI TRENDLINE L/07,2008,12200000
Volkswagen,BORA,2.0 MPI TRENDLINE L/07,2007,12000000
Volkswagen,BORA,2.0 MPI TRENDLINE L/07 TIPT.,2014,13900000
Volkswagen,BORA,2.0 MPI TRENDLINE L/07 TIPT.,2013,13600000
Volkswagen,BORA,2.0 MPI TRENDLINE L/07 TIPT.,2012,13300000
Volkswagen,BORA,2.0 MPI TRENDLINE L/07 TIPT.,2011,13000000
Volkswagen,BORA,2.0 MPI TRENDLINE L/07 TIPT.,2010,12700000
Volkswagen,BORA,2.0 MPI TRENDLINE L/07 TIPT.,2009,12500000
Volkswagen,BORA,2.0 MPI TRENDLINE L/07 TIPT.,2008,12300000
Volkswagen,BORA,2.0 MPI TRENDLINE L/07 TIPT.,2007,12100000
Volkswagen,BORA,2.0 TDI TRENDLINE,2013,13950000
Volkswagen,CADDY,1.6 MI,2009,6700000
Volkswagen,CADDY,1.6 MI,2008,6400000
Volkswagen,CADDY,1.6 MI,2007,6100000
Volkswagen,CADDY,1.6 MI AA,2009,6750000
Volkswagen,CADDY,1.6 MI AA,2008,6450000
Volkswagen,CADDY,1.6 MI AA,2007,6150000
Volkswagen,CADDY,1.6 MI C/GNC,2008,6450000
Volkswagen,CADDY,1.6 MI C/GNC,2007,6150000
Volkswagen,CADDY,1.6 MI C/GNC AA,2008,6500000
Volkswagen,CADDY,1.6 MI C/GNC AA,2007,6200000
Volkswagen,CADDY,1.9 SD,2009,6750000
Volkswagen,CADDY,1.9 SD,2008,6450000
Volkswagen,CADDY,1.9 SD,2007,6150000
Volkswagen,CADDY,1.9 SD AA,2009,6800000
Volkswagen,CADDY,1.9 SD AA,2008,6500000
Volkswagen,CADDY,1.9 SD AA,2007,6200000
Volkswagen,FOX,1.6 3 P. COMFORTLINE,2008,9070000
Volkswagen,FOX,1.6 3 P. COMFORTLINE,2007,8920000
Volkswagen,FOX,1.6 3 P. COMFORTLINE FA,2010,9500000
Volkswagen,FOX,1.6 3 P. COMFORTLINE FA,2009,9300000
Volkswagen,FOX,1.6 3 P. COMFORTLINE FA,2008,9120000
Volkswagen,FOX,1.6 3 P. COMFORTLINE FA,2007,8970000
Volkswagen,FOX,1.6 3 P. COMFORTLINE L/10,2014,11900000
Volkswagen,FOX,1.6 3 P. COMFORTLINE L/10,2013,11500000
Volkswagen,FOX,1.6 3 P. COMFORTLINE L/10,2012,11100000
Volkswagen,FOX,1.6 3 P. COMFORTLINE L/10,2011,10800000
Volkswagen,FOX,1.6 3 P. COMFORTLINE L/10,2010,10500000
Volkswagen,FOX,1.6 3 P. COMFORTLINE L/10 PACK,2014,12100000
Volkswagen,FOX,1.6 3 P. COMFORTLINE L/10 PACK,2013,11700000
Volkswagen,FOX,1.6 3 P. COMFORTLINE L/10 PACK,2012,11300000
Volkswagen,FOX,1.6 3 P. COMFORTLINE L/10 PACK,2011,11000000
Volkswagen,FOX,1.6 3 P. COMFORTLINE L/10 PACK,2010,10700000
Volkswagen,FOX,1.6 3 P. HIGHLINE L/10,2014,12800000
Volkswagen,FOX,1.6 3 P. HIGHLINE L/10,2013,12400000
Volkswagen,FOX,1.6 3 P. HIGHLINE L/10,2012,12000000
Volkswagen,FOX,1.6 3 P. HIGHLINE L/10,2011,11700000
Volkswagen,FOX,1.6 3 P. HIGHLINE L/10,2010,11400000
Volkswagen,FOX,1.6 3 P. ROUTE,2010,10400000
Volkswagen,FOX,1.6 3 P. ROUTE,2009,10200000
Volkswagen,FOX,1.6 3 P. ROUTE,2008,10000000
Volkswagen,FOX,1.6 3 P. ROUTE,2007,9800000
Volkswagen,FOX,1.6 3 P. SPORTLINE,2010,10500000
Volkswagen,FOX,1.6 3 P. SPORTLINE,2009,10300000
Volkswagen,FOX,1.6 3 P. SPORTLINE,2008,10100000
Volkswagen,FOX,1.6 3 P. SPORTLINE,2007,9900000
Volkswagen,FOX,1.6 3 P. TRENDLINE,2008,9300000
Volkswagen,FOX,1.6 3 P. TRENDLINE,2007,9200000
Volkswagen,FOX,1.6 3 P. TRENDLINE L/10,2014,12500000
Volkswagen,FOX,1.6 3 P. TRENDLINE L/10,2013,12100000
Volkswagen,FOX,1.6 3 P. TRENDLINE L/10,2012,11700000
Volkswagen,FOX,1.6 3 P. TRENDLINE L/10,2011,11400000
Volkswagen,FOX,1.6 3 P. TRENDLINE L/10,2010,11100000
Volkswagen,FOX,1.6 3 P. TRENDLINE FA,2010,9750000
Volkswagen,FOX,1.6 3 P. TRENDLINE FA,2009,9550000
Volkswagen,FOX,1.6 3 P. TRENDLINE FA,2008,9350000
Volkswagen,FOX,1.6 3 P. TRENDLINE FA,2007,9250000
Volkswagen,FOX,1.6 5 P. COMFORTLINE,2008,9120000
Volkswagen,FOX,1.6 5 P. COMFORTLINE,2007,8970000
Volkswagen,FOX,1.6 5 P. COMFORTLINE FA,2010,9550000
Volkswagen,FOX,1.6 5 P. COMFORTLINE FA,2009,9350000
Volkswagen,FOX,1.6 5 P. COMFORTLINE FA,2008,9170000
Volkswagen,FOX,1.6 5 P. COMFORTLINE FA,2007,9020000
Volkswagen,FOX,1.6 5 P. COMFORTLINE L/10,2014,12000000
Volkswagen,FOX,1.6 5 P. COMFORTLINE L/10,2013,11600000
Volkswagen,FOX,1.6 5 P. COMFORTLINE L/10,2012,11200000
Volkswagen,FOX,1.6 5 P. COMFORTLINE L/10,2011,10900000
Volkswagen,FOX,1.6 5 P. COMFORTLINE L/10,2010,10600000
Volkswagen,FOX,1.6 5 P. COMFORTLINE L/10 PACK,2014,12200000
Volkswagen,FOX,1.6 5 P. COMFORTLINE L/10 PACK,2013,11800000
Volkswagen,FOX,1.6 5 P. COMFORTLINE L/10 PACK,2012,11400000
Volkswagen,FOX,1.6 5 P. COMFORTLINE L/10 PACK,2011,11100000
Volkswagen,FOX,1.6 5 P. COMFORTLINE L/10 PACK,2010,10800000
Volkswagen,FOX,1.6 5 P. COMFORTLINE L/15,2016,13600000
Volkswagen,FOX,1.6 5 P. COMFORTLINE L/15,2015,12900000
Volkswagen,FOX,1.6 5 P. COMFORTLINE L/17,2020,17800000
Volkswagen,FOX,1.6 5 P. COMFORTLINE L/17,2019,17000000
Volkswagen,FOX,1.6 5 P. COMFORTLINE L/17,2018,16200000
Volkswagen,FOX,1.6 5 P. COMFORTLINE L/17,2017,15500000
Volkswagen,FOX,1.6 5 P. CONNECT L/18,2020,18800000
Volkswagen,FOX,1.6 5 P. CONNECT L/18,2019,18000000
Volkswagen,FOX,1.6 5 P. CONNECT L/18,2018,17200000
Volkswagen,FOX,1.6 5 P. HIGHLINE,2010,10050000
Volkswagen,FOX,1.6 5 P. HIGHLINE,2009,9850000
Volkswagen,FOX,1.6 5 P. HIGHLINE L/10,2014,12900000
Volkswagen,FOX,1.6 5 P. HIGHLINE L/10,2013,12500000
Volkswagen,FOX,1.6 5 P. HIGHLINE L/10,2012,12100000
Volkswagen,FOX,1.6 5 P. HIGHLINE L/10,2011,11800000
Volkswagen,FOX,1.6 5 P. HIGHLINE L/10,2010,11500000
Volkswagen,FOX,1.6 5 P. HIGHLINE L/10 I MOT,2014,13000000
Volkswagen,FOX,1.6 5 P. HIGHLINE L/10 I MOT,2013,12600000
Volkswagen,FOX,1.6 5 P. HIGHLINE L/10 I MOT,2012,12200000
Volkswagen,FOX,1.6 5 P. HIGHLINE L/10 I MOT,2011,11900000
Volkswagen,FOX,1.6 5 P. HIGHLINE L/10 I MOT,2010,11600000
Volkswagen,FOX,1.6 5 P. HIGHLINE L/15,2017,15800000
Volkswagen,FOX,1.6 5 P. HIGHLINE L/15,2016,15100000
Volkswagen,FOX,1.6 5 P. HIGHLINE L/15,2015,14200000
Volkswagen,FOX,1.6 5 P. HIGHLINE L/15 I MOT,2016,15300000
Volkswagen,FOX,1.6 5 P. HIGHLINE L/15 I MOT,2015,14600000
Volkswagen,FOX,1.6 5 P. HIGHLINE L/17,2018,17100000
Volkswagen,FOX,1.6 5 P. HIGHLINE L/17,2017,16300000
Volkswagen,FOX,1.6 5 P. HIGHLINE L/17 I MOT,2018,17300000
Volkswagen,FOX,1.6 5 P. HIGHLINE L/17 I MOT,2017,16500000
Volkswagen,FOX,1.6 5 P. PACK,2009,9400000
Volkswagen,FOX,1.6 5 P. PACK,2008,9220000
Volkswagen,FOX,1.6 5 P. PEPPER,2017,16300000
Volkswagen,FOX,1.6 5 P. PEPPER,2016,15600000
Volkswagen,FOX,1.6 5 P. ROUTE,2009,10250000
Volkswagen,FOX,1.6 5 P. ROUTE,2008,10050000
Volkswagen,FOX,1.6 5 P. ROUTE,2007,9850000
Volkswagen,FOX,1.6 5 P. TRACK,2020,18000000
Volkswagen,FOX,1.6 5 P. TRACK,2019,17200000
Volkswagen,FOX,1.6 5 P. TRACK,2018,16400000
Volkswagen,FOX,1.6 5 P. TRACK,2017,15700000
Volkswagen,FOX,1.6 5 P. TRACK,2016,15000000
Volkswagen,FOX,1.6 5 P. TRENDLINE,2008,9350000
Volkswagen,FOX,1.6 5 P. TRENDLINE,2007,9250000
Volkswagen,FOX,1.6 5 P. TRENDLINE FA,2010,9850000
Volkswagen,FOX,1.6 5 P. TRENDLINE FA,2009,9600000
Volkswagen,FOX,1.6 5 P. TRENDLINE FA,2008,9400000
Volkswagen,FOX,1.6 5 P. TRENDLINE FA,2007,9300000
Volkswagen,FOX,1.6 5 P. TRENDLINE L/10,2014,12600000
Volkswagen,FOX,1.6 5 P. TRENDLINE L/10,2013,12200000
Volkswagen,FOX,1.6 5 P. TRENDLINE L/10,2012,11800000
Volkswagen,FOX,1.6 5 P. TRENDLINE L/10,2011,11500000
Volkswagen,FOX,1.6 5 P. TRENDLINE L/10,2010,11200000
Volkswagen,FOX,1.6 5 P. TRENDLINE L/10 I MOT,2012,11900000
Volkswagen,FOX,1.6 5 P. TRENDLINE L/10 I MOT,2011,11600000
Volkswagen,FOX,1.6 5 P. TRENDLINE L/10 I MOT,2010,11300000
Volkswagen,FOX,1.6 5 P. TRENDLINE L/15,2016,13900000
Volkswagen,FOX,1.6 5 P. TRENDLINE L/15,2015,13200000
Volkswagen,FOX,1.6 5 P. TRENDLINE L/17,2020,18300000
Volkswagen,FOX,1.6 5 P. TRENDLINE L/17,2019,17500000
Volkswagen,FOX,1.6 5 P. TRENDLINE L/17,2018,16700000
Volkswagen,FOX,1.6 5 P. TRENDLINE L/17,2017,16000000
Volkswagen,FOX,1.9 SDI 5 P. COMFORTLINE,2010,9570000
Volkswagen,FOX,1.9 SDI 5 P. COMFORTLINE,2009,9370000
Volkswagen,FOX,1.9 SDI 5 P. COMFORTLINE,2008,9190000
Volkswagen,FOX,1.9 SDI 5 P. TRENDLINE,2010,9820000
Volkswagen,FOX,1.9 SDI 5 P. TRENDLINE,2009,9620000
Volkswagen,FOX,1.9 SDI 5 P. TRENDLINE,2008,9420000
Volkswagen,FOX,CROSSFOX 1.6 COMFORTLINE,2008,9600000
Volkswagen,FOX,CROSSFOX 1.6 COMFORTLINE,2007,9450000
Volkswagen,FOX,CROSSFOX 1.6 COMFORTLINE FA,2010,10050000
Volkswagen,FOX,CROSSFOX 1.6 COMFORTLINE FA,2009,9850000
Volkswagen,FOX,CROSSFOX 1.6 COMFORTLINE FA,2008,9650000
Volkswagen,FOX,CROSSFOX 1.6 COMFORTLINE FA,2007,9500000
Volkswagen,FOX,CROSSFOX 1.6 COMFORTLINE L/10,2015,13100000
Volkswagen,FOX,CROSSFOX 1.6 COMFORTLINE L/10,2014,12700000
Volkswagen,FOX,CROSSFOX 1.6 COMFORTLINE L/10,2013,12300000
Volkswagen,FOX,CROSSFOX 1.6 COMFORTLINE L/10,2012,11900000
Volkswagen,FOX,CROSSFOX 1.6 COMFORTLINE L/10,2011,11600000
Volkswagen,FOX,CROSSFOX 1.6 COMFORTLINE L/10,2010,11300000
Volkswagen,FOX,CROSSFOX 1.6 HIGHLINE L/10,2015,13800000
Volkswagen,FOX,CROSSFOX 1.6 HIGHLINE L/10,2014,13400000
Volkswagen,FOX,CROSSFOX 1.6 HIGHLINE L/10,2013,13000000
Volkswagen,FOX,CROSSFOX 1.6 HIGHLINE L/10,2012,12600000
Volkswagen,FOX,CROSSFOX 1.6 HIGHLINE L/10,2011,12300000
Volkswagen,FOX,CROSSFOX 1.6 HIGHLINE L/10,2010,12000000
Volkswagen,FOX,CROSSFOX 1.6 HIGHLINE L/10 CU,2015,13900000
Volkswagen,FOX,CROSSFOX 1.6 HIGHLINE L/10 CU,2014,13500000
Volkswagen,FOX,CROSSFOX 1.6 HIGHLINE L/10 CU,2013,13100000
Volkswagen,FOX,CROSSFOX 1.6 HIGHLINE L/10 CU,2012,12700000
Volkswagen,FOX,CROSSFOX 1.6 HIGHLINE L/10 CU,2011,12400000
Volkswagen,FOX,CROSSFOX 1.6 HIGHLINE L/10 CU,2010,12100000
Volkswagen,FOX,CROSSFOX 1.6 HIGHLINE L/15,2018,18000000
Volkswagen,FOX,CROSSFOX 1.6 HIGHLINE L/15,2017,17200000
Volkswagen,FOX,CROSSFOX 1.6 HIGHLINE L/15,2016,16400000
Volkswagen,FOX,CROSSFOX 1.6 HIGHLINE L/15,2015,15600000
Volkswagen,FOX,CROSSFOX 1.6 PACK,2009,9900000
Volkswagen,FOX,CROSSFOX 1.6 PACK,2008,9700000
Volkswagen,FOX,CROSSFOX 1.6 TRENDLINE,2008,9900000
Volkswagen,FOX,CROSSFOX 1.6 TRENDLINE,2007,9750000
Volkswagen,FOX,CROSSFOX 1.6 TRENDLINE CU,2008,10000000
Volkswagen,FOX,CROSSFOX 1.6 TRENDLINE CU,2007,9650000
Volkswagen,FOX,CROSSFOX 1.6 TRENDLINE FA,2010,10200000
Volkswagen,FOX,CROSSFOX 1.6 TRENDLINE FA,2009,10150000
Volkswagen,FOX,CROSSFOX 1.6 TRENDLINE FA,2008,10000000
Volkswagen,FOX,CROSSFOX 1.6 TRENDLINE FA,2007,9850000
Volkswagen,FOX,CROSSFOX 1.6 TRENDLINE FA CU,2010,10300000
Volkswagen,FOX,CROSSFOX 1.6 TRENDLINE FA CU,2009,10250000
Volkswagen,FOX,CROSSFOX 1.6 TRENDLINE FA CU,2008,10100000
Volkswagen,FOX,CROSSFOX 1.6 TRENDLINE FA CU,2007,9950000
Volkswagen,FOX,CROSSFOX 1.6 TRENDLINE L/10,2015,13500000
Volkswagen,FOX,CROSSFOX 1.6 TRENDLINE L/10,2014,13100000
Volkswagen,FOX,CROSSFOX 1.6 TRENDLINE L/10,2013,12700000
Volkswagen,FOX,CROSSFOX 1.6 TRENDLINE L/10,2012,12300000
Volkswagen,FOX,CROSSFOX 1.6 TRENDLINE L/10,2011,12000000
Volkswagen,FOX,CROSSFOX 1.6 TRENDLINE L/10,2010,11700000
Volkswagen,FOX,CROSSFOX 1.6 TRENDLINE L/10 CU,2012,12400000
Volkswagen,FOX,CROSSFOX 1.6 TRENDLINE L/10 CU,2011,12100000
Volkswagen,FOX,CROSSFOX 1.6 TRENDLINE L/10 CU,2010,11800000
Volkswagen,GOL,1.4 3 P POWER,2015,10350000
Volkswagen,GOL,1.4 3 P POWER,2014,9850000
Volkswagen,GOL,1.4 3 P POWER,2013,9350000
Volkswagen,GOL,1.4 3 P POWER,2012,8850000
Volkswagen,GOL,1.4 3 P POWER,2011,8450000
Volkswagen,GOL,1.4 3 P POWER PLUS,2015,10500000
Volkswagen,GOL,1.4 3 P POWER PLUS,2014,10000000
Volkswagen,GOL,1.4 3 P POWER PLUS,2013,9500000
Volkswagen,GOL,1.4 3 P POWER PLUS,2012,9000000
Volkswagen,GOL,1.4 3 P POWER PLUS,2011,8600000
Volkswagen,GOL,1.4 5 P POWER,2015,10450000
Volkswagen,GOL,1.4 5 P POWER,2014,9950000
Volkswagen,GOL,1.4 5 P POWER,2013,9450000
Volkswagen,GOL,1.4 5 P POWER,2012,8950000
Volkswagen,GOL,1.4 5 P POWER,2011,8550000
Volkswagen,GOL,1.4 5 P POWER PLUS,2015,10600000
Volkswagen,GOL,1.4 5 P POWER PLUS,2014,10100000
Volkswagen,GOL,1.4 5 P POWER PLUS,2013,9600000
Volkswagen,GOL,1.4 5 P POWER PLUS,2012,9100000
Volkswagen,GOL,1.4 5 P POWER PLUS,2011,8700000
Volkswagen,GOL,1.6 3 P FORMAT,2009,6950000
Volkswagen,GOL,1.6 3 P POWER LN,2008,6920000
Volkswagen,GOL,1.6 3 P POWER LN,2007,6770000
Volkswagen,GOL,1.6 3 P POWER LN AA DH,2008,6970000
Volkswagen,GOL,1.6 3 P POWER LN AA DH,2007,6820000
Volkswagen,GOL,1.6 3 P POWER PLUS,2011,7500000
Volkswagen,GOL,1.6 3 P POWER PLUS,2010,7300000
Volkswagen,GOL,1.6 3 P POWER PLUS,2009,7100000
Volkswagen,GOL,1.6 3 P POWER PLUS,2008,6930000
Volkswagen,GOL,1.6 3 P POWER PLUS,2007,6780000
Volkswagen,GOL,1.6 3 P POWER PLUS AA,2011,7550000
Volkswagen,GOL,1.6 3 P POWER PLUS AA,2010,7350000
Volkswagen,GOL,1.6 3 P POWER PLUS AA,2009,7150000
Volkswagen,GOL,1.6 3 P POWER PLUS AA,2008,6980000
Volkswagen,GOL,1.6 3 P POWER PLUS AA,2007,6830000
Volkswagen,GOL,1.6 3 P COMFORTLINE LN,2008,7030000
Volkswagen,GOL,1.6 3 P COMFORTLINE LN,2007,6880000
Volkswagen,GOL,1.6 3 P COMFORTLINE LN AB,2010,7450000
Volkswagen,GOL,1.6 3 P COMFORTLINE LN AB,2009,7250000
Volkswagen,GOL,1.6 3 P COMFORTLINE LN AB,2008,7080000
Volkswagen,GOL,1.6 3 P COMFORTLINE LN AB,2007,6930000
Volkswagen,GOL,1.6 3 P TRENDLINE LN,2008,7330000
Volkswagen,GOL,1.6 3 P TRENDLINE LN,2007,7180000
Volkswagen,GOL,1.6 3 P TRENDLINE LN AB,2008,7380000
Volkswagen,GOL,1.6 3 P TRENDLINE LN AB,2007,7230000
Volkswagen,GOL,1.6 3 P TRENDLINE LN PLUS,2010,7850000
Volkswagen,GOL,1.6 3 P TRENDLINE LN PLUS,2009,7650000
Volkswagen,GOL,1.6 3 P TRENDLINE LN PLUS,2008,7480000
Volkswagen,GOL,1.6 3 P TRENDLINE LN PLUS,2007,7330000
Volkswagen,GOL,1.6 3 P LOOK,2010,7950000
Volkswagen,GOL,1.6 3 P LOOK,2009,7750000
Volkswagen,GOL,1.6 3 P LOOK,2008,7580000
Volkswagen,GOL,1.6 3 P LOOK,2007,7430000
Volkswagen,GOL,1.6 5 P POWER LN,2008,6970000
Volkswagen,GOL,1.6 5 P POWER LN,2007,6820000
Volkswagen,GOL,1.6 5 P POWER LN AA DH,2008,7020000
Volkswagen,GOL,1.6 5 P POWER LN AA DH,2007,6870000
Volkswagen,GOL,1.6 5 P POWER PLUS,2011,7650000
Volkswagen,GOL,1.6 5 P POWER PLUS,2010,7350000
Volkswagen,GOL,1.6 5 P POWER PLUS,2009,7150000
Volkswagen,GOL,1.6 5 P POWER PLUS,2008,6980000
Volkswagen,GOL,1.6 5 P POWER PLUS,2007,6830000
Volkswagen,GOL,1.6 5 P POWER PLUS AA,2011,7700000
Volkswagen,GOL,1.6 5 P POWER PLUS AA,2010,7400000
Volkswagen,GOL,1.6 5 P POWER PLUS AA,2009,7200000
Volkswagen,GOL,1.6 5 P POWER PLUS AA,2008,7030000
Volkswagen,GOL,1.6 5 P POWER PLUS AA,2007,6880000
Volkswagen,GOL,1.6 5 P COMFORTLINE LN,2008,7080000
Volkswagen,GOL,1.6 5 P COMFORTLINE LN,2007,6930000
Volkswagen,GOL,1.6 5 P COMFORTLINE LN AB,2010,7500000
Volkswagen,GOL,1.6 5 P COMFORTLINE LN AB,2009,7300000
Volkswagen,GOL,1.6 5 P COMFORTLINE LN AB,2008,7130000
Volkswagen,GOL,1.6 5 P COMFORTLINE LN AB,2007,6980000
Volkswagen,GOL,1.6 5 P TRENDLINE LN,2008,7380000
Volkswagen,GOL,1.6 5 P TRENDLINE LN,2007,7230000
Volkswagen,GOL,1.6 5 P TRENDLINE LN AB,2008,7430000
Volkswagen,GOL,1.6 5 P TRENDLINE LN AB,2007,7280000
Volkswagen,GOL,1.6 5 P TRENDLINE LN PLUS,2010,7900000
Volkswagen,GOL,1.6 5 P TRENDLINE LN PLUS,2009,7700000
Volkswagen,GOL,1.6 5 P TRENDLINE LN PLUS,2008,7530000
Volkswagen,GOL,1.6 5 P TRENDLINE LN PLUS,2007,7380000
Volkswagen,GOL,1.6 5 P LOOK,2010,8030000
Volkswagen,GOL,1.6 5 P LOOK,2009,7830000
Volkswagen,GOL,1.6 5 P LOOK,2008,7640000
Volkswagen,GOL,1.6 5 P LOOK,2007,7470000
Volkswagen,GOL,1.9 3 P D COMFORTLINE LN,2008,7050000
Volkswagen,GOL,1.9 3 P D COMFORTLINE LN,2007,6900000
Volkswagen,GOL,1.9 3 P D COMFORTLINE LN AB,2010,7470000
Volkswagen,GOL,1.9 3 P D COMFORTLINE LN AB,2009,7270000
Volkswagen,GOL,1.9 3 P D COMFORTLINE LN AB,2008,7100000
Volkswagen,GOL,1.9 3 P D COMFORTLINE LN AB,2007,6950000
Volkswagen,GOL,1.9 3 P D COMFORTLINE PLUS,2009,7320000
Volkswagen,GOL,1.9 3 P D COMFORTLINE PLUS,2008,7150000
Volkswagen,GOL,1.9 3 P D COMFORTLINE PLUS,2007,7000000
Volkswagen,GOL,1.9 3 P D FORMAT LN,2008,6850000
Volkswagen,GOL,1.9 3 P D FORMAT LN,2007,6750000
Volkswagen,GOL,1.9 3 P D POWER PLUS,2010,7360000
Volkswagen,GOL,1.9 3 P D POWER PLUS,2009,7160000
Volkswagen,GOL,1.9 3 P D POWER PLUS,2008,6970000
Volkswagen,GOL,1.9 3 P D POWER PLUS,2007,6800000
Volkswagen,GOL,1.9 3 P D POWER PLUS AA,2010,7410000
Volkswagen,GOL,1.9 3 P D POWER PLUS AA,2009,7210000
Volkswagen,GOL,1.9 3 P D POWER PLUS AA,2008,7020000
Volkswagen,GOL,1.9 3 P D POWER PLUS AA,2007,6850000
Volkswagen,GOL,1.9 3 P D TRENDLINE LN,2008,7350000
Volkswagen,GOL,1.9 3 P D TRENDLINE LN,2007,7200000
Volkswagen,GOL,1.9 3 P D TRENDLINE LN AB,2008,7400000
Volkswagen,GOL,1.9 3 P D TRENDLINE LN AB,2007,7250000
Volkswagen,GOL,1.9 3 P D TRENDLINE LN PLUS,2010,7900000
Volkswagen,GOL,1.9 3 P D TRENDLINE LN PLUS,2009,7700000
Volkswagen,GOL,1.9 3 P D TRENDLINE LN PLUS,2008,7530000
Volkswagen,GOL,1.9 3 P D TRENDLINE LN PLUS,2007,7380000
Volkswagen,GOL,1.9 5 P D COMFORTLINE LN,2008,7100000
Volkswagen,GOL,1.9 5 P D COMFORTLINE LN,2007,6950000
Volkswagen,GOL,1.9 5 P D COMFORTLINE LN AB,2010,7520000
Volkswagen,GOL,1.9 5 P D COMFORTLINE LN AB,2009,7320000
Volkswagen,GOL,1.9 5 P D COMFORTLINE LN AB,2008,7150000
Volkswagen,GOL,1.9 5 P D COMFORTLINE LN AB,2007,7000000
Volkswagen,GOL,1.9 5 P D COMFORTLINE PLUS,2009,7370000
Volkswagen,GOL,1.9 5 P D COMFORTLINE PLUS,2008,7200000
Volkswagen,GOL,1.9 5 P D COMFORTLINE PLUS,2007,7050000
Volkswagen,GOL,1.9 5 P D FORMAT LN,2008,6900000
Volkswagen,GOL,1.9 5 P D FORMAT LN,2007,6800000
Volkswagen,GOL,1.9 5 P D POWER PLUS,2010,7410000
Volkswagen,GOL,1.9 5 P D POWER PLUS,2009,7210000
Volkswagen,GOL,1.9 5 P D POWER PLUS,2008,7020000
Volkswagen,GOL,1.9 5 P D POWER PLUS,2007,6850000
Volkswagen,GOL,1.9 5 P D POWER PLUS AA,2010,7460000
Volkswagen,GOL,1.9 5 P D POWER PLUS AA,2009,7260000
Volkswagen,GOL,1.9 5 P D POWER PLUS AA,2008,7070000
Volkswagen,GOL,1.9 5 P D POWER PLUS AA,2007,6900000
Volkswagen,GOL,1.9 5 P D TRENDLINE LN,2008,7430000
Volkswagen,GOL,1.9 5 P D TRENDLINE LN,2007,7280000
Volkswagen,GOL,1.9 5 P D TRENDLINE LN AB,2008,7480000
Volkswagen,GOL,1.9 5 P D TRENDLINE LN AB,2007,7330000
Volkswagen,GOL,1.9 5 P D TRENDLINE LN PLUS,2010,7950000
Volkswagen,GOL,1.9 5 P D TRENDLINE LN PLUS,2009,7750000
Volkswagen,GOL,1.9 5 P D TRENDLINE LN PLUS,2008,7580000
Volkswagen,GOL,1.9 5 P D TRENDLINE LN PLUS,2007,7430000
Volkswagen,GOL,TREND 1.6 3 P L/13,2017,12950000
Volkswagen,GOL,TREND 1.6 3 P L/13,2016,12450000
Volkswagen,GOL,TREND 1.6 3 P L/13,2015,11950000
Volkswagen,GOL,TREND 1.6 3 P L/13,2014,11450000
Volkswagen,GOL,TREND 1.6 3 P L/13,2013,11050000
Volkswagen,GOL,TREND 1.6 3 P L/13 HIGHLINE,2016,13450000
Volkswagen,GOL,TREND 1.6 3 P L/13 HIGHLINE,2015,12950000
Volkswagen,GOL,TREND 1.6 3 P L/13 HIGHLINE,2014,12450000
Volkswagen,GOL,TREND 1.6 3 P L/13 HIGHLINE,2013,12050000
Volkswagen,GOL,TREND 1.6 3 P L/13 PACK 1,2015,12150000
Volkswagen,GOL,TREND 1.6 3 P L/13 PACK 1,2014,11650000
Volkswagen,GOL,TREND 1.6 3 P L/13 PACK 1,2013,11250000
Volkswagen,GOL,TREND 1.6 3 P L/13 PACK 2,2015,12250000
Volkswagen,GOL,TREND 1.6 3 P L/13 PACK 2,2014,11750000
Volkswagen,GOL,TREND 1.6 3 P L/13 PACK 2,2013,11350000
Volkswagen,GOL,TREND 1.6 3 P L/13 PACK 3,2015,12450000
Volkswagen,GOL,TREND 1.6 3 P L/13 PACK 3,2014,11950000
Volkswagen,GOL,TREND 1.6 3 P L/13 PACK 3,2013,11550000
Volkswagen,GOL,TREND 1.6 3 P L/13 STARTLINE,2016,12750000
Volkswagen,GOL,TREND 1.6 3 P L/13 STARTLINE,2015,12250000
Volkswagen,GOL,TREND 1.6 3 P L/13 TRENDLINE,2016,12950000
Volkswagen,GOL,TREND 1.6 3 P L/13 TRENDLINE,2015,12450000
Volkswagen,GOL,TREND 1.6 3 P L/13 TRENDLINE,2014,11950000
Volkswagen,GOL,TREND 1.6 3 P L/13 TRENDLINE,2013,11550000
Volkswagen,GOL,TREND 1.6 3 P L/17,2020,16150000
Volkswagen,GOL,TREND 1.6 3 P L/17,2019,15350000
Volkswagen,GOL,TREND 1.6 3 P L/17,2018,14650000
Volkswagen,GOL,TREND 1.6 3 P L/17,2017,14050000
Volkswagen,GOL,TREND 1.6 3 P L/17,2016,13450000
Volkswagen,GOL,TREND 1.6 3 P L/17 TRENDLINE,2020,16550000
Volkswagen,GOL,TREND 1.6 3 P L/17 TRENDLINE,2019,15750000
Volkswagen,GOL,TREND 1.6 3 P L/17 TRENDLINE,2018,15050000
Volkswagen,GOL,TREND 1.6 3 P L/17 TRENDLINE,2017,14450000
Volkswagen,GOL,TREND 1.6 3 P L/17 TRENDLINE,2016,13850000
Volkswagen,GOL,TREND 1.6 5 P,2012,10550000
Volkswagen,GOL,TREND 1.6 5 P,2011,10150000
Volkswagen,GOL,TREND 1.6 5 P,2010,9850000
Volkswagen,GOL,TREND 1.6 5 P,2009,9550000
Volkswagen,GOL,TREND 1.6 5 P,2008,9350000
Volkswagen,GOL,TREND 1.6 5 P PK 1,2012,10650000
Volkswagen,GOL,TREND 1.6 5 P PK 1,2011,10250000
Volkswagen,GOL,TREND 1.6 5 P PK 1,2010,9950000
Volkswagen,GOL,TREND 1.6 5 P PK 1,2009,9650000
Volkswagen,GOL,TREND 1.6 5 P PK 1,2008,9450000
Volkswagen,GOL,TREND 1.6 5 P PK 1 PL.,2012,10800000
Volkswagen,GOL,TREND 1.6 5 P PK 1 PL.,2011,10400000
Volkswagen,GOL,TREND 1.6 5 P PK 1 PL.,2010,10100000
Volkswagen,GOL,TREND 1.6 5 P PK 1 PL.,2009,9800000
Volkswagen,GOL,TREND 1.6 5 P PK 1 PL.I MOTION,2012,10900000
Volkswagen,GOL,TREND 1.6 5 P PK 1 PL.I MOTION,2011,10500000
Volkswagen,GOL,TREND 1.6 5 P PK 1 PL.I MOTION,2010,10200000
Volkswagen,GOL,TREND 1.6 5 P PK 2,2010,10250000
Volkswagen,GOL,TREND 1.6 5 P PK 2,2009,9950000
Volkswagen,GOL,TREND 1.6 5 P PK 2,2008,9750000
Volkswagen,GOL,TREND 1.6 5 P PK 3,2012,11050000
Volkswagen,GOL,TREND 1.6 5 P PK 3,2011,10650000
Volkswagen,GOL,TREND 1.6 5 P PK 3,2010,10350000
Volkswagen,GOL,TREND 1.6 5 P PK 3,2009,10050000
Volkswagen,GOL,TREND 1.6 5 P PK 3,2008,9850000
Volkswagen,GOL,TREND 1.6 5 P PK 3 I MOTION,2012,11150000
Volkswagen,GOL,TREND 1.6 5 P PK 3 I MOTION,2011,10750000
Volkswagen,GOL,TREND 1.6 5 P PK 3 I MOTION,2010,10450000
Volkswagen,GOL,TREND 1.6 5 P CUP,2015,12450000
Volkswagen,GOL,TREND 1.6 5 P CUP,2014,11950000
Volkswagen,GOL,TREND 1.6 5 P L/13,2016,12650000
Volkswagen,GOL,TREND 1.6 5 P L/13,2015,12150000
Volkswagen,GOL,TREND 1.6 5 P L/13,2014,11650000
Volkswagen,GOL,TREND 1.6 5 P L/13,2013,11250000
Volkswagen,GOL,TREND 1.6 5 P L/13,2012,10850000
Volkswagen,GOL,TREND 1.6 5 P L/13 PK 1,2015,12350000
Volkswagen,GOL,TREND 1.6 5 P L/13 PK 1,2014,11850000
Volkswagen,GOL,TREND 1.6 5 P L/13 PK 1,2013,11450000
Volkswagen,GOL,TREND 1.6 5 P L/13 PK 1,2012,11050000
Volkswagen,GOL,TREND 1.6 5 P L/13 PK 2,2015,12450000
Volkswagen,GOL,TREND 1.6 5 P L/13 PK 2,2014,11950000
Volkswagen,GOL,TREND 1.6 5 P L/13 PK 2,2013,11550000
Volkswagen,GOL,TREND 1.6 5 P L/13 PK 2,2012,11150000
Volkswagen,GOL,TREND 1.6 5 P L/13 PK 3,2015,12650000
Volkswagen,GOL,TREND 1.6 5 P L/13 PK 3,2014,12150000
Volkswagen,GOL,TREND 1.6 5 P L/13 PK 3,2013,11750000
Volkswagen,GOL,TREND 1.6 5 P L/13 PK 3,2012,11350000
Volkswagen,GOL,TREND 1.6 5 P L/13 PK 3 I MOT.,2015,12750000
Volkswagen,GOL,TREND 1.6 5 P L/13 PK 3 I MOT.,2014,12250000
Volkswagen,GOL,TREND 1.6 5 P L/13 PK 3 I MOT.,2013,11850000
Volkswagen,GOL,TREND 1.6 5 P L/13 PK 3 I MOT.,2012,11450000
Volkswagen,GOL,TREND 1.6 5 P L/13 TRENDLINE,2016,13150000
Volkswagen,GOL,TREND 1.6 5 P L/13 TRENDLINE,2015,12650000
Volkswagen,GOL,TREND 1.6 5 P L/13 TRENDLINE,2014,12150000
Volkswagen,GOL,TREND 1.6 5 P L/13 HIGHLINE,2016,13650000
Volkswagen,GOL,TREND 1.6 5 P L/13 HIGHLINE,2015,13150000
Volkswagen,GOL,TREND 1.6 5 P L/13 HIGHLINE,2014,12650000
Volkswagen,GOL,TREND 1.6 5 P L/13 HIG IMOTION,2016,13750000
Volkswagen,GOL,TREND 1.6 5 P L/13 HIG IMOTION,2015,13250000
Volkswagen,GOL,TREND 1.6 5 P L/13 HIG IMOTION,2014,12750000
Volkswagen,GOL,TREND 1.6 5 P STARTLINE,2016,12950000
Volkswagen,GOL,TREND 1.6 5 P STARTLINE,2015,12450000
Volkswagen,GOL,TREND 1.6 5 P SPORTLINE,2016,13750000
Volkswagen,GOL,TREND 1.6 5 P SPORTLINE,2015,13250000
Volkswagen,GOL,TREND 1.6 5 P L/17,2020,16250000
Volkswagen,GOL,TREND 1.6 5 P L/17,2019,15450000
Volkswagen,GOL,TREND 1.6 5 P L/17,2018,14750000
Volkswagen,GOL,TREND 1.6 5 P L/17,2017,14150000
Volkswagen,GOL,TREND 1.6 5 P L/17,2016,13550000
Volkswagen,GOL,TREND 1.6 5 P L/17 COMFORT,2020,16850000
Volkswagen,GOL,TREND 1.6 5 P L/17 COMFORT,2019,16050000
Volkswagen,GOL,TREND 1.6 5 P L/17 COMFORT,2018,15350000
Volkswagen,GOL,TREND 1.6 5 P L/17 COMFORT,2017,14750000
Volkswagen,GOL,TREND 1.6 5 P L/17 CONNECT,2020,16950000
Volkswagen,GOL,TREND 1.6 5 P L/17 CONNECT,2019,16150000
Volkswagen,GOL,TREND 1.6 5 P L/17 CONNECT,2018,15450000
Volkswagen,GOL,TREND 1.6 5 P L/17 CONNECT,2017,14850000
Volkswagen,GOL,TREND 1.6 5 P L/17 CONNECT,2016,14250000
Volkswagen,GOL,TREND 1.6 5 P L/17 HIGHLINE,2020,16950000
Volkswagen,GOL,TREND 1.6 5 P L/17 HIGHLINE,2019,16150000
Volkswagen,GOL,TREND 1.6 5 P L/17 HIGHLINE,2018,15450000
Volkswagen,GOL,TREND 1.6 5 P L/17 HIGHLINE,2017,14850000
Volkswagen,GOL,TREND 1.6 5 P L/17 HIGHLINE,2016,14250000
Volkswagen,GOL,TREND 1.6 5 P L/17 HIGHLINE I MOTION,2017,15050000
Volkswagen,GOL,TREND 1.6 5 P L/17 HIGHLINE I MOTION,2016,14450000
Volkswagen,GOL,TREND 1.6 5 P L/17 SPORTLINE,2020,17050000
Volkswagen,GOL,TREND 1.6 5 P L/17 SPORTLINE,2019,16250000
Volkswagen,GOL,TREND 1.6 5 P L/17 SPORTLINE,2018,15550000
Volkswagen,GOL,TREND 1.6 5 P L/17 SPORTLINE,2017,14950000
Volkswagen,GOL,TREND 1.6 5 P L/17 SPORTLINE,2016,14350000
Volkswagen,GOL,TREND 1.6 5 P L/17 TRENDLINE,2020,16650000
Volkswagen,GOL,TREND 1.6 5 P L/17 TRENDLINE,2019,15850000
Volkswagen,GOL,TREND 1.6 5 P L/17 TRENDLINE,2018,15150000
Volkswagen,GOL,TREND 1.6 5 P L/17 TRENDLINE,2017,14550000
Volkswagen,GOL,TREND 1.6 5 P L/17 TRENDLINE,2016,13950000
Volkswagen,GOL,TREND 1.6 5 P L/19 COMFORTLINE,2021,18950000
Volkswagen,GOL,TREND 1.6 5 P L/19 COMFORTLINE,2020,18350000
Volkswagen,GOL,TREND 1.6 5 P L/19 COMFORTLINE,2019,17750000
Volkswagen,GOL,TREND 1.6 5 P L/19 COMFORTLINE AT,2021,19150000
Volkswagen,GOL,TREND 1.6 5 P L/19 COMFORTLINE AT,2020,18550000
Volkswagen,GOL,TREND 1.6 5 P L/19 COMFORTLINE AT,2019,17950000
Volkswagen,GOL,TREND 1.6 5 P L/19 TRENDLINE,2022,19350000
Volkswagen,GOL,TREND 1.6 5 P L/19 TRENDLINE,2021,18750000
Volkswagen,GOL,TREND 1.6 5 P L/19 TRENDLINE,2020,18150000
Volkswagen,GOL,TREND 1.6 5 P L/19 TRENDLINE,2019,17550000
Volkswagen,GOL,TREND 1.6 5 P L/19 TRENDLINE TIP,2022,19550000
Volkswagen,GOL,TREND 1.6 5 P L/19 TRENDLINE TIP,2021,18950000
Volkswagen,GOL,TREND 1.6 5 P L/19 TRENDLINE TIP,2020,18350000
Volkswagen,GOL,COUNTRY 1.4 POWER,2013,9600000
Volkswagen,GOL,COUNTRY 1.4 POWER,2012,9100000
Volkswagen,GOL,COUNTRY 1.4 POWER AA,2013,9650000
Volkswagen,GOL,COUNTRY 1.4 POWER AA,2012,9150000
Volkswagen,GOL,COUNTRY 1.4 POWER AA,2011,8750000
Volkswagen,GOL,COUNTRY 1.6 COMFORTLINE LN,2008,7100000
Volkswagen,GOL,COUNTRY 1.6 COMFORTLINE LN,2007,6950000
Volkswagen,GOL,COUNTRY 1.6 COMFORTLINE LN AB,2010,7520000
Volkswagen,GOL,COUNTRY 1.6 COMFORTLINE LN AB,2009,7320000
Volkswagen,GOL,COUNTRY 1.6 COMFORTLINE LN AB,2008,7150000
Volkswagen,GOL,COUNTRY 1.6 COMFORTLINE LN AB,2007,7000000
Volkswagen,GOL,COUNTRY 1.6 COMFORTLINE PLUS,2008,7200000
Volkswagen,GOL,COUNTRY 1.6 COMFORTLINE PLUS,2007,7050000
Volkswagen,GOL,COUNTRY 1.6 COMPANY,2007,6980000
Volkswagen,GOL,COUNTRY 1.6 FORMAT LN,2008,6900000
Volkswagen,GOL,COUNTRY 1.6 FORMAT LN,2007,6800000
Volkswagen,GOL,COUNTRY 1.6 POWER LN,2010,7410000
Volkswagen,GOL,COUNTRY 1.6 POWER LN,2009,7210000
Volkswagen,GOL,COUNTRY 1.6 POWER LN,2008,7010000
Volkswagen,GOL,COUNTRY 1.6 POWER LN,2007,6850000
Volkswagen,GOL,COUNTRY 1.6 POWER LN AA,2011,7660000
Volkswagen,GOL,COUNTRY 1.6 POWER LN AA,2010,7460000
Volkswagen,GOL,COUNTRY 1.6 POWER LN AA,2009,7260000
Volkswagen,GOL,COUNTRY 1.6 POWER LN AA,2008,7060000
Volkswagen,GOL,COUNTRY 1.6 POWER LN AA,2007,6900000
Volkswagen,GOL,COUNTRY 1.6 TRENDLINE LN,2008,7400000
Volkswagen,GOL,COUNTRY 1.6 TRENDLINE LN,2007,7250000
Volkswagen,GOL,COUNTRY 1.6 TRENDLINE LN AB,2008,7450000
Volkswagen,GOL,COUNTRY 1.6 TRENDLINE LN AB,2007,7300000
Volkswagen,GOL,COUNTRY 1.6 TRENDLINE LN PLUS,2010,7920000
Volkswagen,GOL,COUNTRY 1.6 TRENDLINE LN PLUS,2009,7720000
Volkswagen,GOL,COUNTRY 1.6 TRENDLINE LN PLUS,2008,7550000
Volkswagen,GOL,COUNTRY 1.6 TRENDLINE LN PLUS,2007,7400000
Volkswagen,GOL,COUNTRY 1.9 D COMPANY,2007,7020000
Volkswagen,GOL,COUNTRY 1.9 D FORMAT LN,2008,6920000
Volkswagen,GOL,COUNTRY 1.9 D FORMAT LN,2007,6820000
Volkswagen,GOL,COUNTRY 1.9 D POWER PLUS,2010,7430000
Volkswagen,GOL,COUNTRY 1.9 D POWER PLUS,2009,7230000
Volkswagen,GOL,COUNTRY 1.9 D POWER PLUS,2008,7030000
Volkswagen,GOL,COUNTRY 1.9 D POWER PLUS,2007,6870000
Volkswagen,GOL,COUNTRY 1.9 D POWER PLUS AA,2010,7480000
Volkswagen,GOL,COUNTRY 1.9 D POWER PLUS AA,2009,7280000
Volkswagen,GOL,COUNTRY 1.9 D POWER PLUS AA,2008,7080000
Volkswagen,GOL,COUNTRY 1.9 D POWER PLUS AA,2007,6920000
Volkswagen,GOL,COUNTRY 1.9 D COMFORTLINE,2008,7120000
Volkswagen,GOL,COUNTRY 1.9 D COMFORTLINE,2007,6970000
Volkswagen,GOL,COUNTRY 1.9 D COMFORTLINE AB,2010,7540000
Volkswagen,GOL,COUNTRY 1.9 D COMFORTLINE AB,2009,7340000
Volkswagen,GOL,COUNTRY 1.9 D COMFORTLINE AB,2008,7170000
Volkswagen,GOL,COUNTRY 1.9 D COMFORTLINE AB,2007,7020000
Volkswagen,GOL,COUNTRY 1.9 D COMFORTLINE PLU,2010,7590000
Volkswagen,GOL,COUNTRY 1.9 D COMFORTLINE PLU,2009,7390000
Volkswagen,GOL,COUNTRY 1.9 D COMFORTLINE PLU,2008,7220000
Volkswagen,GOL,COUNTRY 1.9 D COMFORTLINE PLU,2007,7070000
Volkswagen,GOL,COUNTRY 1.9 D TRENDLINE LN,2008,7420000
Volkswagen,GOL,COUNTRY 1.9 D TRENDLINE LN,2007,7270000
Volkswagen,GOL,COUNTRY 1.9 D TRENDLINE LN AB,2008,7470000
Volkswagen,GOL,COUNTRY 1.9 D TRENDLINE LN AB,2007,7320000
Volkswagen,GOL,COUNTRY 1.9 D TRENDLINE LN PL,2010,7940000
Volkswagen,GOL,COUNTRY 1.9 D TRENDLINE LN PL,2009,7740000
Volkswagen,GOL,COUNTRY 1.9 D TRENDLINE LN PL,2008,7570000
Volkswagen,GOL,COUNTRY 1.9 D TRENDLINE LN PL,2007,7420000
Volkswagen,GOLF,1.6 ADVANCE,2012,11000000
Volkswagen,GOLF,1.6 ADVANCE,2011,10700000
Volkswagen,GOLF,1.6 ADVANCE,2010,10400000
Volkswagen,GOLF,1.6 ADVANCE,2009,10200000
Volkswagen,GOLF,1.6 ADVANCE,2008,10000000
Volkswagen,GOLF,1.6 ADVANCE,2007,9900000
Volkswagen,GOLF,1.6 COMFORTLINE,2008,9970000
Volkswagen,GOLF,1.6 COMFORTLINE,2007,9870000
Volkswagen,GOLF,1.6 CONCEPTLINE,2012,10900000
Volkswagen,GOLF,1.6 CONCEPTLINE,2011,10600000
Volkswagen,GOLF,1.6 CONCEPTLINE,2010,10300000
Volkswagen,GOLF,1.6 CONCEPTLINE,2009,10100000
Volkswagen,GOLF,1.6 CONCEPTLINE,2008,9900000
Volkswagen,GOLF,1.6 CONCEPTLINE,2007,9800000
Volkswagen,GOLF,1.6 FORMAT,2010,10250000
Volkswagen,GOLF,1.6 FORMAT,2009,10050000
Volkswagen,GOLF,1.6 FORMAT,2008,9850000
Volkswagen,GOLF,1.6 FORMAT,2007,9750000
Volkswagen,GOLF,1.8T GTI 180 HP,2007,15100000
Volkswagen,GOLF,1.8T GTI 180 HP HIGHLINE TIP,2007,15150000
Volkswagen,GOLF,1.8T GTI 180 HP HIGHLINE CU,2007,15150000
Volkswagen,GOLF,1.8T GTI 180 HP HIGHLINE CU T,2007,15200000
Volkswagen,GOLF,1.8T GTI 180 HP L/07,2011,19000000
Volkswagen,GOLF,1.8T GTI 180 HP L/07,2010,18200000
Volkswagen,GOLF,1.8T GTI 180 HP L/07,2009,17400000
Volkswagen,GOLF,1.8T GTI 180 HP L/07,2008,16700000
Volkswagen,GOLF,1.8T GTI 180 HP L/07,2007,16000000
Volkswagen,GOLF,1.8T GTI 180 HP L/07 TIP.,2011,19100000
Volkswagen,GOLF,1.8T GTI 180 HP L/07 TIP.,2010,18300000
Volkswagen,GOLF,1.8T GTI 180 HP L/07 TIP.,2009,17500000
Volkswagen,GOLF,1.8T GTI 180 HP L/07 TIP.,2008,16800000
Volkswagen,GOLF,1.8T GTI 180 HP L/07 TIP.,2007,16100000
Volkswagen,GOLF,1.9 TDI ADVANCE,2011,10720000
Volkswagen,GOLF,1.9 TDI ADVANCE,2010,10420000
Volkswagen,GOLF,1.9 TDI ADVANCE,2009,10220000
Volkswagen,GOLF,1.9 TDI ADVANCE,2008,10020000
Volkswagen,GOLF,1.9 TDI ADVANCE,2007,9920000
Volkswagen,GOLF,1.9 TDI COMFORTLINE,2007,9830000
Volkswagen,GOLF,2.0 ADVANCE,2012,11150000
Volkswagen,GOLF,2.0 ADVANCE,2011,10850000
Volkswagen,GOLF,2.0 ADVANCE TIPTRONIC,2012,11250000
Volkswagen,GOLF,2.0 ADVANCE TIPTRONIC,2011,10950000
Volkswagen,GOLF,2.0 CONCEPTLINE,2012,11000000
Volkswagen,GOLF,2.0 CONCEPTLINE,2011,10700000
Volkswagen,GOLF,2.0 HIGHLINE,2007,9910000
Volkswagen,GOLF,2.0 HIGHLINE AUT,2007,9960000
Volkswagen,GOLF,2.0 HIGHLINE L/07,2012,11600000
Volkswagen,GOLF,2.0 HIGHLINE L/07,2011,11300000
Volkswagen,GOLF,2.0 HIGHLINE L/07,2010,11000000
Volkswagen,GOLF,2.0 HIGHLINE L/07,2009,10800000
Volkswagen,GOLF,2.0 HIGHLINE L/07,2008,10600000
Volkswagen,GOLF,2.0 HIGHLINE L/07,2007,10400000
Volkswagen,GOLF,2.0 HIGHLINE L/07 TIPTRONIC,2012,11700000
Volkswagen,GOLF,2.0 HIGHLINE L/07 TIPTRONIC,2011,11400000
Volkswagen,GOLF,2.0 HIGHLINE L/07 TIPTRONIC,2010,11100000
Volkswagen,GOLF,2.0 HIGHLINE L/07 TIPTRONIC,2009,10900000
Volkswagen,GOLF,2.0 HIGHLINE L/07 TIPTRONIC,2008,10700000
Volkswagen,GOLF,2.0 HIGHLINE L/07 TIPTRONIC,2007,10500000
Volkswagen,GOLF,2.0T GTI TSI,2013,29000000
Volkswagen,GOLF,2.0T GTI TSI,2012,28000000
Volkswagen,GOLF,2.0T GTI TSI,2011,27000000
Volkswagen,GOLF,2.0T GTI TSI DSG,2013,29500000
Volkswagen,GOLF,2.0T GTI TSI DSG,2012,28500000
Volkswagen,GOLF,2.0T GTI TSI DSG,2011,27500000
Volkswagen,GOLF,VII 1.4 TSI 250 HIGHLINE DSG,2022,36700000
Volkswagen,GOLF,VII 1.4 TSI 250 HIGHLINE DSG,2021,34700000
Volkswagen,GOLF,VII 1.4 TSI 250 HIGHLINE DSG,2020,32700000
Volkswagen,GOLF,VII 1.4 TSI BLU.TEC.COMFORTLINE,2020,29000000
Volkswagen,GOLF,VII 1.4 TSI BLU.TEC.COMFORTLINE,2019,26500000
Volkswagen,GOLF,VII 1.4 TSI BLU.TEC.COMFORTLINE,2018,24500000
Volkswagen,GOLF,VII 1.4 TSI BLU.TEC.COMFORTLINE,2017,22500000
Volkswagen,GOLF,VII 1.4 TSI BLU.TEC.COMFORTLINE,2016,21000000
Volkswagen,GOLF,VII 1.4 TSI BLU.TEC.COMFORTLINE,2015,19800000
Volkswagen,GOLF,VII 1.4 TSI BLU.TEC.COMFORTLINE DSG,2020,29300000
Volkswagen,GOLF,VII 1.4 TSI BLU.TEC.COMFORTLINE DSG,2019,26800000
Volkswagen,GOLF,VII 1.4 TSI BLU.TEC.COMFORTLINE DSG,2018,24800000
Volkswagen,GOLF,VII 1.4 TSI BLU.TEC.COMFORTLINE DSG,2017,22800000
Volkswagen,GOLF,VII 1.4 TSI BLU.TEC.COMFORTLINE DSG,2016,21300000
Volkswagen,GOLF,VII 1.4 TSI BLU.TEC.COMFORTLINE DSG,2015,20100000
Volkswagen,GOLF,VII 1.4 TSI BLU.TEC.HIGHLINE DSG,2020,30800000
Volkswagen,GOLF,VII 1.4 TSI BLU.TEC.HIGHLINE DSG,2019,28300000
Volkswagen,GOLF,VII 1.4 TSI BLU.TEC.HIGHLINE DSG,2018,26300000
Volkswagen,GOLF,VII 1.4 TSI BLU.TEC.HIGHLINE DSG,2017,24300000
Volkswagen,GOLF,VII 1.4 TSI BLU.TEC.HIGHLINE DSG,2016,22800000
Volkswagen,GOLF,VII 1.4 TSI BLU.TEC.HIGHLINE DSG,2015,21600000
Volkswagen,GOLF,VII 1.4 TSI VARIANT COMFOR,2020,29100000
Volkswagen,GOLF,VII 1.4 TSI VARIANT COMFOR,2019,26600000
Volkswagen,GOLF,VII 1.4 TSI VARIANT COMFOR,2018,24600000
Volkswagen,GOLF,VII 1.4 TSI VARIANT COMFOR,2017,22600000
Volkswagen,GOLF,VII 1.4 TSI VARIANT COMFOR,2016,21100000
Volkswagen,GOLF,VII 1.4 TSI VARIANT COMFOR,2015,19900000
Volkswagen,GOLF,VII 1.4 TSI VARIANT COMFOR DSG,2020,29400000
Volkswagen,GOLF,VII 1.4 TSI VARIANT COMFOR DSG,2019,26900000
Volkswagen,GOLF,VII 1.4 TSI VARIANT COMFOR DSG,2018,24900000
Volkswagen,GOLF,VII 1.4 TSI VARIANT COMFOR DSG,2017,22900000
Volkswagen,GOLF,VII 1.4 TSI VARIANT COMFOR DSG,2016,21400000
Volkswagen,GOLF,VII 1.4 TSI VARIANT COMFOR DSG,2015,20200000
Volkswagen,GOLF,VII 1.4 TSI VARIANT HIGHL DSG,2020,30900000
Volkswagen,GOLF,VII 1.4 TSI VARIANT HIGHL DSG,2019,28400000
Volkswagen,GOLF,VII 1.4 TSI VARIANT HIGHL DSG,2018,26400000
Volkswagen,GOLF,VII 1.4 TSI VARIANT HIGHL DSG,2017,24400000
Volkswagen,GOLF,VII 1.4 TSI VARIANT HIGHL DSG,2016,22900000
Volkswagen,GOLF,VII 1.4 TSI VARIANT HIGHL DSG,2015,21700000
Volkswagen,GOLF,VII 1.6 FSI TRENDLINE,2020,26700000
Volkswagen,GOLF,VII 1.6 FSI TRENDLINE,2019,24700000
Volkswagen,GOLF,VII 1.6 FSI TRENDLINE,2018,23700000
Volkswagen,GOLF,VII 1.6 FSI TRENDLINE,2017,22200000
Volkswagen,GOLF,VII 1.6 FSI TRENDLINE,2016,20700000
Volkswagen,GOLF,VII 1.6 FSI TRENDLINE,2015,19500000
Volkswagen,GOLF,VII 1.6 FSI VARIANT TRENDLINE,2020,26800000
Volkswagen,GOLF,VII 1.6 FSI VARIANT TRENDLINE,2019,24800000
Volkswagen,GOLF,VII 1.6 FSI VARIANT TRENDLINE,2018,23800000
Volkswagen,GOLF,VII 1.6 FSI VARIANT TRENDLINE,2017,22300000
Volkswagen,GOLF,VII 1.6 FSI VARIANT TRENDLINE,2016,20800000
Volkswagen,GOLF,VII 1.6 FSI VARIANT TRENDLINE DSG,2019,25100000
Volkswagen,GOLF,VII 1.6 FSI VARIANT TRENDLINE DSG,2018,24100000
Volkswagen,GOLF,VII 1.6 FSI VARIANT TRENDLINE DSG,2017,22600000
Volkswagen,GOLF,VII 1.6 FSI VARIANT TRENDLINE DSG,2016,21100000
Volkswagen,GOLF,VII 2.0 GTI,2022,52000000
Volkswagen,GOLF,VII 2.0 GTI,2021,48000000
Volkswagen,GOLF,VII 2.0 GTI,2020,44000000
Volkswagen,GOLF,VII 2.0 GTI,2019,41000000
Volkswagen,GOLF,VII 2.0 GTI,2018,39000000
Volkswagen,GOLF,VII 2.0 GTI,2017,37000000
Volkswagen,GOLF,VII 2.0 GTI,2016,35000000
Volkswagen,MULTIVAN,1.9 TDI COMFORTLINE,2010,34800000
Volkswagen,MULTIVAN,1.9 TDI COMFORTLINE,2009,34300000
Volkswagen,MULTIVAN,1.9 TDI COMFORTLINE,2008,33800000
Volkswagen,MULTIVAN,2.5 TDI HIGHLINE,2010,35300000
Volkswagen,MULTIVAN,2.5 TDI HIGHLINE,2009,34800000
Volkswagen,MULTIVAN,2.5 TDI HIGHLINE,2008,34300000
Volkswagen,NEW BEETLE,1.8 T SPORT,2012,16400000
Volkswagen,NEW BEETLE,1.8 T SPORT,2011,15900000
Volkswagen,NEW BEETLE,1.8 T SPORT,2010,15400000
Volkswagen,NEW BEETLE,1.8 T SPORT TIPTRONIC,2012,16500000
Volkswagen,NEW BEETLE,1.8 T SPORT TIPTRONIC,2011,16000000
Volkswagen,NEW BEETLE,1.8 T SPORT TIPTRONIC,2010,15500000
Volkswagen,NEW BEETLE,2.0 ADVANCE,2012,13700000
Volkswagen,NEW BEETLE,2.0 ADVANCE,2011,13200000
Volkswagen,NEW BEETLE,2.0 ADVANCE,2010,12800000
Volkswagen,NEW BEETLE,2.0 ADVANCE,2009,12400000
Volkswagen,NEW BEETLE,2.0 ADVANCE,2008,12100000
Volkswagen,NEW BEETLE,2.0 ADVANCE,2007,11900000
Volkswagen,NEW BEETLE,2.0 ADVANCE TIPTRONIC,2012,13800000
Volkswagen,NEW BEETLE,2.0 ADVANCE TIPTRONIC,2011,13300000
Volkswagen,NEW BEETLE,2.0 ADVANCE TIPTRONIC,2010,12900000
Volkswagen,NEW BEETLE,2.0 ADVANCE TIPTRONIC,2009,12500000
Volkswagen,NEW BEETLE,2.0 ADVANCE TIPTRONIC,2008,12200000
Volkswagen,NEW BEETLE,2.0 ADVANCE TIPTRONIC,2007,12000000
Volkswagen,NEW BEETLE,2.0 LUXURY,2012,13900000
Volkswagen,NEW BEETLE,2.0 LUXURY,2011,13400000
Volkswagen,NEW BEETLE,2.0 LUXURY,2010,13000000
Volkswagen,NEW BEETLE,2.0 LUXURY,2009,12600000
Volkswagen,NEW BEETLE,2.0 LUXURY,2008,12300000
Volkswagen,NEW BEETLE,2.0 LUXURY,2007,12100000
Volkswagen,NEW BEETLE,2.0 LUXURY TIPTRONIC,2012,14000000
Volkswagen,NEW BEETLE,2.0 LUXURY TIPTRONIC,2011,13500000
Volkswagen,NEW BEETLE,2.0 LUXURY TIPTRONIC,2010,13100000
Volkswagen,NEW BEETLE,2.0 LUXURY TIPTRONIC,2009,12700000
Volkswagen,NEW BEETLE,2.0 LUXURY TIPTRONIC,2008,12400000
Volkswagen,NEW BEETLE,2.0 LUXURY TIPTRONIC,2007,12200000
Volkswagen,NEW BEETLE,2.5 SPORT,2010,15200000
Volkswagen,NEW BEETLE,2.5 SPORT,2009,14800000
Volkswagen,NEW BEETLE,2.5 SPORT,2008,14500000
Volkswagen,NEW BEETLE,2.5 SPORT,2007,14300000
Volkswagen,NEW BEETLE,2.5 SPORT TIPTRONIC,2010,15300000
Volkswagen,NEW BEETLE,2.5 SPORT TIPTRONIC,2009,14900000
Volkswagen,NEW BEETLE,2.5 SPORT TIPTRONIC,2008,14600000
Volkswagen,NEW BEETLE,2.5 SPORT TIPTRONIC,2007,14400000
Volkswagen,NEW BEETLE,CABRIO 1.8 T SPORT,2012,21200000
Volkswagen,NEW BEETLE,CABRIO 1.8 T SPORT,2011,20700000
Volkswagen,NEW BEETLE,CABRIO 1.8 T SPORT,2010,20200000
Volkswagen,NEW BEETLE,CABRIO 2.5 SPORT,2010,22700000
Volkswagen,NEW BEETLE,CABRIO 2.5 SPORT,2009,22200000
Volkswagen,NEW BEETLE,CABRIO 2.5 SPORT,2008,21800000
Volkswagen,NEW BEETLE,CABRIO 2.5 SPORT,2007,21400000
Volkswagen,NEW BEETLE,CABRIO 2.5 SPORT TIP.,2010,22800000
Volkswagen,NEW BEETLE,CABRIO 2.5 SPORT TIP.,2009,22300000
Volkswagen,NEW BEETLE,CABRIO 2.5 SPORT TIP.,2008,21900000
Volkswagen,NEW BEETLE,CABRIO 2.5 SPORT TIP.,2007,21500000
Volkswagen,NIVUS,170 TSI MT,2025,26800000
Volkswagen,NIVUS,170 TSI MT,2024,25300000
Volkswagen,NIVUS,170 TSI MT,2023,23900000
Volkswagen,NIVUS,170 TSI MT,2022,22600000
Volkswagen,NIVUS,170 TSI MT,2021,21400000
Volkswagen,NIVUS,200 TSI COMFORTLINE AT,2025,30500000
Volkswagen,NIVUS,200 TSI COMFORTLINE AT,2024,29000000
Volkswagen,NIVUS,200 TSI COMFORTLINE AT,2023,27600000
Volkswagen,NIVUS,200 TSI COMFORTLINE AT,2022,26300000
Volkswagen,NIVUS,200 TSI COMFORTLINE AT,2021,25100000
Volkswagen,NIVUS,200 TSI COMFORTLINE AT,2020,24100000
Volkswagen,NIVUS,200 TSI HIGHLINE AT,2025,33700000
Volkswagen,NIVUS,200 TSI HIGHLINE AT,2024,32200000
Volkswagen,NIVUS,200 TSI HIGHLINE AT,2023,31000000
Volkswagen,NIVUS,200 TSI HIGHLINE AT,2022,29800000
Volkswagen,NIVUS,200 TSI HIGHLINE AT,2021,28600000
Volkswagen,NIVUS,200 TSI HIGHLINE AT,2020,27400000
Volkswagen,NIVUS,200 TSI HIGHLINE AT HERO,2023,31300000
Volkswagen,NIVUS,200 TSI HIGHLINE AT HERO,2022,30100000
Volkswagen,NIVUS,200 TSI HIGHLINE AT HERO,2021,28900000
Volkswagen,NIVUS,200 TSI HIGHLINE AT HERO,2020,27700000
Volkswagen,NIVUS,170 TSI MT L/25,2026,44870000
Volkswagen,NIVUS,170 TSI MT L/25,2025,28200000
Volkswagen,NIVUS,170 TSI MT SENSE,2026,34287000
Volkswagen,NIVUS,200 TSI COMFORTLINE AT L/25,2026,50391000
Volkswagen,NIVUS,200 TSI COMFORTLINE AT L/25,2025,31900000
Volkswagen,NIVUS,200 TSI HIGHLINE AT L/25,2026,54411000
Volkswagen,NIVUS,200 TSI HIGHLINE AT L/25,2025,35100000
Volkswagen,NIVUS,200 TSI OUTFIT AT L/25,2026,55661000
Volkswagen,NIVUS,200 TSI OUTFIT AT L/25,2025,35600000
Volkswagen,NIVUS,200 TSI TRENDLINE AT L/25,2026,47629000
Volkswagen,NIVUS,200 TSI TRENDLINE AT L/25,2025,29900000
Volkswagen,PASSAT,1.8 TSI COMFORT,2015,17500000
Volkswagen,PASSAT,1.8 TSI COMFORT,2014,16800000
Volkswagen,PASSAT,1.8 TSI COMFORT,2013,16200000
Volkswagen,PASSAT,1.8 TSI COMFORT,2012,15700000
Volkswagen,PASSAT,1.8 TSI COMFORT,2011,15200000
Volkswagen,PASSAT,1.8 TSI COMFORT DSG,2015,17800000
Volkswagen,PASSAT,1.8 TSI COMFORT DSG,2014,17100000
Volkswagen,PASSAT,1.8 TSI COMFORT DSG,2013,16500000
Volkswagen,PASSAT,1.8 TSI COMFORT DSG,2012,16000000
Volkswagen,PASSAT,1.8 TSI COMFORT DSG,2011,15500000
Volkswagen,PASSAT,2.0 FSI ADVANCE,2010,12350000
Volkswagen,PASSAT,2.0 FSI ADVANCE,2009,11950000
Volkswagen,PASSAT,2.0 FSI ADVANCE,2008,11550000
Volkswagen,PASSAT,2.0 FSI ADVANCE,2007,11250000
Volkswagen,PASSAT,2.0 FSI ADVANCE TIPTRONIC,2008,11650000
Volkswagen,PASSAT,2.0 FSI ADVANCE TIPTRONIC,2007,11350000
Volkswagen,PASSAT,2.0 FSI EXCLUSIVE,2010,13050000
Volkswagen,PASSAT,2.0 FSI EXCLUSIVE,2009,12650000
Volkswagen,PASSAT,2.0 FSI EXCLUSIVE,2008,12250000
Volkswagen,PASSAT,2.0 FSI EXCLUSIVE,2007,11950000
Volkswagen,PASSAT,2.0 FSI EXCLUSIVE TIPTRONIC,2008,12350000
Volkswagen,PASSAT,2.0 FSI EXCLUSIVE TIPTRONIC,2007,12050000
Volkswagen,PASSAT,2.0 FSI LUXURY,2010,12850000
Volkswagen,PASSAT,2.0 FSI LUXURY,2009,12450000
Volkswagen,PASSAT,2.0 FSI LUXURY,2008,12050000
Volkswagen,PASSAT,2.0 FSI LUXURY,2007,11750000
Volkswagen,PASSAT,2.0 FSI LUXURY TIPTRONIC,2008,12150000
Volkswagen,PASSAT,2.0 FSI LUXURY TIPTRONIC,2007,11850000
Volkswagen,PASSAT,2.0 FSI VARIA. ADVANCE,2011,12800000
Volkswagen,PASSAT,2.0 FSI VARIA. ADVANCE,2010,12400000
Volkswagen,PASSAT,2.0 FSI VARIA. ADVANCE,2009,12000000
Volkswagen,PASSAT,2.0 FSI VARIA. ADVANCE,2008,11600000
Volkswagen,PASSAT,2.0 FSI VARIA. ADVANCE,2007,11300000
Volkswagen,PASSAT,2.0 FSI VARIA. ADVANCE TIP,2008,11700000
Volkswagen,PASSAT,2.0 FSI VARIA. ADVANCE TIP,2007,11400000
Volkswagen,PASSAT,2.0 FSI VARIA. ELEGANCE,2011,13500000
Volkswagen,PASSAT,2.0 FSI VARIA. ELEGANCE,2010,13100000
Volkswagen,PASSAT,2.0 FSI VARIA. ELEGANCE,2009,12700000
Volkswagen,PASSAT,2.0 FSI VARIA. ELEGANCE,2008,12300000
Volkswagen,PASSAT,2.0 FSI VARIA. ELEGANCE,2007,12000000
Volkswagen,PASSAT,2.0 FSI VARIA. ELEGANCE TIP,2008,12400000
Volkswagen,PASSAT,2.0 FSI VARIA. ELEGANCE TIP,2007,12100000
Volkswagen,PASSAT,2.0 FSI VARIA. LUXURY,2008,12100000
Volkswagen,PASSAT,2.0 FSI VARIA. LUXURY,2007,11800000
Volkswagen,PASSAT,2.0 FSI VARIA. LUXURY TIP,2008,12200000
Volkswagen,PASSAT,2.0 FSI VARIA. LUXURY TIP,2007,11900000
Volkswagen,PASSAT,2.0 T FSI ADVANCE TIP,2010,12650000
Volkswagen,PASSAT,2.0 T FSI ADVANCE TIP,2009,12250000
Volkswagen,PASSAT,2.0 T FSI ADVANCE TIP,2008,11850000
Volkswagen,PASSAT,2.0 T FSI EXCLUSIVE TIP,2010,13350000
Volkswagen,PASSAT,2.0 T FSI EXCLUSIVE TIP,2009,12950000
Volkswagen,PASSAT,2.0 T FSI EXCLUSIVE TIP,2008,12550000
Volkswagen,PASSAT,2.0 T FSI LUXURY TIP,2010,13150000
Volkswagen,PASSAT,2.0 T FSI LUXURY TIP,2009,12750000
Volkswagen,PASSAT,2.0 T FSI LUXURY TIP,2008,12350000
Volkswagen,PASSAT,2.0 T FSI VARIA ADVANCE TIP,2011,13100000
Volkswagen,PASSAT,2.0 T FSI VARIA ADVANCE TIP,2010,12700000
Volkswagen,PASSAT,2.0 T FSI VARIA ADVANCE TIP,2009,12300000
Volkswagen,PASSAT,2.0 T FSI VARIA ADVANCE TIP,2008,11900000
Volkswagen,PASSAT,2.0 T FSI VARIA ELEGANC TIP,2011,13800000
Volkswagen,PASSAT,2.0 T FSI VARIA ELEGANC TIP,2010,13400000
Volkswagen,PASSAT,2.0 T FSI VARIA ELEGANC TIP,2009,13000000
Volkswagen,PASSAT,2.0 T FSI VARIA ELEGANC TIP,2008,12600000
Volkswagen,PASSAT,2.0 TDI ADVANCE,2011,12800000
Volkswagen,PASSAT,2.0 TDI ADVANCE,2010,12400000
Volkswagen,PASSAT,2.0 TDI ADVANCE,2009,12000000
Volkswagen,PASSAT,2.0 TDI ADVANCE,2008,11600000
Volkswagen,PASSAT,2.0 TDI ADVANCE,2007,11300000
Volkswagen,PASSAT,2.0 TDI ADVANCE DSG,2011,12900000
Volkswagen,PASSAT,2.0 TDI ADVANCE DSG,2010,12500000
Volkswagen,PASSAT,2.0 TDI ADVANCE DSG,2009,12100000
Volkswagen,PASSAT,2.0 TDI ADVANCE DSG,2008,11700000
Volkswagen,PASSAT,2.0 TDI ADVANCE DSG,2007,11400000
Volkswagen,PASSAT,2.0 TDI ADVANCE L/11,2016,18900000
Volkswagen,PASSAT,2.0 TDI ADVANCE L/11,2015,18200000
Volkswagen,PASSAT,2.0 TDI ADVANCE L/11,2014,17500000
Volkswagen,PASSAT,2.0 TDI ADVANCE L/11,2013,16800000
Volkswagen,PASSAT,2.0 TDI ADVANCE L/11,2012,16300000
Volkswagen,PASSAT,2.0 TDI ADVANCE L/11,2011,15800000
Volkswagen,PASSAT,2.0 TDI ADVANCE DSG L/11,2016,19200000
Volkswagen,PASSAT,2.0 TDI ADVANCE DSG L/11,2015,18500000
Volkswagen,PASSAT,2.0 TDI ADVANCE DSG L/11,2014,17800000
Volkswagen,PASSAT,2.0 TDI ADVANCE DSG L/11,2013,17100000
Volkswagen,PASSAT,2.0 TDI ADVANCE DSG L/11,2012,16600000
Volkswagen,PASSAT,2.0 TDI ADVANCE DSG L/11,2011,16100000
Volkswagen,PASSAT,2.0 TDI ADVANCE 4MOTION,2010,12650000
Volkswagen,PASSAT,2.0 TDI ADVANCE 4MOTION,2009,12250000
Volkswagen,PASSAT,2.0 TDI ADVANCE 4MOTION,2008,11850000
Volkswagen,PASSAT,2.0 TDI ADVANCE 4MOTION,2007,11550000
Volkswagen,PASSAT,2.0 TDI EXCLUSIVE,2011,13500000
Volkswagen,PASSAT,2.0 TDI EXCLUSIVE,2010,13100000
Volkswagen,PASSAT,2.0 TDI EXCLUSIVE,2009,12700000
Volkswagen,PASSAT,2.0 TDI EXCLUSIVE,2008,12300000
Volkswagen,PASSAT,2.0 TDI EXCLUSIVE,2007,12000000
Volkswagen,PASSAT,2.0 TDI EXCLUSIVE 4MOTION,2010,13350000
Volkswagen,PASSAT,2.0 TDI EXCLUSIVE 4MOTION,2009,12950000
Volkswagen,PASSAT,2.0 TDI EXCLUSIVE 4MOTION,2008,12550000
Volkswagen,PASSAT,2.0 TDI EXCLUSIVE 4MOTION,2007,12250000
Volkswagen,PASSAT,2.0 TDI EXCLUSIVE DSG,2011,13600000
Volkswagen,PASSAT,2.0 TDI EXCLUSIVE DSG,2010,13200000
Volkswagen,PASSAT,2.0 TDI EXCLUSIVE DSG,2009,12800000
Volkswagen,PASSAT,2.0 TDI EXCLUSIVE DSG,2008,12400000
Volkswagen,PASSAT,2.0 TDI EXCLUSIVE DSG,2007,12100000
Volkswagen,PASSAT,2.0 TDI LUXURY,2011,13300000
Volkswagen,PASSAT,2.0 TDI LUXURY,2010,12900000
Volkswagen,PASSAT,2.0 TDI LUXURY,2009,12500000
Volkswagen,PASSAT,2.0 TDI LUXURY,2008,12100000
Volkswagen,PASSAT,2.0 TDI LUXURY,2007,11800000
Volkswagen,PASSAT,2.0 TDI LUXURY 4MOTION,2010,13150000
Volkswagen,PASSAT,2.0 TDI LUXURY 4MOTION,2009,12750000
Volkswagen,PASSAT,2.0 TDI LUXURY 4MOTION,2008,12350000
Volkswagen,PASSAT,2.0 TDI LUXURY 4MOTION,2007,12050000
Volkswagen,PASSAT,2.0 TDI LUXURY DSG,2011,13400000
Volkswagen,PASSAT,2.0 TDI LUXURY DSG,2010,13000000
Volkswagen,PASSAT,2.0 TDI LUXURY DSG,2009,12600000
Volkswagen,PASSAT,2.0 TDI LUXURY DSG,2008,12200000
Volkswagen,PASSAT,2.0 TDI LUXURY DSG,2007,11900000
Volkswagen,PASSAT,2.0 TDI LUXURY L/13,2016,19600000
Volkswagen,PASSAT,2.0 TDI LUXURY L/13,2015,18900000
Volkswagen,PASSAT,2.0 TDI LUXURY L/13,2014,18200000
Volkswagen,PASSAT,2.0 TDI LUXURY L/13,2013,17500000
Volkswagen,PASSAT,2.0 TDI LUXURY DSG L/13,2016,19900000
Volkswagen,PASSAT,2.0 TDI LUXURY DSG L/13,2015,19200000
Volkswagen,PASSAT,2.0 TDI LUXURY DSG L/13,2014,18500000
Volkswagen,PASSAT,2.0 TDI LUXURY DSG L/13,2013,17800000
Volkswagen,PASSAT,2.0 TDI VARIA. ADVANCE,2011,12850000
Volkswagen,PASSAT,2.0 TDI VARIA. ADVANCE,2010,12450000
Volkswagen,PASSAT,2.0 TDI VARIA. ADVANCE,2009,12050000
Volkswagen,PASSAT,2.0 TDI VARIA. ADVANCE,2008,11650000
Volkswagen,PASSAT,2.0 TDI VARIA. ADVANCE,2007,11350000
Volkswagen,PASSAT,2.0 TDI VARIA. ADVANCE DSG,2011,12950000
Volkswagen,PASSAT,2.0 TDI VARIA. ADVANCE DSG,2010,12550000
Volkswagen,PASSAT,2.0 TDI VARIA. ADVANCE DSG,2009,12150000
Volkswagen,PASSAT,2.0 TDI VARIA. ADVANCE DSG,2008,11750000
Volkswagen,PASSAT,2.0 TDI VARIA. ADVANCE DSG,2007,11450000
Volkswagen,PASSAT,2.0 TDI VARIA. ADVANCE L/11,2016,19000000
Volkswagen,PASSAT,2.0 TDI VARIA. ADVANCE L/11,2015,18300000
Volkswagen,PASSAT,2.0 TDI VARIA. ADVANCE L/11,2014,17600000
Volkswagen,PASSAT,2.0 TDI VARIA. ADVANCE L/11,2013,16900000
Volkswagen,PASSAT,2.0 TDI VARIA. ADVANCE L/11,2012,16400000
Volkswagen,PASSAT,2.0 TDI VARIA. ADVANCE L/11,2011,15900000
Volkswagen,PASSAT,2.0 TDI VARIA. ADVANCE L/11 DSG,2016,19300000
Volkswagen,PASSAT,2.0 TDI VARIA. ADVANCE L/11 DSG,2015,18600000
Volkswagen,PASSAT,2.0 TDI VARIA. ADVANCE L/11 DSG,2014,17900000
Volkswagen,PASSAT,2.0 TDI VARIA. ADVANCE L/11 DSG,2013,17200000
Volkswagen,PASSAT,2.0 TDI VARIA. ADVANCE L/11 DSG,2012,16700000
Volkswagen,PASSAT,2.0 TDI VARIA. ADVANCE L/11 DSG,2011,16200000
Volkswagen,PASSAT,2.0 TDI VARIA. ELEGANCE,2011,13550000
Volkswagen,PASSAT,2.0 TDI VARIA. ELEGANCE,2010,13150000
Volkswagen,PASSAT,2.0 TDI VARIA. ELEGANCE,2009,12750000
Volkswagen,PASSAT,2.0 TDI VARIA. ELEGANCE,2008,12350000
Volkswagen,PASSAT,2.0 TDI VARIA. ELEGANCE,2007,12050000
Volkswagen,PASSAT,2.0 TDI VARIA. ELEGANCE DSG,2011,13650000
Volkswagen,PASSAT,2.0 TDI VARIA. ELEGANCE DSG,2010,13250000
Volkswagen,PASSAT,2.0 TDI VARIA. ELEGANCE DSG,2009,12850000
Volkswagen,PASSAT,2.0 TDI VARIA. ELEGANCE DSG,2008,12450000
Volkswagen,PASSAT,2.0 TDI VARIA. ELEGANCE DSG,2007,12150000
Volkswagen,PASSAT,2.0 TDI VARIA. LUXURY,2011,13350000
Volkswagen,PASSAT,2.0 TDI VARIA. LUXURY,2010,12950000
Volkswagen,PASSAT,2.0 TDI VARIA. LUXURY,2009,12550000
Volkswagen,PASSAT,2.0 TDI VARIA. LUXURY,2008,12150000
Volkswagen,PASSAT,2.0 TDI VARIA. LUXURY,2007,11850000
Volkswagen,PASSAT,2.0 TDI VARIA. LUXURY DSG,2011,13450000
Volkswagen,PASSAT,2.0 TDI VARIA. LUXURY DSG,2010,13050000
Volkswagen,PASSAT,2.0 TDI VARIA. LUXURY DSG,2009,12650000
Volkswagen,PASSAT,2.0 TDI VARIA. LUXURY DSG,2008,12250000
Volkswagen,PASSAT,2.0 TDI VARIA. LUXURY DSG,2007,11950000
Volkswagen,PASSAT,2.0 TSI ADVANCE,2011,12950000
Volkswagen,PASSAT,2.0 TSI ADVANCE,2010,12550000
Volkswagen,PASSAT,2.0 TSI ADVANCE DSG,2011,13050000
Volkswagen,PASSAT,2.0 TSI ADVANCE DSG,2010,12650000
Volkswagen,PASSAT,2.0 TSI ADVANCE L/11,2015,18300000
Volkswagen,PASSAT,2.0 TSI ADVANCE L/11,2014,17600000
Volkswagen,PASSAT,2.0 TSI ADVANCE L/11,2013,16900000
Volkswagen,PASSAT,2.0 TSI ADVANCE L/11,2012,16400000
Volkswagen,PASSAT,2.0 TSI ADVANCE L/11,2011,15900000
Volkswagen,PASSAT,2.0 TSI ADVANCE DSG L/11,2015,18600000
Volkswagen,PASSAT,2.0 TSI ADVANCE DSG L/11,2014,17900000
Volkswagen,PASSAT,2.0 TSI ADVANCE DSG L/11,2013,17200000
Volkswagen,PASSAT,2.0 TSI ADVANCE DSG L/11,2012,16700000
Volkswagen,PASSAT,2.0 TSI ADVANCE DSG L/11,2011,16200000
Volkswagen,PASSAT,2.0 TSI EXCLUSIVE,2011,13850000
Volkswagen,PASSAT,2.0 TSI EXCLUSIVE,2010,13350000
Volkswagen,PASSAT,2.0 TSI EXCLUSIVE DSG,2011,13950000
Volkswagen,PASSAT,2.0 TSI EXCLUSIVE DSG,2010,13450000
Volkswagen,PASSAT,2.0 TSI HIGHLINE DSG L/17,2020,39800000
Volkswagen,PASSAT,2.0 TSI HIGHLINE DSG L/17,2019,38300000
Volkswagen,PASSAT,2.0 TSI HIGHLINE DSG L/17,2018,36800000
Volkswagen,PASSAT,2.0 TSI HIGHLINE DSG L/17,2017,35300000
Volkswagen,PASSAT,2.0 TSI LUXURY,2011,14350000
Volkswagen,PASSAT,2.0 TSI LUXURY,2010,13850000
Volkswagen,PASSAT,2.0 TSI LUXURY DSG,2011,14450000
Volkswagen,PASSAT,2.0 TSI LUXURY DSG,2010,13950000
Volkswagen,PASSAT,2.0 TSI LUXURY L/11,2016,19800000
Volkswagen,PASSAT,2.0 TSI LUXURY L/11,2015,19100000
Volkswagen,PASSAT,2.0 TSI LUXURY L/11,2014,18400000
Volkswagen,PASSAT,2.0 TSI LUXURY L/11,2013,17700000
Volkswagen,PASSAT,2.0 TSI LUXURY L/11,2012,17100000
Volkswagen,PASSAT,2.0 TSI LUXURY L/11,2011,16600000
Volkswagen,PASSAT,2.0 TSI LUXURY DSG L/11,2016,20100000
Volkswagen,PASSAT,2.0 TSI LUXURY DSG L/11,2015,19400000
Volkswagen,PASSAT,2.0 TSI LUXURY DSG L/11,2014,18700000
Volkswagen,PASSAT,2.0 TSI LUXURY DSG L/11,2013,18000000
Volkswagen,PASSAT,2.0 TSI LUXURY DSG L/11,2012,17400000
Volkswagen,PASSAT,2.0 TSI LUXURY DSG L/11,2011,16900000
Volkswagen,PASSAT,2.0 TSI LUXURY VARIANT,2016,19900000
Volkswagen,PASSAT,2.0 TSI LUXURY VARIANT,2015,19200000
Volkswagen,PASSAT,2.0 TSI LUXURY VARIANT,2014,18500000
Volkswagen,PASSAT,2.0 TSI LUXURY VARIANT,2013,17800000
Volkswagen,PASSAT,2.0 TSI LUXURY VARIANT,2012,17200000
Volkswagen,PASSAT,2.0 TSI LUXURY VARIANT,2011,16700000
Volkswagen,PASSAT,2.0 TSI LUXURY VARIANT DSG,2016,20200000
Volkswagen,PASSAT,2.0 TSI LUXURY VARIANT DSG,2015,19500000
Volkswagen,PASSAT,2.0 TSI LUXURY VARIANT DSG,2014,18800000
Volkswagen,PASSAT,2.0 TSI LUXURY VARIANT DSG,2013,18100000
Volkswagen,PASSAT,2.0 TSI LUXURY VARIANT DSG,2012,17500000
Volkswagen,PASSAT,2.0 TSI LUXURY VARIANT DSG,2011,17000000
Volkswagen,PASSAT,2.0 TSI R-LINE DSG L/17,2020,42800000
Volkswagen,PASSAT,2.0 TSI R-LINE DSG L/17,2019,40800000
Volkswagen,PASSAT,2.0 TSI R-LINE DSG L/17,2018,38800000
Volkswagen,PASSAT,2.0 TSI R-LINE DSG L/17,2017,37300000
Volkswagen,PASSAT,3.2 V6 HIGHLINE 4MOTION DSG,2011,17000000
Volkswagen,PASSAT,3.2 V6 HIGHLINE 4MOTION DSG,2010,16400000
Volkswagen,PASSAT,3.2 V6 HIGHLINE 4MOTION DSG,2009,15800000
Volkswagen,PASSAT,3.2 V6 HIGHLINE 4MOTION DSG,2008,15200000
Volkswagen,PASSAT,3.2 V6 HIGHLINE 4MOTION DSG,2007,14700000
Volkswagen,PASSAT,CC 2.0 TDI ADVANCE,2016,26700000
Volkswagen,PASSAT,CC 2.0 TDI ADVANCE,2015,25700000
Volkswagen,PASSAT,CC 2.0 TDI ADVANCE,2014,24700000
Volkswagen,PASSAT,CC 2.0 TDI ADVANCE,2013,23800000
Volkswagen,PASSAT,CC 2.0 TDI ADVANCE,2012,23000000
Volkswagen,PASSAT,CC 2.0 TDI ADVANCE,2011,22400000
Volkswagen,PASSAT,CC 2.0 TDI ADVANCE,2010,21900000
Volkswagen,PASSAT,CC 2.0 TDI ADVANCE DSG,2016,27000000
Volkswagen,PASSAT,CC 2.0 TDI ADVANCE DSG,2015,26000000
Volkswagen,PASSAT,CC 2.0 TDI ADVANCE DSG,2014,25000000
Volkswagen,PASSAT,CC 2.0 TDI ADVANCE DSG,2013,24100000
Volkswagen,PASSAT,CC 2.0 TDI ADVANCE DSG,2012,23300000
Volkswagen,PASSAT,CC 2.0 TDI ADVANCE DSG,2011,22700000
Volkswagen,PASSAT,CC 2.0 TDI ADVANCE DSG,2010,22200000
Volkswagen,PASSAT,CC 2.0 TDI EXCLUSIVE,2016,27300000
Volkswagen,PASSAT,CC 2.0 TDI EXCLUSIVE,2015,26300000
Volkswagen,PASSAT,CC 2.0 TDI EXCLUSIVE,2014,25300000
Volkswagen,PASSAT,CC 2.0 TDI EXCLUSIVE,2013,24400000
Volkswagen,PASSAT,CC 2.0 TDI EXCLUSIVE,2012,23600000
Volkswagen,PASSAT,CC 2.0 TDI EXCLUSIVE,2011,23000000
Volkswagen,PASSAT,CC 2.0 TDI EXCLUSIVE,2010,22500000
Volkswagen,PASSAT,CC 2.0 TDI EXCLUSIVE DSG,2016,27600000
Volkswagen,PASSAT,CC 2.0 TDI EXCLUSIVE DSG,2015,26600000
Volkswagen,PASSAT,CC 2.0 TDI EXCLUSIVE DSG,2014,25600000
Volkswagen,PASSAT,CC 2.0 TDI EXCLUSIVE DSG,2013,24700000
Volkswagen,PASSAT,CC 2.0 TDI EXCLUSIVE DSG,2012,23900000
Volkswagen,PASSAT,CC 2.0 TDI EXCLUSIVE DSG,2011,23300000
Volkswagen,PASSAT,CC 2.0 TDI EXCLUSIVE DSG,2010,22800000
Volkswagen,PASSAT,CC 2.0 TDI LUXURY,2016,26900000
Volkswagen,PASSAT,CC 2.0 TDI LUXURY,2015,25900000
Volkswagen,PASSAT,CC 2.0 TDI LUXURY,2014,24900000
Volkswagen,PASSAT,CC 2.0 TDI LUXURY,2013,24000000
Volkswagen,PASSAT,CC 2.0 TDI LUXURY,2012,23200000
Volkswagen,PASSAT,CC 2.0 TDI LUXURY,2011,22600000
Volkswagen,PASSAT,CC 2.0 TDI LUXURY,2010,22100000
Volkswagen,PASSAT,CC 2.0 TDI LUXURY DSG,2016,27200000
Volkswagen,PASSAT,CC 2.0 TDI LUXURY DSG,2015,26200000
Volkswagen,PASSAT,CC 2.0 TDI LUXURY DSG,2014,25200000
Volkswagen,PASSAT,CC 2.0 TDI LUXURY DSG,2013,24300000
Volkswagen,PASSAT,CC 2.0 TDI LUXURY DSG,2012,23500000
Volkswagen,PASSAT,CC 2.0 TDI LUXURY DSG,2011,22900000
Volkswagen,PASSAT,CC 2.0 TDI LUXURY DSG,2010,22400000
Volkswagen,PASSAT,CC 2.0 TSI ADVANCE,2016,26650000
Volkswagen,PASSAT,CC 2.0 TSI ADVANCE,2015,25650000
Volkswagen,PASSAT,CC 2.0 TSI ADVANCE,2014,24650000
Volkswagen,PASSAT,CC 2.0 TSI ADVANCE,2013,23750000
Volkswagen,PASSAT,CC 2.0 TSI ADVANCE,2012,22950000
Volkswagen,PASSAT,CC 2.0 TSI ADVANCE,2011,22350000
Volkswagen,PASSAT,CC 2.0 TSI ADVANCE,2010,21850000
Volkswagen,PASSAT,CC 2.0 TSI ADVANCE DSG,2016,26950000
Volkswagen,PASSAT,CC 2.0 TSI ADVANCE DSG,2015,25950000
Volkswagen,PASSAT,CC 2.0 TSI ADVANCE DSG,2014,24950000
Volkswagen,PASSAT,CC 2.0 TSI ADVANCE DSG,2013,24050000
Volkswagen,PASSAT,CC 2.0 TSI ADVANCE DSG,2012,23250000
Volkswagen,PASSAT,CC 2.0 TSI ADVANCE DSG,2011,22650000
Volkswagen,PASSAT,CC 2.0 TSI ADVANCE DSG,2010,22150000
Volkswagen,PASSAT,CC 2.0 TSI ELEGANCE DSG,2017,33000000
Volkswagen,PASSAT,CC 2.0 TSI ELEGANCE DSG,2016,31800000
Volkswagen,PASSAT,CC 2.0 TSI EXCLUSIVE,2016,27250000
Volkswagen,PASSAT,CC 2.0 TSI EXCLUSIVE,2015,26250000
Volkswagen,PASSAT,CC 2.0 TSI EXCLUSIVE,2014,25250000
Volkswagen,PASSAT,CC 2.0 TSI EXCLUSIVE,2013,24350000
Volkswagen,PASSAT,CC 2.0 TSI EXCLUSIVE,2012,23550000
Volkswagen,PASSAT,CC 2.0 TSI EXCLUSIVE,2011,22950000
Volkswagen,PASSAT,CC 2.0 TSI EXCLUSIVE,2010,22450000
Volkswagen,PASSAT,CC 2.0 TSI EXCLUSIVE DSG,2016,27550000
Volkswagen,PASSAT,CC 2.0 TSI EXCLUSIVE DSG,2015,26550000
Volkswagen,PASSAT,CC 2.0 TSI EXCLUSIVE DSG,2014,25550000
Volkswagen,PASSAT,CC 2.0 TSI EXCLUSIVE DSG,2013,24650000
Volkswagen,PASSAT,CC 2.0 TSI EXCLUSIVE DSG,2012,23850000
Volkswagen,PASSAT,CC 2.0 TSI EXCLUSIVE DSG,2011,23250000
Volkswagen,PASSAT,CC 2.0 TSI EXCLUSIVE DSG,2010,22750000
Volkswagen,PASSAT,CC 2.0 TSI LUXURY,2016,26850000
Volkswagen,PASSAT,CC 2.0 TSI LUXURY,2015,25850000
Volkswagen,PASSAT,CC 2.0 TSI LUXURY,2014,24850000
Volkswagen,PASSAT,CC 2.0 TSI LUXURY,2013,23950000
Volkswagen,PASSAT,CC 2.0 TSI LUXURY,2012,23150000
Volkswagen,PASSAT,CC 2.0 TSI LUXURY,2011,22550000
Volkswagen,PASSAT,CC 2.0 TSI LUXURY,2010,22050000
Volkswagen,PASSAT,CC 2.0 TSI LUXURY DSG,2016,27150000
Volkswagen,PASSAT,CC 2.0 TSI LUXURY DSG,2015,26150000
Volkswagen,PASSAT,CC 2.0 TSI LUXURY DSG,2014,25150000
Volkswagen,PASSAT,CC 2.0 TSI LUXURY DSG,2013,24250000
Volkswagen,PASSAT,CC 2.0 TSI LUXURY DSG,2012,23450000
Volkswagen,PASSAT,CC 2.0 TSI LUXURY DSG,2011,22850000
Volkswagen,PASSAT,CC 2.0 TSI LUXURY DSG,2010,22350000
Volkswagen,PASSAT,CC 3.6 V6 DSG,2016,32700000
Volkswagen,PASSAT,CC 3.6 V6 DSG,2015,31700000
Volkswagen,PASSAT,CC 3.6 V6 DSG,2014,30700000
Volkswagen,PASSAT,CC 3.6 V6 DSG,2013,29700000
Volkswagen,PASSAT,CC 3.6 V6 DSG,2012,28700000
Volkswagen,PASSAT,CC 3.6 V6 DSG,2011,27800000
Volkswagen,PASSAT,CC 3.6 V6 DSG,2010,27100000
Volkswagen,PASSAT,CC 3.6 V6 DSG,2009,26500000
Volkswagen,POLO,1.0 170 TSI COMFORTLINE AUT,2026,45090000
Volkswagen,POLO,1.0 170 TSI COMFORTLINE AUT,2025,30300000
Volkswagen,POLO,1.0 170 TSI HIGHLINE AUT L/23,2026,48771000
Volkswagen,POLO,1.0 170 TSI HIGHLINE AUT L/23,2025,32300000
Volkswagen,POLO,1.0 170 TSI HIGHLINE AUT L/23,2024,30800000
Volkswagen,POLO,1.0 170 TSI HIGHLINE AUT L/23,2023,29300000
Volkswagen,POLO,1.4 GTS 250 TSI,2023,35700000
Volkswagen,POLO,1.4 GTS 250 TSI,2022,34200000
Volkswagen,POLO,1.4 GTS 250 TSI,2021,32700000
Volkswagen,POLO,1.4 GTS 250 TSI,2020,31200000
Volkswagen,POLO,1.4 GTS 250 TSI L/23,2025,40200000
Volkswagen,POLO,1.4 GTS 250 TSI L/23,2024,38700000
Volkswagen,POLO,1.4 GTS 250 TSI L/23,2023,37200000
Volkswagen,POLO,1.6 L/16 COM. 4 P,2020,18200000
Volkswagen,POLO,1.6 L/16 COM. 4 P,2019,17600000
Volkswagen,POLO,1.6 L/16 COM. 4 P,2018,17000000
Volkswagen,POLO,1.6 L/16 COM. 4 P,2017,16400000
Volkswagen,POLO,1.6 L/16 COM. 4 P,2016,15800000
Volkswagen,POLO,1.6 L/16 COM. 4 P,2015,15200000
Volkswagen,POLO,1.6 L/16 COM. 4 P TIP.,2020,18400000
Volkswagen,POLO,1.6 L/16 COM. 4 P TIP.,2019,17800000
Volkswagen,POLO,1.6 L/16 COM. 4 P TIP.,2018,17200000
Volkswagen,POLO,1.6 L/16 COM. 4 P TIP.,2017,16600000
Volkswagen,POLO,1.6 L/16 COM. 4 P TIP.,2016,16000000
Volkswagen,POLO,1.6 L/16 COM. 4 P TIP.,2015,15400000
Volkswagen,POLO,1.6 L/18 COM. 5 P,2021,20600000
Volkswagen,POLO,1.6 L/18 COM. 5 P,2020,19800000
Volkswagen,POLO,1.6 L/18 COM. 5 P,2019,19100000
Volkswagen,POLO,1.6 L/18 COM. 5 P,2018,18500000
Volkswagen,POLO,1.6 L/18 COM. 5 P PLUS TIP,2021,21000000
Volkswagen,POLO,1.6 L/18 COM. 5 P PLUS TIP,2020,20200000
Volkswagen,POLO,1.6 L/18 COM. 5 P PLUS TIP,2019,19500000
Volkswagen,POLO,1.6 L/18 COM. 5 P PLUS TIP,2018,18900000
Volkswagen,POLO,1.6 L/18 HIGHLINE 5 P,2020,20900000
Volkswagen,POLO,1.6 L/18 HIGHLINE 5 P,2019,20200000
Volkswagen,POLO,1.6 L/18 HIGHLINE 5 P,2018,19600000
Volkswagen,POLO,1.6 L/18 HIGHLINE 5 P TIP,2023,23500000
Volkswagen,POLO,1.6 L/18 HIGHLINE 5 P TIP,2022,22600000
Volkswagen,POLO,1.6 L/18 HIGHLINE 5 P TIP,2021,21700000
Volkswagen,POLO,1.6 L/18 HIGHLINE 5 P TIP,2020,21000000
Volkswagen,POLO,1.6 L/18 HIGHLINE 5 P TIP,2019,20300000
Volkswagen,POLO,1.6 L/18 HIGHLINE 5 P TIP,2018,19700000
Volkswagen,POLO,1.6 L/18 TRENDLINE 5 P,2022,20700000
Volkswagen,POLO,1.6 L/18 TRENDLINE 5 P,2021,19900000
Volkswagen,POLO,1.6 L/18 TRENDLINE 5 P,2020,19200000
Volkswagen,POLO,1.6 L/18 TRENDLINE 5 P,2019,18500000
Volkswagen,POLO,1.6 L/18 TRENDLINE 5 P,2018,18000000
Volkswagen,POLO,1.6 L/18 TRENDLINE 5 P TIP,2022,20900000
Volkswagen,POLO,1.6 L/18 TRENDLINE 5 P TIP,2021,20100000
Volkswagen,POLO,1.6 L/18 TRENDLINE 5 P TIP,2020,19400000
Volkswagen,POLO,1.6 L/18 TRENDLINE 5 P TIP,2019,18700000
Volkswagen,POLO,1.6 L/18 TRENDLINE 5 P TIP,2018,18200000
Volkswagen,POLO,1.6 L/22 MSI TREND,2023,22100000
Volkswagen,POLO,1.6 L/22 MSI TREND,2022,21100000
Volkswagen,POLO,1.6 L/22 MSI,2023,21600000
Volkswagen,POLO,1.6 L/22 MSI,2022,20600000
Volkswagen,POLO,1.6 L/22 MSI AT,2023,21800000
Volkswagen,POLO,1.6 L/22 MSI AT,2022,20800000
Volkswagen,POLO,1.6 L/23 MSI,2025,25100000
Volkswagen,POLO,1.6 L/23 MSI,2024,23700000
Volkswagen,POLO,1.6 L/23 MSI,2023,22600000
Volkswagen,POLO,1.6 L/23 MSI TRACK,2026,38702000
Volkswagen,POLO,1.6 L/23 MSI TRACK,2025,23800000
Volkswagen,POLO,1.6 L/23 MSI TRACK,2024,22400000
Volkswagen,POLO,1.6 L/23 MSI TRACK,2023,21400000
Volkswagen,POLO,1.6 L/26 MSI ROBUST,2026,29776000
Volkswagen,POLO,1.6 COMFORTLINE,2010,6470000
Volkswagen,POLO,1.6 COMFORTLINE,2009,6410000
Volkswagen,POLO,1.6 COMFORTLINE,2008,6350000
Volkswagen,POLO,1.6 COMFORTLINE,2007,6300000
Volkswagen,POLO,1.6 COMFORTLINE C/GNC,2008,6360000
Volkswagen,POLO,1.6 COMFORTLINE C/GNC,2007,6310000
Volkswagen,POLO,1.6 FORMAT,2010,6420000
Volkswagen,POLO,1.6 FORMAT,2009,6360000
Volkswagen,POLO,1.6 FORMAT,2008,6300000
Volkswagen,POLO,1.6 FORMAT,2007,6250000
Volkswagen,POLO,1.6 FORMAT C/GNC,2008,6310000
Volkswagen,POLO,1.6 FORMAT C/GNC,2007,6260000
Volkswagen,POLO,1.6 TRENDLINE,2010,6500000
Volkswagen,POLO,1.6 TRENDLINE,2009,6440000
Volkswagen,POLO,1.6 TRENDLINE,2008,6380000
Volkswagen,POLO,1.6 TRENDLINE,2007,6330000
Volkswagen,POLO,1.6 TRENDLINE C/GNC,2008,6390000
Volkswagen,POLO,1.6 TRENDLINE C/GNC,2007,6340000
Volkswagen,POLO,1.9 SD COMFORTLINE,2010,6480000
Volkswagen,POLO,1.9 SD COMFORTLINE,2009,6420000
Volkswagen,POLO,1.9 SD COMFORTLINE,2008,6360000
Volkswagen,POLO,1.9 SD COMFORTLINE,2007,6310000
Volkswagen,POLO,1.9 SD FORMAT,2010,6430000
Volkswagen,POLO,1.9 SD FORMAT,2009,6370000
Volkswagen,POLO,1.9 SD FORMAT,2008,6310000
Volkswagen,POLO,1.9 SD FORMAT,2007,6260000
Volkswagen,POLO,1.9 SD TRENDLINE,2010,6510000
Volkswagen,POLO,1.9 SD TRENDLINE,2009,6450000
Volkswagen,POLO,1.9 SD TRENDLINE,2008,6390000
Volkswagen,POLO,1.9 SD TRENDLINE,2007,6340000
Volkswagen,POLO,1.9 TDI HIGHLINE,2010,6550000
Volkswagen,POLO,1.9 TDI HIGHLINE,2009,6490000
Volkswagen,POLO,1.9 TDI HIGHLINE,2008,6430000
Volkswagen,POLO,1.9 TDI HIGHLINE,2007,6380000
Volkswagen,POLO,1.9 TDI HIGHLINE FULL,2010,6580000
Volkswagen,POLO,1.9 TDI HIGHLINE FULL,2009,6520000
Volkswagen,POLO,1.9 TDI HIGHLINE FULL,2008,6460000
Volkswagen,POLO,1.9 TDI HIGHLINE FULL,2007,6410000
Volkswagen,SANTANA,2.0 COMFORTLINE,2007,4900000
Volkswagen,SANTANA,2.0 TRENDLINE,2007,5000000
Volkswagen,SAVEIRO,1.6 MI,2008,8050000
Volkswagen,SAVEIRO,1.6 MI,2007,7650000
Volkswagen,SAVEIRO,1.6 MI AA,2008,8070000
Volkswagen,SAVEIRO,1.6 MI AA,2007,7670000
Volkswagen,SAVEIRO,1.6 MI GNC,2008,8070000
Volkswagen,SAVEIRO,1.6 MI GNC,2007,7670000
Volkswagen,SAVEIRO,1.6 MI LIMITED,2009,8800000
Volkswagen,SAVEIRO,1.6 MI LIMITED,2008,8500000
Volkswagen,SAVEIRO,1.6 MI LIMITED,2007,8200000
Volkswagen,SAVEIRO,1.6 MI PLUS,2010,9130000
Volkswagen,SAVEIRO,1.6 MI PLUS,2009,8730000
Volkswagen,SAVEIRO,1.6 MI PLUS,2008,8430000
Volkswagen,SAVEIRO,1.6 MI PLUS AA,2010,9150000
Volkswagen,SAVEIRO,1.6 MI PLUS AA,2009,8750000
Volkswagen,SAVEIRO,1.6 MI PLUS AA,2008,8450000
Volkswagen,SAVEIRO,1.6 L/10,2013,11600000
Volkswagen,SAVEIRO,1.6 L/10,2012,10900000
Volkswagen,SAVEIRO,1.6 L/10,2011,10300000
Volkswagen,SAVEIRO,1.6 L/10,2010,9700000
Volkswagen,SAVEIRO,1.6 L/10 C/EXT,2013,11700000
Volkswagen,SAVEIRO,1.6 L/10 C/EXT,2012,11000000
Volkswagen,SAVEIRO,1.6 L/10 C/EXT,2011,10200000
Volkswagen,SAVEIRO,1.6 L/10 C/EXT,2010,9600000
Volkswagen,SAVEIRO,1.6 L/10 C/EXT PACK SEGU.,2013,11600000
Volkswagen,SAVEIRO,1.6 L/10 C/EXT PACK SEGU.,2012,10900000
Volkswagen,SAVEIRO,1.6 L/10 C/EXT PACK SEGU.,2011,10300000
Volkswagen,SAVEIRO,1.6 L/10 C/EXT PACK SEGU.,2010,9800000
Volkswagen,SAVEIRO,1.6 L/10 PACK I,2013,11700000
Volkswagen,SAVEIRO,1.6 L/10 PACK I,2012,11000000
Volkswagen,SAVEIRO,1.6 L/10 PACK I,2011,10400000
Volkswagen,SAVEIRO,1.6 L/10 PACK I,2010,9900000
Volkswagen,SAVEIRO,1.6 L/13 AA+PS,2015,13000000
Volkswagen,SAVEIRO,1.6 L/13 AA+PS,2014,12400000
Volkswagen,SAVEIRO,1.6 L/13 AA+PS,2013,11800000
Volkswagen,SAVEIRO,1.6 L/13 AA+PS+SAFETY,2016,13700000
Volkswagen,SAVEIRO,1.6 L/13 AA+PS+SAFETY,2015,13100000
Volkswagen,SAVEIRO,1.6 L/13 AA+PS+SAFETY,2014,12500000
Volkswagen,SAVEIRO,1.6 L/13 AA+PS+SAFETY,2013,11900000
Volkswagen,SAVEIRO,1.6 L/13 C/EXT SAF. P/HIGH,2017,14800000
Volkswagen,SAVEIRO,1.6 L/13 C/EXT SAF. P/HIGH,2016,14100000
Volkswagen,SAVEIRO,1.6 L/13 C/EXT SAF. P/HIGH,2015,13500000
Volkswagen,SAVEIRO,1.6 L/13 C/EXT SAF. P/HIGH,2014,12900000
Volkswagen,SAVEIRO,1.6 L/13 C/EXT SAF. P/HIGH,2013,12300000
Volkswagen,SAVEIRO,1.6 L/13 C/EXT SAFETY,2016,13900000
Volkswagen,SAVEIRO,1.6 L/13 C/EXT SAFETY,2015,13300000
Volkswagen,SAVEIRO,1.6 L/13 C/EXT SAFETY,2014,12700000
Volkswagen,SAVEIRO,1.6 L/13 C/EXT SAFETY,2013,12100000
Volkswagen,SAVEIRO,1.6 L/15 C/DOBLE CROSS,2016,15500000
Volkswagen,SAVEIRO,1.6 L/15 C/DOBLE CROSS,2015,14900000
Volkswagen,SAVEIRO,1.6 L/15 C/DOBLE PACK HIGH,2016,14500000
Volkswagen,SAVEIRO,1.6 L/15 C/DOBLE PACK HIGH,2015,13900000
Volkswagen,SAVEIRO,1.6 L/15 C/DOBLE POWER,2017,15000000
Volkswagen,SAVEIRO,1.6 L/15 C/DOBLE POWER,2016,14300000
Volkswagen,SAVEIRO,1.6 L/15 C/DOBLE POWER,2015,13600000
Volkswagen,SAVEIRO,1.6 L/17 C/DOBLE CROSS HIG,2018,17600000
Volkswagen,SAVEIRO,1.6 L/17 C/DOBLE CROSS HIG,2017,17000000
Volkswagen,SAVEIRO,1.6 L/17 C/DOBLE CROSS HIG,2016,16400000
Volkswagen,SAVEIRO,1.6 L/17 C/DOBLE PACK HIGH,2020,17900000
Volkswagen,SAVEIRO,1.6 L/17 C/DOBLE PACK HIGH,2019,17200000
Volkswagen,SAVEIRO,1.6 L/17 C/DOBLE PACK HIGH,2018,16600000
Volkswagen,SAVEIRO,1.6 L/17 C/DOBLE PACK HIGH,2017,16000000
Volkswagen,SAVEIRO,1.6 L/17 C/DOBLE PACK HIGH,2016,15400000
Volkswagen,SAVEIRO,1.6 L/17 C/DOBLE POWER,2020,17600000
Volkswagen,SAVEIRO,1.6 L/17 C/DOBLE POWER,2019,16900000
Volkswagen,SAVEIRO,1.6 L/17 C/DOBLE POWER,2018,16300000
Volkswagen,SAVEIRO,1.6 L/17 C/DOBLE POWER,2017,15700000
Volkswagen,SAVEIRO,1.6 L/17 C/DOBLE POWER,2016,15100000
Volkswagen,SAVEIRO,1.6 L/17 C/EXT PACK HIGH,2020,17600000
Volkswagen,SAVEIRO,1.6 L/17 C/EXT PACK HIGH,2019,16900000
Volkswagen,SAVEIRO,1.6 L/17 C/EXT PACK HIGH,2018,16300000
Volkswagen,SAVEIRO,1.6 L/17 C/EXT PACK HIGH,2017,15700000
Volkswagen,SAVEIRO,1.6 L/17 C/EXT PACK HIGH,2016,15100000
Volkswagen,SAVEIRO,1.6 L/17 C/EXT SAFETY,2020,17300000
Volkswagen,SAVEIRO,1.6 L/17 C/EXT SAFETY,2019,16600000
Volkswagen,SAVEIRO,1.6 L/17 C/EXT SAFETY,2018,16000000
Volkswagen,SAVEIRO,1.6 L/17 C/EXT SAFETY,2017,15400000
Volkswagen,SAVEIRO,1.6 L/17 C/EXT SAFETY,2016,14800000
Volkswagen,SAVEIRO,1.6 L/17 SAFETY,2020,17000000
Volkswagen,SAVEIRO,1.6 L/17 SAFETY,2019,16300000
Volkswagen,SAVEIRO,1.6 L/17 SAFETY,2018,15700000
Volkswagen,SAVEIRO,1.6 L/17 SAFETY,2017,15100000
Volkswagen,SAVEIRO,1.6 L/17 SAFETY,2016,14500000
Volkswagen,SAVEIRO,1.6 L/18 C/DOB CROSS,2023,23300000
Volkswagen,SAVEIRO,1.6 L/18 C/DOB CROSS,2022,22500000
Volkswagen,SAVEIRO,1.6 L/18 C/DOB CROSS,2021,21400000
Volkswagen,SAVEIRO,1.6 L/18 C/DOB CROSS,2020,20500000
Volkswagen,SAVEIRO,1.6 L/18 C/DOB CROSS,2019,19700000
Volkswagen,SAVEIRO,1.6 L/18 C/DOB CROSS,2018,19000000
Volkswagen,SAVEIRO,1.6 L/18 C/DOB HIGHLINE,2022,20200000
Volkswagen,SAVEIRO,1.6 L/18 C/DOB HIGHLINE,2021,19400000
Volkswagen,SAVEIRO,1.6 L/18 C/DOB HIGHLINE,2020,18700000
Volkswagen,SAVEIRO,1.6 L/18 C/DOB HIGHLINE,2019,18000000
Volkswagen,SAVEIRO,1.6 L/18 C/DOB HIGHLINE,2018,17300000
Volkswagen,SAVEIRO,1.6 L/18 C/EXT COMFORTLINE,2020,17900000
Volkswagen,SAVEIRO,1.6 L/18 C/EXT COMFORTLINE,2019,17200000
Volkswagen,SAVEIRO,1.6 L/18 C/EXT COMFORTLINE,2018,16500000
Volkswagen,SAVEIRO,1.6 L/18 C/SIM TRENDLINE,2022,18700000
Volkswagen,SAVEIRO,1.6 L/18 C/SIM TRENDLINE,2021,17900000
Volkswagen,SAVEIRO,1.6 L/18 C/SIM TRENDLINE,2020,17200000
Volkswagen,SAVEIRO,1.6 L/18 C/SIM TRENDLINE,2019,16500000
Volkswagen,SAVEIRO,1.6 L/18 C/SIM TRENDLINE,2018,15800000
Volkswagen,SAVEIRO,1.6 L/20 C/DOB COMFORTLINE,2022,19700000
Volkswagen,SAVEIRO,1.6 L/20 C/DOB COMFORTLINE,2021,18900000
Volkswagen,SAVEIRO,1.6 L/20 C/DOB COMFORTLINE,2020,18200000
Volkswagen,SAVEIRO,1.6 L/22 C/DOB COMFORTLINE,2023,22000000
Volkswagen,SAVEIRO,1.6 L/22 C/DOB COMFORTLINE,2022,21000000
Volkswagen,SAVEIRO,1.6 L/22 C/DOB HIGHLINE,2023,23000000
Volkswagen,SAVEIRO,1.6 L/22 C/DOB HIGHLINE,2022,22000000
Volkswagen,SAVEIRO,1.6 L/22 C/SIM TRENDLINE,2023,20700000
Volkswagen,SAVEIRO,1.6 L/22 C/SIM TRENDLINE,2022,19700000
Volkswagen,SAVEIRO,1.6 L/24 C/DOB COMFORTLINE,2026,35791000
Volkswagen,SAVEIRO,1.6 L/24 C/DOB COMFORTLINE,2025,26500000
Volkswagen,SAVEIRO,1.6 L/24 C/DOB COMFORTLINE,2024,25000000
Volkswagen,SAVEIRO,1.6 L/24 C/DOB COMFORTLINE,2023,23500000
Volkswagen,SAVEIRO,1.6 L/24 C/DOB EXTREME,2026,39694000
Volkswagen,SAVEIRO,1.6 L/24 C/DOB EXTREME,2025,28500000
Volkswagen,SAVEIRO,1.6 L/24 C/DOB EXTREME,2024,27000000
Volkswagen,SAVEIRO,1.6 L/24 C/DOB EXTREME,2023,25500000
Volkswagen,SAVEIRO,1.6 L/24 C/SIM TRENDLINE,2026,32478000
Volkswagen,SAVEIRO,1.6 L/24 C/SIM TRENDLINE,2025,24500000
Volkswagen,SAVEIRO,1.6 L/24 C/SIM TRENDLINE,2024,23200000
Volkswagen,SAVEIRO,1.6 L/24 C/SIM TRENDLINE,2023,22000000
Volkswagen,SAVEIRO,1.9 SD DH,2008,8060000
Volkswagen,SAVEIRO,1.9 SD DH,2007,7860000
Volkswagen,SAVEIRO,1.9 SD DH AA,2008,8080000
Volkswagen,SAVEIRO,1.9 SD DH AA,2007,7880000
Volkswagen,SAVEIRO,1.9 SD LIMITED,2009,8810000
Volkswagen,SAVEIRO,1.9 SD LIMITED,2008,8510000
Volkswagen,SAVEIRO,1.9 SD LIMITED,2007,8010000
Volkswagen,SAVEIRO,1.9 SD PLUS,2010,9140000
Volkswagen,SAVEIRO,1.9 SD PLUS,2009,8740000
Volkswagen,SAVEIRO,1.9 SD PLUS,2008,8440000
Volkswagen,SAVEIRO,1.9 SD PLUS AA,2010,9160000
Volkswagen,SAVEIRO,1.9 SD PLUS AA,2009,8760000
Volkswagen,SAVEIRO,1.9 SD PLUS AA,2008,8460000
Volkswagen,SCIROCCO,1.4 TSI,2015,32100000
Volkswagen,SCIROCCO,1.4 TSI,2014,30500000
Volkswagen,SCIROCCO,1.4 TSI,2013,28900000
Volkswagen,SCIROCCO,1.4 TSI,2012,27300000
Volkswagen,SCIROCCO,1.4 TSI DSG,2015,32300000
Volkswagen,SCIROCCO,1.4 TSI DSG,2014,30700000
Volkswagen,SCIROCCO,1.4 TSI DSG,2013,29100000
Volkswagen,SCIROCCO,1.4 TSI DSG,2012,27500000
Volkswagen,SCIROCCO,2.0 TSI,2015,35000000
Volkswagen,SCIROCCO,2.0 TSI,2014,33400000
Volkswagen,SCIROCCO,2.0 TSI,2013,31800000
Volkswagen,SCIROCCO,2.0 TSI,2012,30200000
Volkswagen,SCIROCCO,2.0 TSI GTS DSG,2020,52000000
Volkswagen,SCIROCCO,2.0 TSI GTS DSG,2019,50000000
Volkswagen,SCIROCCO,2.0 TSI GTS DSG,2018,48000000
Volkswagen,SCIROCCO,2.0 TSI GTS DSG,2017,46000000
Volkswagen,SCIROCCO,2.0 TSI GTS DSG,2016,44000000
Volkswagen,SHARAN,1.4 TSI COMFORTLINE,2016,20400000
Volkswagen,SHARAN,1.4 TSI COMFORTLINE,2015,19700000
Volkswagen,SHARAN,1.4 TSI COMFORTLINE,2014,19200000
Volkswagen,SHARAN,1.4 TSI COMFORTLINE,2013,18700000
Volkswagen,SHARAN,1.4 TSI COMFORTLINE,2012,18200000
Volkswagen,SHARAN,1.4 TSI COMFORTLINE,2011,17700000
Volkswagen,SHARAN,1.8 T TRENDLINE,2010,10200000
Volkswagen,SHARAN,1.8 T TRENDLINE,2009,9900000
Volkswagen,SHARAN,1.8 T TRENDLINE,2008,9700000
Volkswagen,SHARAN,1.8 T TRENDLINE,2007,9500000
Volkswagen,SHARAN,1.8 T TRENDLINE TIP.,2010,10250000
Volkswagen,SHARAN,1.8 T TRENDLINE TIP.,2009,9950000
Volkswagen,SHARAN,1.8 T TRENDLINE TIP.,2008,9750000
Volkswagen,SHARAN,1.8 T TRENDLINE TIP.,2007,9550000
Volkswagen,SHARAN,1.8 T TRENDLINE TIP. CU,2010,10300000
Volkswagen,SHARAN,1.8 T TRENDLINE TIP. CU,2009,10000000
Volkswagen,SHARAN,1.8 T TRENDLINE TIP. CU,2008,9800000
Volkswagen,SHARAN,1.8 T TRENDLINE TIP. CU,2007,9600000
Volkswagen,SHARAN,1.9 TDI HIGHLINE,2010,10150000
Volkswagen,SHARAN,1.9 TDI HIGHLINE,2009,9850000
Volkswagen,SHARAN,1.9 TDI HIGHLINE,2008,9650000
Volkswagen,SHARAN,1.9 TDI HIGHLINE,2007,9450000
Volkswagen,SHARAN,1.9 TDI HIGHLINE CU,2010,10200000
Volkswagen,SHARAN,1.9 TDI HIGHLINE CU,2009,9900000
Volkswagen,SHARAN,1.9 TDI HIGHLINE CU,2008,9700000
Volkswagen,SHARAN,1.9 TDI HIGHLINE CU,2007,9500000
Volkswagen,SHARAN,1.9 TDI HIGHLINE TIP.,2010,10200000
Volkswagen,SHARAN,1.9 TDI HIGHLINE TIP.,2009,9900000
Volkswagen,SHARAN,1.9 TDI HIGHLINE TIP.,2008,9700000
Volkswagen,SHARAN,1.9 TDI HIGHLINE TIP.,2007,9500000
Volkswagen,SHARAN,1.9 TDI HIGHLINE TIP CU,2010,10250000
Volkswagen,SHARAN,1.9 TDI HIGHLINE TIP CU,2009,9950000
Volkswagen,SHARAN,1.9 TDI HIGHLINE TIP CU,2008,9750000
Volkswagen,SHARAN,1.9 TDI HIGHLINE TIP CU,2007,9550000
Volkswagen,SHARAN,1.9 TDI HIGHLINE TIP CU 2CL,2010,10300000
Volkswagen,SHARAN,1.9 TDI HIGHLINE TIP CU 2CL,2009,10000000
Volkswagen,SHARAN,1.9 TDI HIGHLINE TIP CU 2CL,2008,9800000
Volkswagen,SHARAN,1.9 TDI HIGHLINE TIP CU 2CL,2007,9600000
Volkswagen,SHARAN,1.9 TDI TRENDLINE,2010,10050000
Volkswagen,SHARAN,1.9 TDI TRENDLINE CU,2010,10100000
Volkswagen,SHARAN,1.9 TDI TRENDLINE TIP,2010,10100000
Volkswagen,SHARAN,1.9 TDI TRENDLINE TIP,2007,9400000
Volkswagen,SHARAN,1.9 TDI TRENDLINE TIP CU,2010,10150000
Volkswagen,SHARAN,2.0 TSI HIGHLINE DSG,2016,22700000
Volkswagen,SHARAN,2.0 TSI HIGHLINE DSG,2015,22000000
Volkswagen,SHARAN,2.0 TSI HIGHLINE DSG,2014,21300000
Volkswagen,SHARAN,2.0 TSI HIGHLINE DSG,2013,20800000
Volkswagen,SHARAN,2.0 TSI HIGHLINE DSG,2012,20300000
Volkswagen,SURAN,1.6 COMFORTLINE,2010,8830000
Volkswagen,SURAN,1.6 COMFORTLINE,2009,8530000
Volkswagen,SURAN,1.6 COMFORTLINE,2008,8230000
Volkswagen,SURAN,1.6 COMFORTLINE,2007,7930000
Volkswagen,SURAN,1.6 COMFORTLINE L/10,2013,11000000
Volkswagen,SURAN,1.6 COMFORTLINE L/10,2012,10600000
Volkswagen,SURAN,1.6 COMFORTLINE L/10,2011,10200000
Volkswagen,SURAN,1.6 COMFORTLINE L/10,2010,9800000
Volkswagen,SURAN,1.6 COMFORTLINE L/14,2013,11600000
Volkswagen,SURAN,1.6 COMFORTLINE L/14 ABS,2014,12300000
Volkswagen,SURAN,1.6 COMFORTLINE L/14 ABS,2013,11700000
Volkswagen,SURAN,1.6 COMFORTLINE L/14 ABS AB,2014,12400000
Volkswagen,SURAN,1.6 COMFORTLINE L/14 ABS AB,2013,11800000
Volkswagen,SURAN,1.6 COMFORTLINE L/15,2020,18800000
Volkswagen,SURAN,1.6 COMFORTLINE L/15,2019,17600000
Volkswagen,SURAN,1.6 COMFORTLINE L/15,2018,16400000
Volkswagen,SURAN,1.6 COMFORTLINE L/15,2017,15300000
Volkswagen,SURAN,1.6 COMFORTLINE L/15,2016,14400000
Volkswagen,SURAN,1.6 COMFORTLINE L/15,2015,13500000
Volkswagen,SURAN,1.6 COMFORTLINE L/15,2014,12700000
Volkswagen,SURAN,1.6 FORMAT,2010,8730000
Volkswagen,SURAN,1.6 FORMAT,2009,8430000
Volkswagen,SURAN,1.6 HIGHLINE,2010,9400000
Volkswagen,SURAN,1.6 HIGHLINE,2009,9100000
Volkswagen,SURAN,1.6 HIGHLINE,2008,8800000
Volkswagen,SURAN,1.6 HIGHLINE,2007,8500000
Volkswagen,SURAN,1.6 HIGHLINE CU,2010,9500000
Volkswagen,SURAN,1.6 HIGHLINE CU,2009,9200000
Volkswagen,SURAN,1.6 HIGHLINE CU,2008,8900000
Volkswagen,SURAN,1.6 HIGHLINE CU,2007,8600000
Volkswagen,SURAN,1.6 HIGHLINE L/10,2013,11700000
Volkswagen,SURAN,1.6 HIGHLINE L/10,2012,11300000
Volkswagen,SURAN,1.6 HIGHLINE L/10,2011,10900000
Volkswagen,SURAN,1.6 HIGHLINE L/10,2010,10500000
Volkswagen,SURAN,1.6 HIGHLINE L/10 CU,2013,11800000
Volkswagen,SURAN,1.6 HIGHLINE L/10 CU,2012,11400000
Volkswagen,SURAN,1.6 HIGHLINE L/10 CU,2011,11000000
Volkswagen,SURAN,1.6 HIGHLINE L/10 CU,2010,10600000
Volkswagen,SURAN,1.6 HIGHLINE L/10 I MOTION,2013,11800000
Volkswagen,SURAN,1.6 HIGHLINE L/10 I MOTION,2012,11400000
Volkswagen,SURAN,1.6 HIGHLINE L/10 I MOTION,2011,11000000
Volkswagen,SURAN,1.6 HIGHLINE L/10 I MOTION,2010,10600000
Volkswagen,SURAN,1.6 HIGHLINE L/10 I MOTION CU,2013,11900000
Volkswagen,SURAN,1.6 HIGHLINE L/10 I MOTION CU,2012,11500000
Volkswagen,SURAN,1.6 HIGHLINE L/10 I MOTION CU,2011,11100000
Volkswagen,SURAN,1.6 HIGHLINE L/10 I MOTION CU,2010,10700000
Volkswagen,SURAN,1.6 HIGHLINE L/10 I MOTION LEVAS,2010,10700000
Volkswagen,SURAN,1.6 HIGHLINE L/14,2014,13300000
Volkswagen,SURAN,1.6 HIGHLINE L/14,2013,12600000
Volkswagen,SURAN,1.6 HIGHLINE L/14 CU,2014,13400000
Volkswagen,SURAN,1.6 HIGHLINE L/14 CU,2013,12700000
Volkswagen,SURAN,1.6 HIGHLINE L/14 I MOTION,2014,13400000
Volkswagen,SURAN,1.6 HIGHLINE L/14 I MOTION,2013,12700000
Volkswagen,SURAN,1.6 HIGHLINE L/15,2020,20500000
Volkswagen,SURAN,1.6 HIGHLINE L/15,2019,19200000
Volkswagen,SURAN,1.6 HIGHLINE L/15,2018,18100000
Volkswagen,SURAN,1.6 HIGHLINE L/15,2017,17000000
Volkswagen,SURAN,1.6 HIGHLINE L/15,2016,16000000
Volkswagen,SURAN,1.6 HIGHLINE L/15,2015,15100000
Volkswagen,SURAN,1.6 HIGHLINE L/15,2014,14300000
Volkswagen,SURAN,1.6 HIGHLINE L/15 I MOTION,2020,20700000
Volkswagen,SURAN,1.6 HIGHLINE L/15 I MOTION,2019,19400000
Volkswagen,SURAN,1.6 HIGHLINE L/15 I MOTION,2018,18300000
Volkswagen,SURAN,1.6 HIGHLINE L/15 I MOTION,2017,17200000
Volkswagen,SURAN,1.6 HIGHLINE L/15 I MOTION,2016,16200000
Volkswagen,SURAN,1.6 HIGHLINE L/15 I MOTION,2015,15300000
Volkswagen,SURAN,1.6 HIGHLINE L/15 I MOTION,2014,14500000
Volkswagen,SURAN,1.6 LIMITED EDITION L/14,2014,13800000
Volkswagen,SURAN,1.6 LIMITED EDITION L/14,2013,13100000
Volkswagen,SURAN,1.6 STYLE,2012,10700000
Volkswagen,SURAN,1.6 TAXI,2010,8730000
Volkswagen,SURAN,1.6 TAXI,2009,8430000
Volkswagen,SURAN,1.6 TRACK,2020,20100000
Volkswagen,SURAN,1.6 TRACK,2019,18800000
Volkswagen,SURAN,1.6 TRACK,2018,17700000
Volkswagen,SURAN,1.6 TRACK,2017,16600000
Volkswagen,SURAN,1.6 TRENDLINE,2010,9300000
Volkswagen,SURAN,1.6 TRENDLINE,2009,8900000
Volkswagen,SURAN,1.6 TRENDLINE,2008,8600000
Volkswagen,SURAN,1.6 TRENDLINE,2007,8300000
Volkswagen,SURAN,1.6 TRENDLINE L/10,2013,11400000
Volkswagen,SURAN,1.6 TRENDLINE L/10,2012,11000000
Volkswagen,SURAN,1.6 TRENDLINE L/10,2011,10600000
Volkswagen,SURAN,1.6 TRENDLINE L/10,2010,10200000
Volkswagen,SURAN,1.6 TRENDLINE L/10 I MOT,2013,11500000
Volkswagen,SURAN,1.6 TRENDLINE L/10 I MOT,2012,11100000
Volkswagen,SURAN,1.6 TRENDLINE L/10 I MOT,2011,10700000
Volkswagen,SURAN,1.6 TRENDLINE L/10 I MOT,2010,10300000
Volkswagen,SURAN,1.6 TRENDLINE L/14,2013,12100000
Volkswagen,SURAN,1.6 TRENDLINE L/14 ABS,2014,13000000
Volkswagen,SURAN,1.6 TRENDLINE L/14 ABS,2013,12300000
Volkswagen,SURAN,1.6 TRENDLINE L/15,2018,17700000
Volkswagen,SURAN,1.6 TRENDLINE L/15,2017,16600000
Volkswagen,SURAN,1.6 TRENDLINE L/15,2016,15600000
Volkswagen,SURAN,1.6 TRENDLINE L/15,2015,14700000
Volkswagen,SURAN,1.6 TRENDLINE L/15,2014,13900000
Volkswagen,SURAN,1.9 SDI COMFORTLINE,2010,8850000
Volkswagen,SURAN,1.9 SDI COMFORTLINE,2009,8550000
Volkswagen,SURAN,1.9 SDI COMFORTLINE,2008,8250000
Volkswagen,SURAN,1.9 SDI COMFORTLINE,2007,7950000
Volkswagen,SURAN,1.9 SDI HIGHLINE,2010,9420000
Volkswagen,SURAN,1.9 SDI HIGHLINE,2009,9120000
Volkswagen,SURAN,1.9 SDI HIGHLINE,2008,8820000
Volkswagen,SURAN,1.9 SDI HIGHLINE,2007,8520000
Volkswagen,SURAN,1.9 SDI HIGHLINE CU,2010,9520000
Volkswagen,SURAN,1.9 SDI HIGHLINE CU,2009,9220000
Volkswagen,SURAN,1.9 SDI HIGHLINE CU,2008,8920000
Volkswagen,SURAN,1.9 SDI HIGHLINE CU,2007,8620000
Volkswagen,SURAN,1.9 SDI TRENDLINE,2010,9220000
Volkswagen,SURAN,1.9 SDI TRENDLINE,2009,8920000
Volkswagen,SURAN,1.9 SDI TRENDLINE,2008,8620000
Volkswagen,SURAN,1.9 SDI TRENDLINE,2007,8320000
Volkswagen,SURAN,CROSS 1.6 HIGHLINE,2013,12900000
Volkswagen,SURAN,CROSS 1.6 HIGHLINE,2012,12400000
Volkswagen,SURAN,CROSS 1.6 HIGHLINE,2011,11900000
Volkswagen,SURAN,CROSS 1.6 HIGHLINE L/14,2014,14600000
Volkswagen,SURAN,CROSS 1.6 HIGHLINE L/14,2013,13900000
Volkswagen,SURAN,CROSS 1.6 HIGHLINE L/15,2020,22000000
Volkswagen,SURAN,CROSS 1.6 HIGHLINE L/15,2019,20800000
Volkswagen,SURAN,CROSS 1.6 HIGHLINE L/15,2018,19600000
Volkswagen,SURAN,CROSS 1.6 HIGHLINE L/15,2017,18600000
Volkswagen,SURAN,CROSS 1.6 HIGHLINE L/15,2016,17600000
Volkswagen,SURAN,CROSS 1.6 HIGHLINE L/15,2015,16700000
Volkswagen,SURAN,CROSS 1.6 HIGHLINE L/15,2014,15900000
Volkswagen,TAOS,1.4 250 TSI COMFORTLINE TIP.,2023,32600000
Volkswagen,TAOS,1.4 250 TSI COMFORTLINE TIP.,2022,31100000
Volkswagen,TAOS,1.4 250 TSI COMFORTLINE TIP.,2021,29600000
Volkswagen,TAOS,1.4 250 TSI HIGHLINE TIP.,2023,37500000
Volkswagen,TAOS,1.4 250 TSI HIGHLINE TIP.,2022,36000000
Volkswagen,TAOS,1.4 250 TSI HIGHLINE TIP.,2021,34500000
Volkswagen,TAOS,1.4 250 TSI HERO BI TONO,2023,37800000
Volkswagen,TAOS,1.4 250 TSI HERO BI TONO,2022,36300000
Volkswagen,TAOS,1.4 250 TSI HERO BI TONO,2021,34800000
Volkswagen,TAOS,1.4 250 TSI COMFORTLINE AT L/23,2024,35800000
Volkswagen,TAOS,1.4 250 TSI COMFORTLINE AT L/23,2023,33800000
Volkswagen,TAOS,1.4 250 TSI HIGHLINE AT L/23,2024,40700000
Volkswagen,TAOS,1.4 250 TSI HIGHLINE AT L/23,2023,38700000
Volkswagen,TAOS,1.4 250 TSI HIGHLINE AT L/23 BITONO,2024,41000000
Volkswagen,TAOS,1.4 250 TSI HIGHLINE AT L/23 BITONO,2023,39000000
Volkswagen,TAOS,1.4 250 TSI COMFORTLINE AT L/24,2025,39200000
Volkswagen,TAOS,1.4 250 TSI COMFORTLINE AT L/24,2024,37700000
Volkswagen,TAOS,1.4 250 TSI HIGHLINE AT L/24,2025,44300000
Volkswagen,TAOS,1.4 250 TSI HIGHLINE AT L/24,2024,42300000
Volkswagen,TAOS,1.4 250 TSI HIGHLINE AT L/24 BITONO,2025,44600000
Volkswagen,TAOS,1.4 250 TSI HIGHLINE AT L/24 BITONO,2024,42600000
Volkswagen,TAOS,1.4 250 TSI COMFORTLINE AT L/26,2026,59249000
Volkswagen,TAOS,1.4 250 TSI COMFORTLINE AT L/26,2025,43500000
Volkswagen,TAOS,1.4 250 TSI HIGHLINE AT L/26,2026,67447000
Volkswagen,TAOS,1.4 250 TSI HIGHLINE AT L/26,2025,47500000
Volkswagen,TAOS,1.4 250 TSI HIGHLINE AT L/26 BITONO,2026,68322000
Volkswagen,TAOS,1.4 250 TSI HIGHLINE AT L/26 BITONO,2025,48000000
Volkswagen,T-CROSS,1.0 170 TSI,2024,27000000
Volkswagen,T-CROSS,1.0 170 TSI,2023,25800000
Volkswagen,T-CROSS,1.0 170 TSI,2022,24600000
Volkswagen,T-CROSS,1.0 170 TSI SENSE MT,2026,39060000
Volkswagen,T-CROSS,1.0 170 TSI TRENDLINE L/24,2026,52300000
Volkswagen,T-CROSS,1.0 170 TSI TRENDLINE L/24,2025,30500000
Volkswagen,T-CROSS,1.0 170 TSI TRENDLINE L/24,2024,28500000
Volkswagen,T-CROSS,1.0 200 TSI COMFORTLINE TIP.,2024,30000000
Volkswagen,T-CROSS,1.0 200 TSI COMFORTLINE TIP.,2023,28800000
Volkswagen,T-CROSS,1.0 200 TSI COMFORTLINE TIP.,2022,27600000
Volkswagen,T-CROSS,1.0 200 TSI COMFORTLINE TIP.,2021,26500000
Volkswagen,T-CROSS,1.0 200 TSI HIGHLINE TIP.,2024,33000000
Volkswagen,T-CROSS,1.0 200 TSI HIGHLINE TIP.,2023,31500000
Volkswagen,T-CROSS,1.0 200 TSI HIGHLINE TIP.,2022,30000000
Volkswagen,T-CROSS,1.0 200 TSI HIGHLINE TIP.,2021,28600000
Volkswagen,T-CROSS,1.0 200 TSI COMFORTLINE AT L/24,2026,59480000
Volkswagen,T-CROSS,1.0 200 TSI COMFORTLINE AT L/24,2025,33500000
Volkswagen,T-CROSS,1.0 200 TSI COMFORTLINE AT L/24,2024,31500000
Volkswagen,T-CROSS,1.0 200 TSI EXTREME AT,2026,67303000
Volkswagen,T-CROSS,1.0 200 TSI EXTREME AT,2025,38000000
Volkswagen,T-CROSS,1.0 200 TSI HIGHLINE AT L/24,2026,65653000
Volkswagen,T-CROSS,1.0 200 TSI HIGHLINE AT L/24,2025,37500000
Volkswagen,T-CROSS,1.0 200 TSI HIGHLINE AT L/24,2024,35500000
Volkswagen,T-CROSS,1.0 200 TSI HIGHLINE AT BT L/24,2026,66763000
Volkswagen,T-CROSS,1.0 200 TSI HIGHLINE AT BT L/24,2025,38000000
Volkswagen,T-CROSS,1.0 200 TSI HIGHLINE AT BT L/24,2024,36000000
Volkswagen,T-CROSS,1.0 200 TSI TRENDLINE AT L/24,2026,54992000
Volkswagen,T-CROSS,1.0 200 TSI TRENDLINE AT L/24,2025,31500000
Volkswagen,T-CROSS,1.0 200 TSI TRENDLINE AT L/24,2024,29500000
Volkswagen,T-CROSS,1.6 COMFORTLINE,2021,25300000
Volkswagen,T-CROSS,1.6 COMFORTLINE,2020,24300000
Volkswagen,T-CROSS,1.6 COMFORTLINE,2019,23300000
Volkswagen,T-CROSS,1.6 COMFORTLINE AT 6,2022,26500000
Volkswagen,T-CROSS,1.6 COMFORTLINE AT 6,2021,25500000
Volkswagen,T-CROSS,1.6 COMFORTLINE AT 6,2020,24500000
Volkswagen,T-CROSS,1.6 COMFORTLINE AT 6,2019,23500000
Volkswagen,T-CROSS,1.6 HIGHLINE AT 6,2022,27500000
Volkswagen,T-CROSS,1.6 HIGHLINE AT 6,2021,26500000
Volkswagen,T-CROSS,1.6 HIGHLINE AT 6,2020,25500000
Volkswagen,T-CROSS,1.6 HIGHLINE AT 6,2019,24500000
Volkswagen,T-CROSS,1.6 HIGHLINE AT 6 HERO,2021,26700000
Volkswagen,T-CROSS,1.6 HIGHLINE AT 6 HERO,2020,25700000
Volkswagen,T-CROSS,1.6 HIGHLINE AT 6 HERO,2019,24700000
Volkswagen,T-CROSS,1.6 STYLE EDITION AT6,2021,26600000
Volkswagen,T-CROSS,1.6 STYLE EDITION AT6,2020,25600000
Volkswagen,T-CROSS,1.6 TRENDLINE,2023,24800000
Volkswagen,T-CROSS,1.6 TRENDLINE,2022,23800000
Volkswagen,T-CROSS,1.6 TRENDLINE,2021,23000000
Volkswagen,T-CROSS,1.6 TRENDLINE,2020,22500000
Volkswagen,T-CROSS,1.6 TRENDLINE,2019,22000000
Volkswagen,TERA,1.0 170 TSI COMFORT AT,2026,42817000
Volkswagen,TERA,1.0 170 TSI COMFORT AT,2025,33000000
Volkswagen,TERA,1.0 170 TSI COMFORT AT PACK SAFE II,2026,43859000
Volkswagen,TERA,1.0 170 TSI COMFORT AT PACK SAFE II,2025,33500000
Volkswagen,TERA,1.0 170 TSI HIGH AT,2026,46987000
Volkswagen,TERA,1.0 170 TSI HIGH AT,2025,36500000
Volkswagen,TERA,1.0 170 TSI OUTFIT AT,2026,48160000
Volkswagen,TERA,1.0 170 TSI OUTFIT AT,2025,37000000
Volkswagen,TERA,1.6 MSI TREND,2026,37865000
Volkswagen,TERA,1.6 MSI TREND,2025,28500000
Volkswagen,TERA,1.6 MSI TREND PACK SAFE I,2026,38495000
Volkswagen,TERA,1.6 MSI TREND PACK SAFE I,2025,29000000
Volkswagen,THE BEETLE,1.4 TSI DESIGN,2020,26600000
Volkswagen,THE BEETLE,1.4 TSI DESIGN,2019,25400000
Volkswagen,THE BEETLE,1.4 TSI DESIGN,2018,24400000
Volkswagen,THE BEETLE,1.4 TSI DESIGN,2017,23500000
Volkswagen,THE BEETLE,1.4 TSI DESIGN,2016,22700000
Volkswagen,THE BEETLE,1.4 TSI DESIGN,2015,21900000
Volkswagen,THE BEETLE,1.4 TSI DESIGN,2014,21100000
Volkswagen,THE BEETLE,1.4 TSI DESIGN DSG,2020,26900000
Volkswagen,THE BEETLE,1.4 TSI DESIGN DSG,2019,25700000
Volkswagen,THE BEETLE,1.4 TSI DESIGN DSG,2018,24700000
Volkswagen,THE BEETLE,1.4 TSI DESIGN DSG,2017,23800000
Volkswagen,THE BEETLE,1.4 TSI DESIGN DSG,2016,23000000
Volkswagen,THE BEETLE,1.4 TSI DESIGN DSG,2015,22200000
Volkswagen,THE BEETLE,1.4 TSI DESIGN DSG,2014,21400000
Volkswagen,THE BEETLE,2.0 TSI SPORT,2017,39500000
Volkswagen,THE BEETLE,2.0 TSI SPORT,2016,38500000
Volkswagen,THE BEETLE,2.0 TSI SPORT,2015,37500000
Volkswagen,THE BEETLE,2.0 TSI SPORT,2014,36500000
Volkswagen,THE BEETLE,2.0 TSI SPORT DSG,2020,44000000
Volkswagen,THE BEETLE,2.0 TSI SPORT DSG,2019,42500000
Volkswagen,THE BEETLE,2.0 TSI SPORT DSG,2018,41200000
Volkswagen,THE BEETLE,2.0 TSI SPORT DSG,2017,40000000
Volkswagen,THE BEETLE,2.0 TSI SPORT DSG,2016,39000000
Volkswagen,THE BEETLE,2.0 TSI SPORT DSG,2015,38000000
Volkswagen,THE BEETLE,2.0 TSI SPORT DSG,2014,37000000
Volkswagen,THE BEETLE,CABRIO 2.0 T SPORT,2015,43500000
Volkswagen,THE BEETLE,CABRIO 2.0 T SPORT,2014,42500000
Volkswagen,THE BEETLE,CABRIO 2.0 T SPORT DSG,2020,50000000
Volkswagen,THE BEETLE,CABRIO 2.0 T SPORT DSG,2019,48500000
Volkswagen,THE BEETLE,CABRIO 2.0 T SPORT DSG,2018,47000000
Volkswagen,THE BEETLE,CABRIO 2.0 T SPORT DSG,2017,45500000
Volkswagen,THE BEETLE,CABRIO 2.0 T SPORT DSG,2015,44000000
Volkswagen,THE BEETLE,CABRIO 2.0 T SPORT DSG,2014,43000000
Volkswagen,TIGUAN,1.4 TSI 250 DSG7 LIFE,2026,79917000
Volkswagen,TIGUAN,1.4 TSI 250 DSG7 LIFE,2025,59000000
Volkswagen,TIGUAN,1.4 TSI 250 DSG7 R-LINE,2026,84114000
Volkswagen,TIGUAN,1.4 TSI 250 DSG7 R-LINE,2025,62000000
Volkswagen,TIGUAN,2.0 TDI ELEGANCE TIP L/12,2016,25400000
Volkswagen,TIGUAN,2.0 TDI ELEGANCE TIP L/12,2015,24200000
Volkswagen,TIGUAN,2.0 TDI ELEGANCE TIP L/12,2014,23000000
Volkswagen,TIGUAN,2.0 TDI ELEGANCE TIP L/12,2013,22000000
Volkswagen,TIGUAN,2.0 TDI ELEGANCE TIP L/12,2012,21100000
Volkswagen,TIGUAN,2.0 TDI EXCLUSIVE TIP L/08,2011,18400000
Volkswagen,TIGUAN,2.0 TDI EXCLUSIVE TIP L/08,2010,17900000
Volkswagen,TIGUAN,2.0 TDI EXCLUSIVE TIP L/08,2009,17400000
Volkswagen,TIGUAN,2.0 TDI EXCLUSIVE TIP L/08,2008,17000000
Volkswagen,TIGUAN,2.0 TDI EXCLUSIVE TIP L/12,2016,24900000
Volkswagen,TIGUAN,2.0 TDI EXCLUSIVE TIP L/12,2015,23700000
Volkswagen,TIGUAN,2.0 TDI EXCLUSIVE TIP L/12,2014,22500000
Volkswagen,TIGUAN,2.0 TDI EXCLUSIVE TIP L/12,2013,21500000
Volkswagen,TIGUAN,2.0 TDI EXCLUSIVE TIP L/12,2012,20600000
Volkswagen,TIGUAN,2.0 TDI PREMIUM TIP L/12,2016,25700000
Volkswagen,TIGUAN,2.0 TDI PREMIUM TIP L/12,2015,24500000
Volkswagen,TIGUAN,2.0 TDI PREMIUM TIP L/12,2014,23300000
Volkswagen,TIGUAN,2.0 TDI PREMIUM TIP L/12,2013,22300000
Volkswagen,TIGUAN,2.0 TDI PREMIUM TIP L/12,2012,21400000
Volkswagen,TIGUAN,2.0 TDI PREMIUM TIP L/12,2011,20600000
Volkswagen,TIGUAN,2.0 TDI SPORT PL TIP.,2011,18000000
Volkswagen,TIGUAN,2.0 TDI SPORT PL II TIP.,2011,18100000
Volkswagen,TIGUAN,2.0 TDI SPORT&STYLE TI L/08,2011,17900000
Volkswagen,TIGUAN,2.0 TDI SPORT&STYLE TI L/08,2010,17400000
Volkswagen,TIGUAN,2.0 TDI SPORT&STYLE TI L/08,2009,16900000
Volkswagen,TIGUAN,2.0 TDI SPORT&STYLE TI L/08,2008,16500000
Volkswagen,TIGUAN,2.0 TDI SPORT&STYLE TI L/12,2016,24400000
Volkswagen,TIGUAN,2.0 TDI SPORT&STYLE TI L/12,2015,23200000
Volkswagen,TIGUAN,2.0 TDI SPORT&STYLE TI L/12,2014,22000000
Volkswagen,TIGUAN,2.0 TDI SPORT&STYLE TI L/12,2013,21000000
Volkswagen,TIGUAN,2.0 TDI SPORT&STYLE TI L/12,2012,20100000
Volkswagen,TIGUAN,2.0 TSI ELEGANCE L/12,2016,25400000
Volkswagen,TIGUAN,2.0 TSI ELEGANCE L/12,2015,24200000
Volkswagen,TIGUAN,2.0 TSI ELEGANCE L/12,2014,23000000
Volkswagen,TIGUAN,2.0 TSI ELEGANCE L/12,2013,22000000
Volkswagen,TIGUAN,2.0 TSI ELEGANCE L/12,2012,21100000
Volkswagen,TIGUAN,2.0 TSI ELEGANCE L/12,2011,20200000
Volkswagen,TIGUAN,2.0 TSI ELEGANCE TIP L/12,2016,25600000
Volkswagen,TIGUAN,2.0 TSI ELEGANCE TIP L/12,2015,24400000
Volkswagen,TIGUAN,2.0 TSI ELEGANCE TIP L/12,2014,23200000
Volkswagen,TIGUAN,2.0 TSI ELEGANCE TIP L/12,2013,22200000
Volkswagen,TIGUAN,2.0 TSI ELEGANCE TIP L/12,2012,21300000
Volkswagen,TIGUAN,2.0 TSI EXCLUSIVE L/08,2011,18400000
Volkswagen,TIGUAN,2.0 TSI EXCLUSIVE L/08,2010,17900000
Volkswagen,TIGUAN,2.0 TSI EXCLUSIVE L/08,2009,17400000
Volkswagen,TIGUAN,2.0 TSI EXCLUSIVE L/08,2008,17000000
Volkswagen,TIGUAN,2.0 TSI EXCLUSIVE L/12,2016,24900000
Volkswagen,TIGUAN,2.0 TSI EXCLUSIVE L/12,2015,23700000
Volkswagen,TIGUAN,2.0 TSI EXCLUSIVE L/12,2014,22500000
Volkswagen,TIGUAN,2.0 TSI EXCLUSIVE L/12,2013,21500000
Volkswagen,TIGUAN,2.0 TSI EXCLUSIVE L/12,2012,20600000
Volkswagen,TIGUAN,2.0 TSI EXCLUSIVE TIP L/08,2011,18600000
Volkswagen,TIGUAN,2.0 TSI EXCLUSIVE TIP L/08,2010,18100000
Volkswagen,TIGUAN,2.0 TSI EXCLUSIVE TIP L/08,2009,17600000
Volkswagen,TIGUAN,2.0 TSI EXCLUSIVE TIP L/08,2008,17200000
Volkswagen,TIGUAN,2.0 TSI EXCLUSIVE TIP L/12,2016,25100000
Volkswagen,TIGUAN,2.0 TSI EXCLUSIVE TIP L/12,2015,23900000
Volkswagen,TIGUAN,2.0 TSI EXCLUSIVE TIP L/12,2014,22700000
Volkswagen,TIGUAN,2.0 TSI EXCLUSIVE TIP L/12,2013,21700000
Volkswagen,TIGUAN,2.0 TSI EXCLUSIVE TIP L/12,2012,20800000
Volkswagen,TIGUAN,2.0 TSI PREMIUM L/12,2016,25700000
Volkswagen,TIGUAN,2.0 TSI PREMIUM L/12,2015,24500000
Volkswagen,TIGUAN,2.0 TSI PREMIUM L/12,2014,23300000
Volkswagen,TIGUAN,2.0 TSI PREMIUM L/12,2013,22300000
Volkswagen,TIGUAN,2.0 TSI PREMIUM L/12,2012,21400000
Volkswagen,TIGUAN,2.0 TSI PREMIUM L/12,2011,20600000
Volkswagen,TIGUAN,2.0 TSI PREMIUM TIP L/12,2017,27200000
Volkswagen,TIGUAN,2.0 TSI PREMIUM TIP L/12,2016,25900000
Volkswagen,TIGUAN,2.0 TSI PREMIUM TIP L/12,2015,24700000
Volkswagen,TIGUAN,2.0 TSI PREMIUM TIP L/12,2014,23500000
Volkswagen,TIGUAN,2.0 TSI PREMIUM TIP L/12,2013,22500000
Volkswagen,TIGUAN,2.0 TSI PREMIUM TIP L/12,2012,21600000
Volkswagen,TIGUAN,2.0 TSI SPORT PLUS,2011,18100000
Volkswagen,TIGUAN,2.0 TSI SPORT PLUS DSG,2011,18300000
Volkswagen,TIGUAN,2.0 TSI SPORT PLUS II,2011,18300000
Volkswagen,TIGUAN,2.0 TSI SPORT PLUS II DSG,2011,18500000
Volkswagen,TIGUAN,2.0 TSI SPORT&STYLE L/08,2011,17900000
Volkswagen,TIGUAN,2.0 TSI SPORT&STYLE L/08,2010,17400000
Volkswagen,TIGUAN,2.0 TSI SPORT&STYLE L/08,2009,16900000
Volkswagen,TIGUAN,2.0 TSI SPORT&STYLE L/08,2008,16500000
Volkswagen,TIGUAN,2.0 TSI SPORT&STYLE L/12,2016,24400000
Volkswagen,TIGUAN,2.0 TSI SPORT&STYLE L/12,2015,23200000
Volkswagen,TIGUAN,2.0 TSI SPORT&STYLE L/12,2014,22000000
Volkswagen,TIGUAN,2.0 TSI SPORT&STYLE L/12,2013,21000000
Volkswagen,TIGUAN,2.0 TSI SPORT&STYLE L/12,2012,20100000
Volkswagen,TIGUAN,2.0 TSI SPORT&STYLE TI L/08,2011,18100000
Volkswagen,TIGUAN,2.0 TSI SPORT&STYLE TI L/08,2010,17600000
Volkswagen,TIGUAN,2.0 TSI SPORT&STYLE TI L/08,2009,17100000
Volkswagen,TIGUAN,2.0 TSI SPORT&STYLE TI L/08,2008,16700000
Volkswagen,TIGUAN,2.0 TSI SPORT&STYLE TIP L/12,2017,25900000
Volkswagen,TIGUAN,2.0 TSI SPORT&STYLE TIP L/12,2016,24600000
Volkswagen,TIGUAN,2.0 TSI SPORT&STYLE TIP L/12,2015,23400000
Volkswagen,TIGUAN,2.0 TSI SPORT&STYLE TIP L/12,2014,22200000
Volkswagen,TIGUAN,2.0 TSI SPORT&STYLE TIP L/12,2013,21200000
Volkswagen,TIGUAN,2.0 TSI SPORT&STYLE TIP L/12,2012,20300000
Volkswagen,TIGUAN,ALLSPACE 1.4T 250 AUT,2023,41500000
Volkswagen,TIGUAN,ALLSPACE 1.4T 250 AUT,2022,39000000
Volkswagen,TIGUAN,ALLSPACE 1.4T 250 AUT,2021,37000000
Volkswagen,TIGUAN,ALLSPACE 1.4T 250 AUT,2020,35000000
Volkswagen,TIGUAN,ALLSPACE 1.4T TRENDLINE AUT,2020,33700000
Volkswagen,TIGUAN,ALLSPACE 1.4T TRENDLINE AUT,2019,32700000
Volkswagen,TIGUAN,ALLSPACE 1.4T TRENDLINE AUT,2018,31700000
Volkswagen,TIGUAN,ALLSPACE 1.4T TRENDLINE AUT,2017,30700000
Volkswagen,TIGUAN,ALLSPACE 2.0T COMFORTLI.AUT,2020,40000000
Volkswagen,TIGUAN,ALLSPACE 2.0T COMFORTLI.AUT,2019,39000000
Volkswagen,TIGUAN,ALLSPACE 2.0T COMFORTLI.AUT,2018,38000000
Volkswagen,TIGUAN,ALLSPACE 2.0T COMFORTLI.AUT,2017,37000000
Volkswagen,TIGUAN,ALLSPACE 2.0T HIGHLINE AUT,2020,41500000
Volkswagen,TIGUAN,ALLSPACE 2.0T HIGHLINE AUT,2019,40500000
Volkswagen,TIGUAN,ALLSPACE 2.0T HIGHLINE AUT,2018,39500000
Volkswagen,TIGUAN,ALLSPACE 2.0T HIGHLINE AUT,2017,38500000
Volkswagen,TIGUAN,ALLSPACE 2.0T 350 COMFORT. 4MO.,2023,52000000
Volkswagen,TIGUAN,ALLSPACE 2.0T 350 COMFORT. 4MO.,2022,49000000
Volkswagen,TIGUAN,ALLSPACE 2.0T 350 COMFORT. 4MO.,2021,46000000
Volkswagen,TIGUAN,ALLSPACE 2.0T 350 HIGHLINE 4MO.,2023,57000000
Volkswagen,TIGUAN,ALLSPACE 2.0T 350 HIGHLINE 4MO.,2022,54000000
Volkswagen,TIGUAN,ALLSPACE 2.0T 350 HIGHLINE 4MO.,2021,51000000
Volkswagen,TIGUAN,ALLSPACE 2.0T 350 LIFE 4MO. DSG,2025,62000000
Volkswagen,TIGUAN,ALLSPACE 2.0T 350 LIFE 4MO. DSG,2024,59000000
Volkswagen,TIGUAN,ALLSPACE 2.0T 350 LIFE 4MO. DSG,2023,56000000
Volkswagen,TIGUAN,ALLSPACE 2.0TDI HIGHLINE AT,2020,41700000
Volkswagen,TIGUAN,ALLSPACE 2.0TDI HIGHLINE AT,2019,40700000
Volkswagen,TOUAREG,2.5 TDI,2007,16600000
Volkswagen,TOUAREG,2.5 TDI R5 PREMIUM,2010,23100000
Volkswagen,TOUAREG,2.5 TDI R5 PREMIUM,2009,22100000
Volkswagen,TOUAREG,2.5 TDI R5 PREMIUM,2008,21100000
Volkswagen,TOUAREG,2.5 TDI R5 PREMIUM,2007,20100000
Volkswagen,TOUAREG,2.5 TDI R5 STYLE,2010,22100000
Volkswagen,TOUAREG,2.5 TDI R5 STYLE,2009,21100000
Volkswagen,TOUAREG,2.5 TDI R5 STYLE,2008,20100000
Volkswagen,TOUAREG,2.5 TDI R5 STYLE,2007,19100000
Volkswagen,TOUAREG,3.0 V6 HYBRID,2016,35300000
Volkswagen,TOUAREG,3.0 V6 HYBRID,2015,33200000
Volkswagen,TOUAREG,3.0 V6 HYBRID,2014,31100000
Volkswagen,TOUAREG,3.0 V6 HYBRID,2013,29000000
Volkswagen,TOUAREG,3.0 V6 TDI ELEGANCE L/11,2016,35300000
Volkswagen,TOUAREG,3.0 V6 TDI ELEGANCE L/11,2015,33200000
Volkswagen,TOUAREG,3.0 V6 TDI ELEGANCE L/11,2014,31100000
Volkswagen,TOUAREG,3.0 V6 TDI ELEGANCE L/11,2013,29000000
Volkswagen,TOUAREG,3.0 V6 TDI ELEGANCE L/11,2012,27000000
Volkswagen,TOUAREG,3.0 V6 TDI ELEGANCE L/11,2011,25400000
Volkswagen,TOUAREG,3.0 V6 TDI LIFE L/11,2013,27000000
Volkswagen,TOUAREG,3.0 V6 TDI LIFE L/11,2012,25500000
Volkswagen,TOUAREG,3.0 V6 TDI LIFE L/11,2011,24000000
Volkswagen,TOUAREG,3.0 V6 TDI PREMIUM L/17,2019,54800000
Volkswagen,TOUAREG,3.0 V6 TDI PREMIUM L/17,2018,50800000
Volkswagen,TOUAREG,3.0 V6 TDI PREMIUM L/17,2017,46800000
Volkswagen,TOUAREG,3.0 V6 TDI PREMIUM L/17,2016,42800000
Volkswagen,TOUAREG,3.0 V6 TDI PREMIUM L/19,2022,74800000
Volkswagen,TOUAREG,3.0 V6 TDI PREMIUM L/19,2021,68800000
Volkswagen,TOUAREG,3.0 V6 TDI PREMIUM L/19,2020,63800000
Volkswagen,TOUAREG,3.0 V6 TDI PREMIUM L/19,2019,59800000
Volkswagen,TOUAREG,3.0 V6 TDI STYLE L/11,2016,34300000
Volkswagen,TOUAREG,3.0 V6 TDI STYLE L/11,2015,32200000
Volkswagen,TOUAREG,3.0 V6 TDI STYLE L/11,2014,30100000
Volkswagen,TOUAREG,3.0 V6 TDI STYLE L/11,2013,28000000
Volkswagen,TOUAREG,3.0 V6 TDI STYLE L/11,2012,26300000
Volkswagen,TOUAREG,3.0 V6 TDI STYLE L/11,2011,24800000
Volkswagen,TOUAREG,3.2 V6,2007,16700000
Volkswagen,TOUAREG,3.6 V6 FSI ELEGANCE L/11,2016,35100000
Volkswagen,TOUAREG,3.6 V6 FSI ELEGANCE L/11,2015,33000000
Volkswagen,TOUAREG,3.6 V6 FSI ELEGANCE L/11,2014,30900000
Volkswagen,TOUAREG,3.6 V6 FSI ELEGANCE L/11,2013,28800000
Volkswagen,TOUAREG,3.6 V6 FSI ELEGANCE L/11,2012,26800000
Volkswagen,TOUAREG,3.6 V6 FSI ELEGANCE L/11,2011,25200000
Volkswagen,TOUAREG,3.6 V6 FSI LIFE L/11,2013,26800000
Volkswagen,TOUAREG,3.6 V6 FSI LIFE L/11,2012,25300000
Volkswagen,TOUAREG,3.6 V6 FSI LIFE L/11,2011,23800000
Volkswagen,TOUAREG,3.6 V6 FSI PREMIUM,2010,23200000
Volkswagen,TOUAREG,3.6 V6 FSI PREMIUM,2009,22200000
Volkswagen,TOUAREG,3.6 V6 FSI PREMIUM,2008,21200000
Volkswagen,TOUAREG,3.6 V6 FSI PREMIUM,2007,20200000
Volkswagen,TOUAREG,3.6 V6 FSI STYLE,2010,22200000
Volkswagen,TOUAREG,3.6 V6 FSI STYLE,2009,21200000
Volkswagen,TOUAREG,3.6 V6 FSI STYLE,2008,20200000
Volkswagen,TOUAREG,3.6 V6 FSI STYLE,2007,19200000
Volkswagen,TOUAREG,3.6 V6 FSI STYLE L/11,2016,34100000
Volkswagen,TOUAREG,3.6 V6 FSI STYLE L/11,2015,32000000
Volkswagen,TOUAREG,3.6 V6 FSI STYLE L/11,2014,29900000
Volkswagen,TOUAREG,3.6 V6 FSI STYLE L/11,2013,27800000
Volkswagen,TOUAREG,3.6 V6 FSI STYLE L/11,2012,26100000
Volkswagen,TOUAREG,3.6 V6 FSI STYLE L/11,2011,24600000
Volkswagen,TOUAREG,4.2 V8,2007,18400000
Volkswagen,TOUAREG,4.2 V8 FSI PREMIUM,2010,24200000
Volkswagen,TOUAREG,4.2 V8 FSI PREMIUM,2009,23200000
Volkswagen,TOUAREG,4.2 V8 FSI PREMIUM,2008,22200000
Volkswagen,TOUAREG,4.2 V8 FSI PREMIUM,2007,21200000
Volkswagen,TOUAREG,4.2 V8 FSI PREMIUM L/11,2016,37100000
Volkswagen,TOUAREG,4.2 V8 FSI PREMIUM L/11,2015,35000000
Volkswagen,TOUAREG,4.2 V8 FSI PREMIUM L/11,2014,32900000
Volkswagen,TOUAREG,4.2 V8 FSI PREMIUM L/11,2013,30800000
Volkswagen,TOUAREG,4.2 V8 FSI PREMIUM L/11,2012,28800000
Volkswagen,TOUAREG,4.2 V8 FSI PREMIUM L/11,2011,27300000
Volkswagen,TOUAREG,4.2 V8 FSI PREMIUM L/17,2019,55800000
Volkswagen,TOUAREG,4.2 V8 FSI PREMIUM L/17,2018,51800000
Volkswagen,TOUAREG,4.2 V8 FSI PREMIUM L/17,2017,47800000
Volkswagen,TOUAREG,4.2 V8 FSI PREMIUM L/17,2016,43800000
Volkswagen,TOUAREG,5.0 TDI,2007,20400000
Volkswagen,TRANSPORTER,1.9 TDI COMFORT.,2010,25000000
Volkswagen,TRANSPORTER,1.9 TDI COMFORT.,2009,24000000
Volkswagen,TRANSPORTER,1.9 TDI COMFORT.,2008,23000000
Volkswagen,TRANSPORTER,1.9 TDI COMFORT. 2 PLC,2010,25500000
Volkswagen,TRANSPORTER,1.9 TDI COMFORT. 2 PLC,2009,24500000
Volkswagen,TRANSPORTER,1.9 TDI COMFORT. 2 PLC,2008,23500000
Volkswagen,UP!,3 PTAS HIGH,2019,15500000
Volkswagen,UP!,3 PTAS HIGH,2018,14800000
Volkswagen,UP!,3 PTAS HIGH,2017,14200000
Volkswagen,UP!,3 PTAS HIGH,2016,13700000
Volkswagen,UP!,3 PTAS HIGH,2015,13200000
Volkswagen,UP!,3 PTAS HIGH,2014,12700000
Volkswagen,UP!,3 PTAS MOVE,2019,15000000
Volkswagen,UP!,3 PTAS MOVE,2018,14300000
Volkswagen,UP!,3 PTAS MOVE,2017,13800000
Volkswagen,UP!,3 PTAS MOVE,2016,13300000
Volkswagen,UP!,3 PTAS MOVE,2015,12800000
Volkswagen,UP!,3 PTAS MOVE,2014,12300000
Volkswagen,UP!,3 PTAS TAKE,2015,12550000
Volkswagen,UP!,3 PTAS TAKE,2014,12050000
Volkswagen,UP!,3 PTAS TAKE AA,2019,14800000
Volkswagen,UP!,3 PTAS TAKE AA,2018,14100000
Volkswagen,UP!,3 PTAS TAKE AA,2017,13600000
Volkswagen,UP!,3 PTAS TAKE AA,2016,13100000
Volkswagen,UP!,3 PTAS TAKE AA,2015,12600000
Volkswagen,UP!,3 PTAS TAKE AA,2014,12100000
Volkswagen,UP!,5 PTAS BLACK,2017,14700000
Volkswagen,UP!,5 PTAS BLACK,2016,14200000
Volkswagen,UP!,5 PTAS BLACK,2015,13700000
Volkswagen,UP!,5 PTAS BLACK,2014,13200000
Volkswagen,UP!,5 PTAS CROSS,2021,17700000
Volkswagen,UP!,5 PTAS CROSS,2020,17000000
Volkswagen,UP!,5 PTAS CROSS,2019,16300000
Volkswagen,UP!,5 PTAS CROSS,2018,15700000
Volkswagen,UP!,5 PTAS CROSS,2017,15100000
Volkswagen,UP!,5 PTAS CROSS,2016,14500000
Volkswagen,UP!,5 PTAS CROSS TSI,2021,18200000
Volkswagen,UP!,5 PTAS CROSS TSI,2020,17500000
Volkswagen,UP!,5 PTAS CROSS TSI,2019,16800000
Volkswagen,UP!,5 PTAS HIGH,2021,17200000
Volkswagen,UP!,5 PTAS HIGH,2020,16400000
Volkswagen,UP!,5 PTAS HIGH,2019,15600000
Volkswagen,UP!,5 PTAS HIGH,2018,14900000
Volkswagen,UP!,5 PTAS HIGH,2017,14300000
Volkswagen,UP!,5 PTAS HIGH,2016,13800000
Volkswagen,UP!,5 PTAS HIGH,2015,13300000
Volkswagen,UP!,5 PTAS HIGH,2014,12800000
Volkswagen,UP!,5 PTAS HIGH I-MOTION,2019,15800000
Volkswagen,UP!,5 PTAS HIGH I-MOTION,2018,15100000
Volkswagen,UP!,5 PTAS HIGH I-MOTION,2017,14500000
Volkswagen,UP!,5 PTAS HIGH I-MOTION,2016,14000000
Volkswagen,UP!,5 PTAS HIGH I-MOTION,2015,13500000
Volkswagen,UP!,5 PTAS MOVE,2020,15900000
Volkswagen,UP!,5 PTAS MOVE,2019,15100000
Volkswagen,UP!,5 PTAS MOVE,2018,14400000
Volkswagen,UP!,5 PTAS MOVE,2017,13900000
Volkswagen,UP!,5 PTAS MOVE,2016,13400000
Volkswagen,UP!,5 PTAS MOVE,2015,12900000
Volkswagen,UP!,5 PTAS MOVE,2014,12400000
Volkswagen,UP!,5 PTAS MOVE I-MOTION,2019,15300000
Volkswagen,UP!,5 PTAS MOVE I-MOTION,2018,14600000
Volkswagen,UP!,5 PTAS MOVE I-MOTION,2017,14100000
Volkswagen,UP!,5 PTAS MOVE I-MOTION,2016,13600000
Volkswagen,UP!,5 PTAS MOVE I-MOTION,2015,13100000
Volkswagen,UP!,5 PTAS PEPPER TSI,2020,19200000
Volkswagen,UP!,5 PTAS PEPPER TSI,2019,18400000
Volkswagen,UP!,5 PTAS PEPPER TSI,2018,17600000
Volkswagen,UP!,5 PTAS PEPPER TSI,2017,16900000
Volkswagen,UP!,5 PTAS TAKE,2014,12150000
Volkswagen,UP!,5 PTAS TAKE AA,2021,16400000
Volkswagen,UP!,5 PTAS TAKE AA,2020,15600000
Volkswagen,UP!,5 PTAS TAKE AA,2019,14900000
Volkswagen,UP!,5 PTAS TAKE AA,2018,14200000
Volkswagen,UP!,5 PTAS TAKE AA,2017,13700000
Volkswagen,UP!,5 PTAS TAKE AA,2016,13200000
Volkswagen,UP!,5 PTAS TAKE AA,2015,12700000
Volkswagen,UP!,5 PTAS TAKE AA,2014,12200000
Volkswagen,UP!,5 PTAS WHITE,2017,14700000
Volkswagen,UP!,5 PTAS WHITE,2016,14200000
Volkswagen,UP!,5 PTAS WHITE,2015,13700000
Volkswagen,UP!,5 PTAS WHITE,2014,13200000
Volkswagen,VENTO,1.4 TSI BM TECH COMFORTLINE,2020,27500000
Volkswagen,VENTO,1.4 TSI BM TECH COMFORTLINE,2019,25700000
Volkswagen,VENTO,1.4 TSI BM TECH COMFORTLINE,2018,24100000
Volkswagen,VENTO,1.4 TSI BM TECH COMFORTLINE,2017,22600000
Volkswagen,VENTO,1.4 TSI BM TECH COMFORTLINE,2016,21100000
Volkswagen,VENTO,1.4 TSI BM TECH COMFORTLINE DSG,2020,27900000
Volkswagen,VENTO,1.4 TSI BM TECH COMFORTLINE DSG,2019,26100000
Volkswagen,VENTO,1.4 TSI BM TECH COMFORTLINE DSG,2018,24500000
Volkswagen,VENTO,1.4 TSI BM TECH COMFORTLINE DSG,2017,23000000
Volkswagen,VENTO,1.4 TSI BM TECH COMFORTLINE DSG,2016,21500000
Volkswagen,VENTO,1.4 TSI COMFORT. AQ TIP. L/18,2020,28900000
Volkswagen,VENTO,1.4 TSI COMFORT. AQ TIP. L/18,2019,27100000
Volkswagen,VENTO,1.4 TSI COMFORT. AQ TIP. L/18,2018,25500000
Volkswagen,VENTO,1.4 TSI BM TECH HIGHLINE,2019,26700000
Volkswagen,VENTO,1.4 TSI BM TECH HIGHLINE,2018,25100000
Volkswagen,VENTO,1.4 TSI BM TECH HIGHLINE,2017,23600000
Volkswagen,VENTO,1.4 TSI BM TECH HIGHLINE,2016,22100000
Volkswagen,VENTO,1.4 TSI BM TECH HIGHLINE DSG,2020,28900000
Volkswagen,VENTO,1.4 TSI BM TECH HIGHLINE DSG,2019,27100000
Volkswagen,VENTO,1.4 TSI BM TECH HIGHLINE DSG,2018,25500000
Volkswagen,VENTO,1.4 TSI BM TECH HIGHLINE DSG,2017,24000000
Volkswagen,VENTO,1.4 TSI BM TECH HIGHLINE DSG,2016,22500000
Volkswagen,VENTO,1.4 TSI HIGHLINE AQ TIP. L/18,2020,29900000
Volkswagen,VENTO,1.4 TSI HIGHLINE AQ TIP. L/18,2019,28100000
Volkswagen,VENTO,1.4 TSI HIGHLINE AQ TIP. L/18,2018,26500000
Volkswagen,VENTO,1.4 TSI HIGHLINE 250,2023,36300000
Volkswagen,VENTO,1.4 TSI HIGHLINE 250,2022,34500000
Volkswagen,VENTO,1.4 TSI HIGHLINE 250,2021,32700000
Volkswagen,VENTO,1.4 TSI HIGHLINE 250,2020,31100000
Volkswagen,VENTO,1.9TDI ADVANCE,2011,13800000
Volkswagen,VENTO,1.9TDI ADVANCE,2010,13500000
Volkswagen,VENTO,1.9TDI ADVANCE,2009,13200000
Volkswagen,VENTO,1.9TDI ADVANCE,2008,12900000
Volkswagen,VENTO,1.9TDI ADVANCE,2007,12700000
Volkswagen,VENTO,1.9TDI ADVANCE DSG,2011,14000000
Volkswagen,VENTO,1.9TDI ADVANCE DSG,2010,13700000
Volkswagen,VENTO,1.9TDI ADVANCE DSG,2009,13400000
Volkswagen,VENTO,1.9TDI ADVANCE DSG,2008,13100000
Volkswagen,VENTO,1.9TDI ADVANCE DSG,2007,12900000
Volkswagen,VENTO,1.9TDI LUXURY,2011,14000000
Volkswagen,VENTO,1.9TDI LUXURY,2010,13700000
Volkswagen,VENTO,1.9TDI LUXURY,2009,13400000
Volkswagen,VENTO,1.9TDI LUXURY,2008,13100000
Volkswagen,VENTO,1.9TDI LUXURY,2007,12900000
Volkswagen,VENTO,1.9TDI LUXURY DSG,2011,14200000
Volkswagen,VENTO,1.9TDI LUXURY DSG,2010,13900000
Volkswagen,VENTO,1.9TDI LUXURY DSG,2009,13600000
Volkswagen,VENTO,1.9TDI LUXURY DSG,2008,13300000
Volkswagen,VENTO,1.9TDI LUXURY DSG,2007,13100000
Volkswagen,VENTO,2.0 8V ADVANCE L/11,2011,14100000
Volkswagen,VENTO,2.0 8V ADVANCE L/15,2017,20500000
Volkswagen,VENTO,2.0 8V ADVANCE L/15,2016,19700000
Volkswagen,VENTO,2.0 8V ADVANCE L/15,2015,19000000
Volkswagen,VENTO,2.0 8V ADVANCE SUMMER L/15,2017,20600000
Volkswagen,VENTO,2.0 8V ADVANCE SUMMER L/15,2016,19800000
Volkswagen,VENTO,2.0 8V ADVANCE SUMMER L/15,2015,19100000
Volkswagen,VENTO,2.0 FSI ELEGANCE,2012,15000000
Volkswagen,VENTO,2.0 FSI ELEGANCE,2011,14600000
Volkswagen,VENTO,2.0 FSI ELEGANCE,2010,14300000
Volkswagen,VENTO,2.0 FSI ELEGANCE,2009,14000000
Volkswagen,VENTO,2.0 FSI ELEGANCE,2008,13700000
Volkswagen,VENTO,2.0 FSI ELEGANCE,2007,13500000
Volkswagen,VENTO,2.0 FSI ELEGANCE DSG,2012,15200000
Volkswagen,VENTO,2.0 FSI ELEGANCE DSG,2011,14800000
Volkswagen,VENTO,2.0 FSI ELEGANCE DSG,2010,14500000
Volkswagen,VENTO,2.0 FSI ELEGANCE DSG,2009,14200000
Volkswagen,VENTO,2.0 FSI ELEGANCE DSG,2008,13900000
Volkswagen,VENTO,2.0 FSI ELEGANCE DSG,2007,13700000
Volkswagen,VENTO,2.0 FSI SPORTLINE,2011,14800000
Volkswagen,VENTO,2.0 FSI SPORTLINE,2010,14500000
Volkswagen,VENTO,2.0 FSI SPORTLINE,2009,14200000
Volkswagen,VENTO,2.0 FSI SPORTLINE,2008,13900000
Volkswagen,VENTO,2.0 FSI SPORTLINE,2007,13700000
Volkswagen,VENTO,2.0 FSI SPORTLINE DSG,2011,15000000
Volkswagen,VENTO,2.0 FSI SPORTLINE DSG,2010,14700000
Volkswagen,VENTO,2.0 FSI SPORTLINE DSG,2009,14400000
Volkswagen,VENTO,2.0 FSI SPORTLINE DSG,2008,14100000
Volkswagen,VENTO,2.0 FSI SPORTLINE DSG,2007,13900000
Volkswagen,VENTO,2.0 TSI SPORTLINE L/11,2015,23500000
Volkswagen,VENTO,2.0 TSI SPORTLINE L/11,2014,22700000
Volkswagen,VENTO,2.0 TSI SPORTLINE L/11,2013,21900000
Volkswagen,VENTO,2.0 TSI SPORTLINE L/11,2012,21100000
Volkswagen,VENTO,2.0 TSI SPORTLINE L/11,2011,20300000
Volkswagen,VENTO,2.0 TSI SPORTLINE L/11 DSG,2015,23700000
Volkswagen,VENTO,2.0 TSI SPORTLINE L/11 DSG,2014,22900000
Volkswagen,VENTO,2.0 TSI SPORTLINE L/11 DSG,2013,22100000
Volkswagen,VENTO,2.0 TSI SPORTLINE L/11 DSG,2012,21300000
Volkswagen,VENTO,2.0 TSI SPORTLINE L/11 DSG,2011,20500000
Volkswagen,VENTO,2.0 TSI SPORTLINE L/13 BIXENON,2015,23900000
Volkswagen,VENTO,2.0 TSI SPORTLINE L/13 BIXENON,2014,23100000
Volkswagen,VENTO,2.0 TSI SPORTLINE L/13 BIXENON,2013,22300000
Volkswagen,VENTO,2.0 TSI SPORTLINE L/13 BIXENON DSG,2015,24100000
Volkswagen,VENTO,2.0 TSI SPORTLINE L/13 BIXENON DSG,2014,23300000
Volkswagen,VENTO,2.0 TSI SPORTLINE L/13 BIXENON DSG,2013,22500000
Volkswagen,VENTO,2.0 TSI GLI L/17,2017,32500000
Volkswagen,VENTO,2.0 TSI GLI L/17,2016,31300000
Volkswagen,VENTO,2.0 TSI GLI DSG L/17,2017,32800000
Volkswagen,VENTO,2.0 TSI GLI DSG L/17,2016,31600000
Volkswagen,VENTO,2.0 TSI GLI+NAV L/17,2017,32600000
Volkswagen,VENTO,2.0 TSI GLI+NAV L/17,2016,31400000
Volkswagen,VENTO,2.0 TSI GLI+NAV DSG L/17,2020,38000000
Volkswagen,VENTO,2.0 TSI GLI+NAV DSG L/17,2019,36000000
Volkswagen,VENTO,2.0 TSI GLI+NAV DSG L/17,2018,34400000
Volkswagen,VENTO,2.0 TSI GLI+NAV DSG L/17,2017,32900000
Volkswagen,VENTO,2.0 TSI GLI+NAV DSG L/17,2016,31700000
Volkswagen,VENTO,2.0 TSI GLI DSG L/19,2020,39800000
Volkswagen,VENTO,2.0 TSI GLI DSG L/19,2019,37800000
Volkswagen,VENTO,2.0 TSI GLI DSG L/23,2025,49000000
Volkswagen,VENTO,2.0 TSI GLI DSG L/23,2024,46500000
Volkswagen,VENTO,2.0 TSI GLI DSG L/23,2023,44500000
Volkswagen,VENTO,2.0 TSI GLI DSG L/25,2026,74943000
Volkswagen,VENTO,2.0 TSI GLI DSG L/25,2025,51000000
Volkswagen,VENTO,2.0 TDI ADVANCE L/11,2015,18000000
Volkswagen,VENTO,2.0 TDI ADVANCE L/11,2014,17200000
Volkswagen,VENTO,2.0 TDI ADVANCE L/11,2013,16400000
Volkswagen,VENTO,2.0 TDI ADVANCE L/11,2012,15600000
Volkswagen,VENTO,2.0 TDI ADVANCE L/11,2011,15000000
Volkswagen,VENTO,2.0 TDI ADVANCE SUMMER L/15,2017,20800000
Volkswagen,VENTO,2.0 TDI ADVANCE SUMMER L/15,2016,20000000
Volkswagen,VENTO,2.0 TDI ADVANCE SUMMER L/15,2015,19300000
Volkswagen,VENTO,2.0 TDI COMFORT,2015,17600000
Volkswagen,VENTO,2.0 TDI COMFORT,2014,16800000
Volkswagen,VENTO,2.0 TDI COMFORT,2013,16000000
Volkswagen,VENTO,2.0 TDI COMFORT,2012,15200000
Volkswagen,VENTO,2.0 TDI ELEGANCE,2010,13700000
Volkswagen,VENTO,2.0 TDI ELEGANCE,2009,13400000
Volkswagen,VENTO,2.0 TDI ELEGANCE,2008,13100000
Volkswagen,VENTO,2.0 TDI ELEGANCE,2007,12800000
Volkswagen,VENTO,2.0 TDI ELEGANCE DSG,2010,13900000
Volkswagen,VENTO,2.0 TDI ELEGANCE DSG,2009,13600000
Volkswagen,VENTO,2.0 TDI ELEGANCE DSG,2008,13300000
Volkswagen,VENTO,2.0 TDI ELEGANCE DSG,2007,13000000
Volkswagen,VENTO,2.0 TDI LUXURY L/11,2014,17700000
Volkswagen,VENTO,2.0 TDI LUXURY L/11,2013,16900000
Volkswagen,VENTO,2.0 TDI LUXURY L/11,2012,16100000
Volkswagen,VENTO,2.0 TDI LUXURY L/11,2011,15500000
Volkswagen,VENTO,2.0 TDI LUXURY DSG L/11,2014,17900000
Volkswagen,VENTO,2.0 TDI LUXURY DSG L/11,2013,17100000
Volkswagen,VENTO,2.0 TDI LUXURY DSG L/11,2012,16300000
Volkswagen,VENTO,2.0 TDI LUXURY DSG L/11,2011,15700000
Volkswagen,VENTO,2.0 TDI SPORTLINE,2010,13800000
Volkswagen,VENTO,2.0 TDI SPORTLINE,2009,13500000
Volkswagen,VENTO,2.0 TDI SPORTLINE,2008,13200000
Volkswagen,VENTO,2.0 TDI SPORTLINE,2007,12900000
Volkswagen,VENTO,2.0 TDI SPORTLINE DSG,2010,14000000
Volkswagen,VENTO,2.0 TDI SPORTLINE DSG,2009,13700000
Volkswagen,VENTO,2.0 TDI SPORTLINE DSG,2008,13400000
Volkswagen,VENTO,2.0 TDI SPORTLINE DSG,2007,13100000
Volkswagen,VENTO,2.5 150 HP ADVANCE,2008,12900000
Volkswagen,VENTO,2.5 150 HP ADVANCE,2007,12600000
Volkswagen,VENTO,2.5 150 HP ADVANCE TIP,2008,13100000
Volkswagen,VENTO,2.5 150 HP ADVANCE TIP,2007,12800000
Volkswagen,VENTO,2.5 150 HP LUXURY,2008,13000000
Volkswagen,VENTO,2.5 150 HP LUXURY,2007,12700000
Volkswagen,VENTO,2.5 150 HP LUXURY TIP,2008,13200000
Volkswagen,VENTO,2.5 150 HP LUXURY TIP,2007,12900000
Volkswagen,VENTO,2.5 170 HP ADVANCE,2011,13900000
Volkswagen,VENTO,2.5 170 HP ADVANCE,2010,13600000
Volkswagen,VENTO,2.5 170 HP ADVANCE,2009,13300000
Volkswagen,VENTO,2.5 170 HP ADVANCE,2008,13000000
Volkswagen,VENTO,2.5 170 HP ADVANCE,2007,12700000
Volkswagen,VENTO,2.5 170 HP ADVANCE PLUS,2015,18200000
Volkswagen,VENTO,2.5 170 HP ADVANCE PLUS,2014,17400000
Volkswagen,VENTO,2.5 170 HP ADVANCE PLUS TIP,2015,18400000
Volkswagen,VENTO,2.5 170 HP ADVANCE PLUS TIP,2014,17600000
Volkswagen,VENTO,2.5 170 HP ADVANCE PLUS L15,2017,21200000
Volkswagen,VENTO,2.5 170 HP ADVANCE PLUS L15,2016,20400000
Volkswagen,VENTO,2.5 170 HP ADVANCE PLUS L15,2015,19700000
Volkswagen,VENTO,2.5 170 HP ADV PLUS TIP L15,2017,21500000
Volkswagen,VENTO,2.5 170 HP ADV PLUS TIP L15,2016,20700000
Volkswagen,VENTO,2.5 170 HP ADV PLUS TIP L15,2015,20000000
Volkswagen,VENTO,2.5 170 HP ADVANCE TIP,2011,14100000
Volkswagen,VENTO,2.5 170 HP ADVANCE TIP,2010,13800000
Volkswagen,VENTO,2.5 170 HP ADVANCE TIP,2009,13500000
Volkswagen,VENTO,2.5 170 HP ADVANCE TIP,2008,13200000
Volkswagen,VENTO,2.5 170 HP ADVANCE TIP,2007,12900000
Volkswagen,VENTO,2.5 170 HP LUXURY,2011,14100000
Volkswagen,VENTO,2.5 170 HP LUXURY,2010,13800000
Volkswagen,VENTO,2.5 170 HP LUXURY,2009,13500000
Volkswagen,VENTO,2.5 170 HP LUXURY,2008,13200000
Volkswagen,VENTO,2.5 170 HP LUXURY,2007,12900000
Volkswagen,VENTO,2.5 170 HP LUXURY TIP,2011,14300000
Volkswagen,VENTO,2.5 170 HP LUXURY TIP,2010,14000000
Volkswagen,VENTO,2.5 170 HP LUXURY TIP,2009,13700000
Volkswagen,VENTO,2.5 170 HP LUXURY TIP,2008,13400000
Volkswagen,VENTO,2.5 170 HP LUXURY TIP,2007,13100000
Volkswagen,VENTO,2.5 170 HP LUXURY L/11,2015,18400000
Volkswagen,VENTO,2.5 170 HP LUXURY L/11,2014,17600000
Volkswagen,VENTO,2.5 170 HP LUXURY L/11,2013,16800000
Volkswagen,VENTO,2.5 170 HP LUXURY L/11,2012,16100000
Volkswagen,VENTO,2.5 170 HP LUXURY L/11,2011,15500000
Volkswagen,VENTO,2.5 170 HP LUXURY TIP L/11,2015,18600000
Volkswagen,VENTO,2.5 170 HP LUXURY TIP L/11,2014,17800000
Volkswagen,VENTO,2.5 170 HP LUXURY TIP L/11,2013,17000000
Volkswagen,VENTO,2.5 170 HP LUXURY TIP L/11,2012,16300000
Volkswagen,VENTO,2.5 170 HP LUXURY TIP L/11,2011,15700000
Volkswagen,VENTO,2.5 170 HP LUXURY L/15,2017,21700000
Volkswagen,VENTO,2.5 170 HP LUXURY L/15,2016,20900000
Volkswagen,VENTO,2.5 170 HP LUXURY L/15,2015,20100000
Volkswagen,VENTO,2.5 170 HP LUXURY TIP L/15,2017,22000000
Volkswagen,VENTO,2.5 170 HP LUXURY TIP L/15,2016,21200000
Volkswagen,VENTO,2.5 170 HP LUXURY TIP L/15,2015,20400000
Volkswagen,VENTO,VARIANT 1.9 TDI ADVANCE,2010,13600000
Volkswagen,VENTO,VARIANT 1.9 TDI ADVANCE,2009,13300000
Volkswagen,VENTO,VARIANT 1.9 TDI ADVANCE,2008,13000000
Volkswagen,VENTO,VARIANT 1.9 TDI ADVANCE DSG,2010,13800000
Volkswagen,VENTO,VARIANT 1.9 TDI ADVANCE DSG,2009,13500000
Volkswagen,VENTO,VARIANT 1.9 TDI ADVANCE DSG,2008,13200000
Volkswagen,VENTO,VARIANT 1.9 TDI LUXURY,2009,13500000
Volkswagen,VENTO,VARIANT 1.9 TDI LUXURY,2008,13200000
Volkswagen,VENTO,VARIANT 1.9 TDI LUXURY DSG,2009,13700000
Volkswagen,VENTO,VARIANT 1.9 TDI LUXURY DSG,2008,13400000
Volkswagen,VENTO,VARIANT 2.0 TDI ADVANCE L/11,2015,17900000
Volkswagen,VENTO,VARIANT 2.0 TDI ADVANCE L/11,2014,17100000
Volkswagen,VENTO,VARIANT 2.0 TDI ADVANCE L/11,2013,16400000
Volkswagen,VENTO,VARIANT 2.0 TDI ADVANCE L/11,2012,15700000
Volkswagen,VENTO,VARIANT 2.0 TDI ADVANCE L/11,2011,15100000
Volkswagen,VENTO,VARIANT 2.0 TDI CONFORT L/11,2015,17500000
Volkswagen,VENTO,VARIANT 2.0 TDI CONFORT L/11,2014,16700000
Volkswagen,VENTO,VARIANT 2.0 TDI CONFORT L/11,2013,16000000
Volkswagen,VENTO,VARIANT 2.0 TDI CONFORT L/11,2012,15300000
Volkswagen,VENTO,VARIANT 2.0 TDI CONFORT L/11,2011,14700000
Volkswagen,VENTO,VARIANT 2.5 ADVANCE,2010,13600000
Volkswagen,VENTO,VARIANT 2.5 ADVANCE,2009,13300000
Volkswagen,VENTO,VARIANT 2.5 ADVANCE,2008,13000000
Volkswagen,VENTO,VARIANT 2.5 ADVANCE L/11,2015,17900000
Volkswagen,VENTO,VARIANT 2.5 ADVANCE L/11,2014,17100000
Volkswagen,VENTO,VARIANT 2.5 ADVANCE L/11,2013,16400000
Volkswagen,VENTO,VARIANT 2.5 ADVANCE L/11,2012,15700000
Volkswagen,VENTO,VARIANT 2.5 ADVANCE L/11,2011,15100000
Volkswagen,VENTO,VARIANT 2.5 ADVANCE TIP,2010,13800000
Volkswagen,VENTO,VARIANT 2.5 ADVANCE TIP,2009,13500000
Volkswagen,VENTO,VARIANT 2.5 ADVANCE TIP,2008,13200000
Volkswagen,VENTO,VARIANT 2.5 ADVANCE TIP L/11,2012,15900000
Volkswagen,VENTO,VARIANT 2.5 ADVANCE TIP L/11,2011,15300000
Volkswagen,VENTO,VARIANT 2.5 CONFORT L/11,2015,17500000
Volkswagen,VENTO,VARIANT 2.5 CONFORT L/11,2014,16700000
Volkswagen,VENTO,VARIANT 2.5 CONFORT L/11,2013,16000000
Volkswagen,VENTO,VARIANT 2.5 CONFORT L/11,2012,15300000
Volkswagen,VENTO,VARIANT 2.5 CONFORT L/11,2011,14700000
Volkswagen,VENTO,VARIANT 2.5 CONFORT TIP L/11,2012,15500000
Volkswagen,VENTO,VARIANT 2.5 CONFORT TIP L/11,2011,14900000
Volkswagen,VENTO,VARIANT 2.5 LUXURY,2009,13550000
Volkswagen,VENTO,VARIANT 2.5 LUXURY,2008,13250000
Volkswagen,VENTO,VARIANT 2.5 LUXURY TIP,2009,13750000
Volkswagen,VENTO,VARIANT 2.5 LUXURY TIP,2008,13450000
Volkswagen,VIRTUS,1.0 170 TSI HIGHLINE AT L/23,2026,43649000
Volkswagen,VIRTUS,1.0 170 TSI HIGHLINE AT L/23,2025,35800000
Volkswagen,VIRTUS,1.0 170 TSI HIGHLINE AT L/23,2024,34200000
Volkswagen,VIRTUS,1.0 170 TSI HIGHLINE AT L/23,2023,32500000
Volkswagen,VIRTUS,1.0 170 TSI TRENDLINE AT,2026,38473000
Volkswagen,VIRTUS,1.0 170 TSI TRENDLINE AT,2025,33000000
Volkswagen,VIRTUS,1.4 250 TSI EXCLUSIVE AT L/23,2026,50138000
Volkswagen,VIRTUS,1.4 250 TSI EXCLUSIVE AT L/23,2025,40300000
Volkswagen,VIRTUS,1.4 250 TSI EXCLUSIVE AT L/23,2024,38300000
Volkswagen,VIRTUS,1.4 250 TSI EXCLUSIVE AT L/23,2023,36800000
Volkswagen,VIRTUS,1.4 GTS 250 TSI,2023,35000000
Volkswagen,VIRTUS,1.4 GTS 250 TSI,2022,33500000
Volkswagen,VIRTUS,1.4 GTS 250 TSI,2021,32000000
Volkswagen,VIRTUS,1.4 GTS 250 TSI,2020,30500000
Volkswagen,VIRTUS,1.6 MSI COMFORTLINE,2021,21500000
Volkswagen,VIRTUS,1.6 MSI COMFORTLINE,2020,20700000
Volkswagen,VIRTUS,1.6 MSI COMFORTLINE,2019,19900000
Volkswagen,VIRTUS,1.6 MSI COMFORTLINE,2018,19100000
Volkswagen,VIRTUS,1.6 MSI COMFORTLINE AUT,2023,23700000
Volkswagen,VIRTUS,1.6 MSI COMFORTLINE AUT,2022,22700000
Volkswagen,VIRTUS,1.6 MSI COMFORTLINE AUT,2021,21700000
Volkswagen,VIRTUS,1.6 MSI COMFORTLINE AUT,2020,20900000
Volkswagen,VIRTUS,1.6 MSI COMFORTLINE AUT,2019,20100000
Volkswagen,VIRTUS,1.6 MSI COMFORTLINE AUT,2018,19300000
Volkswagen,VIRTUS,1.6 MSI COMFORTLINE L/23,2025,30100000
Volkswagen,VIRTUS,1.6 MSI COMFORTLINE L/23,2024,28600000
Volkswagen,VIRTUS,1.6 MSI COMFORTLINE L/23,2023,27400000
Volkswagen,VIRTUS,1.6 MSI HIGHLINE,2021,23000000
Volkswagen,VIRTUS,1.6 MSI HIGHLINE,2020,22200000
Volkswagen,VIRTUS,1.6 MSI HIGHLINE,2019,21400000
Volkswagen,VIRTUS,1.6 MSI HIGHLINE,2018,20600000
Volkswagen,VIRTUS,1.6 MSI HIGHLINE AUT,2023,25000000
Volkswagen,VIRTUS,1.6 MSI HIGHLINE AUT,2022,24100000
Volkswagen,VIRTUS,1.6 MSI HIGHLINE AUT,2021,23200000
Volkswagen,VIRTUS,1.6 MSI HIGHLINE AUT,2020,22400000
Volkswagen,VIRTUS,1.6 MSI HIGHLINE AUT,2019,21600000
Volkswagen,VIRTUS,1.6 MSI HIGHLINE AUT,2018,20800000
Volkswagen,VIRTUS,1.6 MSI TRENDLINE,2022,22100000
Volkswagen,VIRTUS,1.6 MSI TRENDLINE,2021,21300000
Volkswagen,VIRTUS,1.6 MSI TRENDLINE,2020,20500000
Volkswagen,VIRTUS,1.6 MSI TRENDLINE,2019,19700000
Volkswagen,VIRTUS,1.6 MSI TRENDLINE,2018,18900000
Volkswagen,VIRTUS,1.6 MSI TRENDLINE AUT,2022,22300000
Volkswagen,VIRTUS,1.6 MSI TRENDLINE AUT,2021,21500000
Volkswagen,VIRTUS,1.6 MSI TRENDLINE AUT,2020,20700000
Volkswagen,VIRTUS,1.6 MSI TRENDLINE AUT,2019,19900000
Volkswagen,VIRTUS,1.6 MSI TRENDLINE AUT,2018,19300000
Volkswagen,VIRTUS,1.6 MSI L/22,2023,23900000
Volkswagen,VIRTUS,1.6 MSI L/22,2022,22900000
Volkswagen,VIRTUS,1.6 MSI L/22 AT,2023,24100000
Volkswagen,VIRTUS,1.6 MSI L/22 AT,2022,23100000
Volkswagen,VIRTUS,1.6 MSI L/23,2026,36133000
Volkswagen,VIRTUS,1.6 MSI L/23,2025,28700000
Volkswagen,VIRTUS,1.6 MSI L/23,2024,27300000
Volkswagen,VIRTUS,1.6 MSI L/23,2023,26100000
Volkswagen,VIRTUS,1.6 MSI SENSE MT,2026,34676000
Volkswagen,VOYAGE,1.6,2012,10950000
Volkswagen,VOYAGE,1.6,2011,10650000
Volkswagen,VOYAGE,1.6,2010,10350000
Volkswagen,VOYAGE,1.6,2009,10050000
Volkswagen,VOYAGE,1.6,2008,9850000
Volkswagen,VOYAGE,1.6 ADVANCE,2010,10650000
Volkswagen,VOYAGE,1.6 ADVANCE,2009,10350000
Volkswagen,VOYAGE,1.6 ADVANCE,2008,10150000
Volkswagen,VOYAGE,1.6 COMFORTLINE,2012,11050000
Volkswagen,VOYAGE,1.6 COMFORTLINE,2011,10750000
Volkswagen,VOYAGE,1.6 COMFORTLINE,2010,10450000
Volkswagen,VOYAGE,1.6 COMFORTLINE,2009,10150000
Volkswagen,VOYAGE,1.6 COMFORTLINE,2008,9950000
Volkswagen,VOYAGE,1.6 COMFORTLINE PL.,2012,11150000
Volkswagen,VOYAGE,1.6 COMFORTLINE PL.,2011,10850000
Volkswagen,VOYAGE,1.6 COMFORTLINE PL.,2010,10550000
Volkswagen,VOYAGE,1.6 COMFORTLINE PL.,2009,10250000
Volkswagen,VOYAGE,1.6 COMFORTLINE PL.,2008,10050000
Volkswagen,VOYAGE,1.6 COMFORTLINE PL. I MOT,2012,11200000
Volkswagen,VOYAGE,1.6 COMFORTLINE PL. I MOT,2011,10900000
Volkswagen,VOYAGE,1.6 COMFORTLINE PL. I MOT,2010,10600000
Volkswagen,VOYAGE,1.6 COMFORTLINE PL.AB,2012,11200000
Volkswagen,VOYAGE,1.6 COMFORTLINE PL.AB,2011,10900000
Volkswagen,VOYAGE,1.6 COMFORTLINE PL.AB,2010,10600000
Volkswagen,VOYAGE,1.6 COMFORTLINE PL.AB,2009,10300000
Volkswagen,VOYAGE,1.6 COMFORTLINE PL.AB I MOT,2012,11250000
Volkswagen,VOYAGE,1.6 COMFORTLINE PL.AB I MOT,2011,10950000
Volkswagen,VOYAGE,1.6 COMFORTLINE PL.AB I MOT,2010,10650000
Volkswagen,VOYAGE,1.6 CONCEPTLINE,2010,10500000
Volkswagen,VOYAGE,1.6 CONCEPTLINE,2009,10300000
Volkswagen,VOYAGE,1.6 CONCEPTLINE,2008,10100000
Volkswagen,VOYAGE,1.6 FORMAT,2010,10250000
Volkswagen,VOYAGE,1.6 FORMAT,2009,10050000
Volkswagen,VOYAGE,1.6 HIGHLINE,2012,11500000
Volkswagen,VOYAGE,1.6 HIGHLINE,2011,11200000
Volkswagen,VOYAGE,1.6 HIGHLINE,2010,10900000
Volkswagen,VOYAGE,1.6 HIGHLINE,2009,10650000
Volkswagen,VOYAGE,1.6 HIGHLINE,2008,10450000
Volkswagen,VOYAGE,1.6 HIGHLINE I MOTION,2012,11550000
Volkswagen,VOYAGE,1.6 HIGHLINE I MOTION,2011,11250000
Volkswagen,VOYAGE,1.6 HIGHLINE I MOTION,2010,10950000
Volkswagen,VOYAGE,1.6 L/13,2014,12150000
Volkswagen,VOYAGE,1.6 L/13,2013,11750000
Volkswagen,VOYAGE,1.6 L/13,2012,11350000
Volkswagen,VOYAGE,1.6 L/13 COMFORTLINE,2015,12650000
Volkswagen,VOYAGE,1.6 L/13 COMFORTLINE,2014,12250000
Volkswagen,VOYAGE,1.6 L/13 COMFORTLINE,2013,11850000
Volkswagen,VOYAGE,1.6 L/13 COMFORTLINE,2012,11450000
Volkswagen,VOYAGE,1.6 L/13 COMFORTLINE P,2013,11950000
Volkswagen,VOYAGE,1.6 L/13 COMFORTLINE P,2012,11550000
Volkswagen,VOYAGE,1.6 L/13 COMFORTLINE P AB,2015,12850000
Volkswagen,VOYAGE,1.6 L/13 COMFORTLINE P AB,2014,12450000
Volkswagen,VOYAGE,1.6 L/13 COMFORTLINE P AB,2013,12050000
Volkswagen,VOYAGE,1.6 L/13 COMFORTLINE P AB,2012,11650000
Volkswagen,VOYAGE,1.6 L/13 COMFORTLINE P AB I,2015,12950000
Volkswagen,VOYAGE,1.6 L/13 COMFORTLINE P AB I,2014,12550000
Volkswagen,VOYAGE,1.6 L/13 COMFORTLINE P AB I,2013,12150000
Volkswagen,VOYAGE,1.6 L/13 COMFORTLINE P AB I,2012,11750000
Volkswagen,VOYAGE,1.6 L/13 HIGHLINE,2016,13950000
Volkswagen,VOYAGE,1.6 L/13 HIGHLINE,2015,13450000
Volkswagen,VOYAGE,1.6 L/13 HIGHLINE,2014,13050000
Volkswagen,VOYAGE,1.6 L/13 HIGHLINE,2013,12650000
Volkswagen,VOYAGE,1.6 L/13 HIGHLINE,2012,12050000
Volkswagen,VOYAGE,1.6 L/15 TRENDLINE,2016,13450000
Volkswagen,VOYAGE,1.6 L/15 TRENDLINE,2015,13050000
Volkswagen,VOYAGE,1.6 L/15 TRENDLINE,2014,12650000
Volkswagen,VOYAGE,1.6 L/17 HIGHLINE,2020,17550000
Volkswagen,VOYAGE,1.6 L/17 HIGHLINE,2019,16750000
Volkswagen,VOYAGE,1.6 L/17 HIGHLINE,2018,16050000
Volkswagen,VOYAGE,1.6 L/17 HIGHLINE,2017,15450000
Volkswagen,VOYAGE,1.6 L/17 HIGHLINE,2016,14950000
Volkswagen,VOYAGE,1.6 L/17 TRENDLINE,2020,17250000
Volkswagen,VOYAGE,1.6 L/17 TRENDLINE,2019,16450000
Volkswagen,VOYAGE,1.6 L/17 TRENDLINE,2018,15750000
Volkswagen,VOYAGE,1.6 L/17 TRENDLINE,2017,15150000
Volkswagen,VOYAGE,1.6 L/17 TRENDLINE,2016,14650000
Volkswagen,VOYAGE,1.6 L/20 TRENDLINE,2022,19950000
Volkswagen,VOYAGE,1.6 L/20 TRENDLINE,2021,19350000
Volkswagen,VOYAGE,1.6 L/20 TRENDLINE,2020,18750000
Volkswagen Camiones,10.150,E 39,2016,63005000
Volkswagen Camiones,10.150,E 39,2015,61555000
Volkswagen Camiones,10.150,E 39,2014,60155000
Volkswagen Camiones,10.150,E 39,2013,59825000
Volkswagen Camiones,10.150,E 39,2012,57485000
Volkswagen Camiones,10.150,E 39,2011,56195000
Volkswagen Camiones,10.150,E 39,2010,54950000
Volkswagen Camiones,10.150,E 39,2009,53745000
Volkswagen Camiones,10.150,E 43,2016,63435000
Volkswagen Camiones,10.150,E 43,2015,61975000
Volkswagen Camiones,10.150,E 43,2014,60550000
Volkswagen Camiones,10.150,E 43,2013,59195000
Volkswagen Camiones,10.150,E 43,2012,57855000
Volkswagen Camiones,10.150,E 43,2011,57200000
Volkswagen Camiones,10.150,E 43,2010,55325000
Volkswagen Camiones,10.150,E 43,2009,54135000
Volkswagen Camiones,11.180,NEW DELIVERY TRENDLINE,2026,100700000
Volkswagen Camiones,11.180,NEW DELIVERY TRENDLINE,2025,84795000
Volkswagen Camiones,11.180,NEW DELIVERY TRENDLINE,2024,82150000
Volkswagen Camiones,11.180,NEW DELIVERY TRENDLINE,2023,79565000
Volkswagen Camiones,11.180,NEW DELIVERY TRENDLINE,2022,77120000
Volkswagen Camiones,11.180,NEW DELIVERY TRENDLINE,2021,74730000
Volkswagen Camiones,11.180,NEW DELIVERY TRENDLINE,2020,72415000
Volkswagen Camiones,11.180,DELIVERY,2026,110535000
Volkswagen Camiones,11.180,DELIVERY,2025,88775000
Volkswagen Camiones,11.180,DELIVERY,2024,86055000
Volkswagen Camiones,11.180,DELIVERY,2023,83415000
Volkswagen Camiones,11.180,DELIVERY,2022,80725000
Volkswagen Camiones,11.180,DELIVERY,2021,78360000
Volkswagen Camiones,11.180,DELIVERY,2020,75985000
Volkswagen Camiones,11.180,DELIVERY,2019,73635000
Volkswagen Camiones,11.180,DELIVERY,2018,71305000
Volkswagen Camiones,11.180,DELIVERY V-TRONIC,2026,116690000
Volkswagen Camiones,11.180,DELIVERY V-TRONIC,2025,93820000
Volkswagen Camiones,11.180,DELIVERY V-TRONIC,2024,90950000
Volkswagen Camiones,11.180,DELIVERY V-TRONIC,2023,88165000
Volkswagen Camiones,11.180,DELIVERY V-TRONIC,2022,85455000
Volkswagen Camiones,11.180,DELIVERY V-TRONIC,2021,82485000
Volkswagen Camiones,11.180,DELIVERY V-TRONIC,2020,80825000
Volkswagen Camiones,11.180,DELIVERY 4X4,2026,145225000
Volkswagen Camiones,11.180,DELIVERY 4X4,2025,117400000
Volkswagen Camiones,11.180,DELIVERY 4X4,2024,113595000
Volkswagen Camiones,13.180,EIII 35,2016,65065000
Volkswagen Camiones,13.180,EIII 35,2015,63545000
Volkswagen Camiones,13.180,EIII 35,2014,62095000
Volkswagen Camiones,13.180,EIII 35,2013,60100000
Volkswagen Camiones,13.180,EIII 35,2012,58865000
Volkswagen Camiones,13.180,EIII 35,2011,57975000
Volkswagen Camiones,13.180,EIII 35,2010,56665000
Volkswagen Camiones,13.180,EIII 35,2009,55405000
Volkswagen Camiones,13.180,EIII 43,2016,65095000
Volkswagen Camiones,13.180,EIII 43,2015,63555000
Volkswagen Camiones,13.180,EIII 43,2014,62150000
Volkswagen Camiones,13.180,EIII 43,2013,60675000
Volkswagen Camiones,13.180,EIII 43,2012,58885000
Volkswagen Camiones,13.180,EIII 43,2011,57985000
Volkswagen Camiones,13.180,EIII 43,2010,56665000
Volkswagen Camiones,13.180,EIII 43,2009,55385000
Volkswagen Camiones,13.180,EIII 43,2008,55025000
Volkswagen Camiones,13.180,EIII 43,2007,52695000
Volkswagen Camiones,13.180,EIII 43 D/C,2016,64525000
Volkswagen Camiones,13.180,EIII 43 D/C,2015,63035000
Volkswagen Camiones,13.180,EIII 43 D/C,2014,61585000
Volkswagen Camiones,13.180,EIII 43 D/C,2013,60300000
Volkswagen Camiones,13.180,EIII 43 D/C,2012,58930000
Volkswagen Camiones,13.180,EIII 43 D/C,2009,53550000
Volkswagen Camiones,13.180,EIII 48,2016,64665000
Volkswagen Camiones,13.180,EIII 48,2015,64195000
Volkswagen Camiones,13.180,EIII 48,2014,61820000
Volkswagen Camiones,13.180,EIII 48,2013,60405000
Volkswagen Camiones,13.180,EIII 48,2012,58715000
Volkswagen Camiones,13.180,EIII 48,2011,57605000
Volkswagen Camiones,13.180,EIII 48,2010,56375000
Volkswagen Camiones,13.180,EIII 48,2009,55095000
Volkswagen Camiones,13.180,EIII 48,2008,53985000
Volkswagen Camiones,13.180,EIII 48,2007,52785000
Volkswagen Camiones,13.180,EIII 48 D/C,2016,65665000
Volkswagen Camiones,13.180,EIII 48 D/C,2015,64155000
Volkswagen Camiones,13.180,EIII 48 D/C,2014,62685000
Volkswagen Camiones,13.180,EIII 48 D/C,2013,61245000
Volkswagen Camiones,13.180,EIII 48 D/C,2012,59805000
Volkswagen Camiones,13.180,EIII 48 D/C,2009,56725000
Volkswagen Camiones,13.180/43,,2007,46755000
Volkswagen Camiones,13.180/48,,2007,47925000
Volkswagen Camiones,13.190/48,,2018,67505000
Volkswagen Camiones,13.190/48,,2017,65955000
Volkswagen Camiones,13.190/48,,2016,63155000
Volkswagen Camiones,14.190/43,CONSTELLATION ROBUST,2026,132725000
Volkswagen Camiones,14.190/43,CONSTELLATION ROBUST,2025,107695000
Volkswagen Camiones,14.190/43,CONSTELLATION ROBUST,2024,103800000
Volkswagen Camiones,14.190/43,CONSTELLATION ROBUST,2023,101535000
Volkswagen Camiones,14.190/43,CONSTELLATION ROBUST,2022,98450000
Volkswagen Camiones,14.190/43,CONSTELLATION ROBUST,2021,95465000
Volkswagen Camiones,14.190/43,CONSTELLATION ROBUST,2020,92500000
Volkswagen Camiones,15.180,EIII 43,2016,66845000
Volkswagen Camiones,15.180,EIII 43,2015,66395000
Volkswagen Camiones,15.180,EIII 43,2014,64535000
Volkswagen Camiones,15.180,EIII 43,2013,62125000
Volkswagen Camiones,15.180,EIII 43,2012,60555000
Volkswagen Camiones,15.180,EIII 43,2011,59175000
Volkswagen Camiones,15.180,EIII 43,2010,57785000
Volkswagen Camiones,15.180,EIII 43,2009,56125000
Volkswagen Camiones,15.180,EIII 43,2008,55105000
Volkswagen Camiones,15.180,EIII 43,2007,53320000
Volkswagen Camiones,15.180,EIII 43 D/C,2016,67055000
Volkswagen Camiones,15.180,EIII 43 D/C,2015,65405000
Volkswagen Camiones,15.180,EIII 43 D/C,2014,63795000
Volkswagen Camiones,15.180,EIII 43 D/C,2013,62275000
Volkswagen Camiones,15.180,EIII 43 D/C,2012,60685000
Volkswagen Camiones,15.180,EIII 43 D/C,2011,59295000
Volkswagen Camiones,15.180,EIII 43 D/C,2010,57885000
Volkswagen Camiones,15.180,EIII 43 D/C,2009,56220000
Volkswagen Camiones,15.180,EIII 48,2016,66805000
Volkswagen Camiones,15.180,EIII 48,2015,65185000
Volkswagen Camiones,15.180,EIII 48,2014,63395000
Volkswagen Camiones,15.180,EIII 48,2013,62095000
Volkswagen Camiones,15.180,EIII 48,2012,60545000
Volkswagen Camiones,15.180,EIII 48,2011,59055000
Volkswagen Camiones,15.180,EIII 48,2010,57705000
Volkswagen Camiones,15.180,EIII 48,2009,56150000
Volkswagen Camiones,15.180,EIII 48,2008,54685000
Volkswagen Camiones,15.180,EIII 48,2007,53395000
Volkswagen Camiones,15.180,EIII 48 D/C,2016,65185000
Volkswagen Camiones,15.180,EIII 48 D/C,2015,63505000
Volkswagen Camiones,15.180,EIII 48 D/C,2014,61925000
Volkswagen Camiones,15.180,EIII 48 D/C,2013,60375000
Volkswagen Camiones,15.180,EIII 48 D/C,2012,58875000
Volkswagen Camiones,15.180,EIII 48 D/C,2011,57385000
Volkswagen Camiones,15.180,EIII 48 D/C,2010,55965000
Volkswagen Camiones,15.180,EIII 48 D/C,2009,55505000
Volkswagen Camiones,15.190,CONSTELLATION ROBUST,2021,77210000
Volkswagen Camiones,15.190,CONSTELLATION ROBUST,2020,75295000
Volkswagen Camiones,15.190,CONSTELLATION ROBUST,2019,73295000
Volkswagen Camiones,15.190,CONSTELLATION ROBUST,2018,71575000
Volkswagen Camiones,15.190/43,,2018,71185000
Volkswagen Camiones,15.190/43,,2017,69210000
Volkswagen Camiones,15.190/43,,2016,67645000
Volkswagen Camiones,17.190/43,LR DC AA,2017,69205000
Volkswagen Camiones,17.190/43,LR DC AA,2016,67455000
Volkswagen Camiones,17.190/48,LR DC,2021,77315000
Volkswagen Camiones,17.190/48,LR DC,2020,75295000
Volkswagen Camiones,17.190/48,LR DC,2019,73525000
Volkswagen Camiones,17.190/48,LR DC,2018,71785000
Volkswagen Camiones,17.190/48,LR DC,2017,69465000
Volkswagen Camiones,17.190/48,LR DC,2016,67535000
Volkswagen Camiones,17.190/48,LR DC AA,2021,77865000
Volkswagen Camiones,17.190/48,LR DC AA,2020,76715000
Volkswagen Camiones,17.190/48,LR DC AA,2019,73885000
Volkswagen Camiones,17.190/48,LR DC AA,2018,72375000
Volkswagen Camiones,17.190/48,LR DC AA,2017,70205000
Volkswagen Camiones,17.190/48,LR DC AA,2016,68095000
Volkswagen Camiones,17.210/35,,2007,48725000
Volkswagen Camiones,17.210/43,,2007,48875000
Volkswagen Camiones,17.210/48,,2007,49955000
Volkswagen Camiones,17.220,EIII 35,2016,67025000
Volkswagen Camiones,17.220,EIII 35,2015,65085000
Volkswagen Camiones,17.220,EIII 35,2014,64375000
Volkswagen Camiones,17.220,EIII 35,2013,62085000
Volkswagen Camiones,17.220,EIII 35,2012,60575000
Volkswagen Camiones,17.220,EIII 35,2011,59095000
Volkswagen Camiones,17.220,EIII 35,2010,58205000
Volkswagen Camiones,17.220,EIII 35,2009,56095000
Volkswagen Camiones,17.220,EIII 35,2008,54875000
Volkswagen Camiones,17.220,EIII 35,2007,53655000
Volkswagen Camiones,17.220,EIII 43,2016,68205000
Volkswagen Camiones,17.220,EIII 43,2015,65515000
Volkswagen Camiones,17.220,EIII 43,2014,63885000
Volkswagen Camiones,17.220,EIII 43,2013,62285000
Volkswagen Camiones,17.220,EIII 43,2012,61295000
Volkswagen Camiones,17.220,EIII 43,2011,59285000
Volkswagen Camiones,17.220,EIII 43,2010,57755000
Volkswagen Camiones,17.220,EIII 43,2009,56365000
Volkswagen Camiones,17.220,EIII 43,2008,54845000
Volkswagen Camiones,17.220,EIII 43,2007,53650000
Volkswagen Camiones,17.220,EIII 48,2016,67815000
Volkswagen Camiones,17.220,EIII 48,2015,66105000
Volkswagen Camiones,17.220,EIII 48,2014,64425000
Volkswagen Camiones,17.220,EIII 48,2013,62550000
Volkswagen Camiones,17.220,EIII 48,2012,61365000
Volkswagen Camiones,17.220,EIII 48,2011,59465000
Volkswagen Camiones,17.220,EIII 48,2010,57285000
Volkswagen Camiones,17.220,EIII 48,2009,55935000
Volkswagen Camiones,17.220,EIII 48,2008,55545000
Volkswagen Camiones,17.220,EIII 48,2007,54105000
DS Automobiles,DS4,1.6 THP TROCADERO 215 AT8,2025,53000000
DS Automobiles,DS4,1.6 THP TROCADERO 215 AT8,2024,51000000
DS Automobiles,DS4,1.6 THP TROCADERO 215 AT8,2023,49000000
DS Automobiles,DS4,1.6 THP TROCADERO 215 AT8,2022,47000000
DS Automobiles,DS7,1.6 THP CROSSBACK P TECH B CHIC,2020,40000000
DS Automobiles,DS7,1.6 THP CROSSBACK P TECH B CHIC,2019,38000000
DS Automobiles,DS7,1.6 THP CROSSBACK P TECH B CHIC,2018,36000000
DS Automobiles,DS7,1.6 THP CROSSBACK PERFOR. LINE,2023,48000000
DS Automobiles,DS7,1.6 THP CROSSBACK PERFOR. LINE,2022,46000000
DS Automobiles,DS7,1.6 THP CROSSBACK PERFOR. LINE,2021,44000000
DS Automobiles,DS7,1.6 THP CROSSBACK PERFOR. LINE,2020,42000000
DS Automobiles,DS7,1.6 THP CROSSBACK PERFOR. LINE,2019,40000000
DS Automobiles,DS7,1.6 THP CROSS E-TENSE 4X4 BASTILLE+,2025,68000000
DS Automobiles,DS7,1.6 THP CROSS E-TENSE 4X4 BASTILLE+,2024,66000000
DS Automobiles,DS7,1.6 THP CROSS E-TENSE 4X4 BASTILLE+,2023,64000000
DS Automobiles,DS7,1.6 THP CROSS E-TENSE 4X4 BASTILLE+,2022,62000000
DS Automobiles,DS7,1.6 THP CROSS E-TENSE 4X4 BASTILLE+,2021,60000000
DS Automobiles,DS7,1.6 THP CROSS E-TENSE PLUG. 4X4 L25,2026,110160000
DS Automobiles,DS7,1.6 THP CROSS E-TENSE PLUG. 4X4 L25,2025,71000000
DS Automobiles,DS7,1.6 THP CROSSBACK BASTILLE AT8 L/23,2024,55000000
DS Automobiles,DS7,1.6 THP CROSSBACK BASTILLE AT8 L/23,2023,53000000
DS Automobiles,DS7,1.6 THP CROSSBACK PALLAS AT8,2026,80325000
DS Automobiles,DS7,1.6 THP CROSSBACK PALLAS AT8,2025,62000000
DS Automobiles,DS7,1.6 THP CROSSBACK RIVOLI AT8 L/23,2025,60000000
DS Automobiles,DS7,1.6 THP CROSSBACK RIVOLI AT8 L/23,2024,58000000
DS Automobiles,DS7,1.6 THP CROSSBACK RIVOLI AT8 L/23,2023,56000000
DS Automobiles,DS7,2.0 HDI CROSSBACK SO CHIC,2022,43000000
DS Automobiles,DS7,2.0 HDI CROSSBACK SO CHIC,2021,41000000
DS Automobiles,DS7,2.0 HDI CROSSBACK SO CHIC,2020,39000000
DS Automobiles,DS7,2.0 HDI CROSSBACK SO CHIC,2019,37000000
DS Automobiles,DS7,2.0 HDI CROSSBACK SO CHIC,2018,35000000
DS Automobiles,DS7,2.0 HDI CROSSBACK GRAND CHIC,2022,45000000
DS Automobiles,DS7,2.0 HDI CROSSBACK GRAND CHIC,2021,43000000
DS Automobiles,DS7,2.0 HDI CROSSBACK GRAND CHIC,2020,41000000
DS Automobiles,DS7,2.0 HDI CROSSBACK GRAND CHIC,2019,39000000
DS Automobiles,DS7,2.0 HDI CROSSBACK GRAND CHIC,2018,37000000
DS Automobiles,DS7,2.0 HDI CROSSBACK BASTILLE+,2023,49000000
DS Automobiles,DS7,2.0 HDI CROSSBACK BASTILLE+,2022,45000000
DS Automobiles,DS7,2.0 HDI CROSSBACK BASTILLE+,2021,42000000
DS Automobiles,DS7,2.0 HDI CROSSBACK RIVOLI+,2023,51000000
DS Automobiles,DS7,2.0 HDI CROSSBACK RIVOLI+,2022,47000000
DS Automobiles,DS7,2.0 HDI CROSSBACK RIVOLI+,2021,45000000
DS Automobiles,DS9,1.6 THP RIVOLI+,2023,45000000
DS Automobiles,DS9,1.6 THP RIVOLI+,2022,43000000
DS Automobiles,DS9,1.6 THP RIVOLI+,2021,41000000
Ferrari,430,,2013,600000000
Ferrari,430,,2012,590000000
Ferrari,430,,2011,580000000
Ferrari,430,,2010,572000000
Ferrari,430,,2009,565000000
Ferrari,430,,2008,558000000
Ferrari,430,,2007,552000000
Ferrari,430,F1,2013,601000000
Ferrari,430,F1,2012,591000000
Ferrari,430,F1,2011,581000000
Ferrari,430,F1,2010,573000000
Ferrari,430,F1,2009,566000000
Ferrari,430,F1,2008,559000000
Ferrari,430,F1,2007,553000000
Ferrari,430,SCUDERIA,2013,609000000
Ferrari,430,SCUDERIA,2012,599000000
Ferrari,430,SCUDERIA,2011,589000000
Ferrari,430,SCUDERIA,2010,581000000
Ferrari,430,SCUDERIA,2009,574000000
Ferrari,430,SCUDERIA,2008,567000000
Ferrari,430,SPIDER,2013,607000000
Ferrari,430,SPIDER,2012,597000000
Ferrari,430,SPIDER,2011,587000000
Ferrari,430,SPIDER,2010,579000000
Ferrari,430,SPIDER,2009,572000000
Ferrari,430,SPIDER,2008,565000000
Ferrari,430,SPIDER,2007,558000000
Ferrari,430,SPIDER F1,2013,608000000
Ferrari,430,SPIDER F1,2012,598000000
Ferrari,430,SPIDER F1,2011,588000000
Ferrari,430,SPIDER F1,2010,580000000
Ferrari,430,SPIDER F1,2009,573000000
Ferrari,430,SPIDER F1,2008,566000000
Ferrari,430,SPIDER F1,2007,559000000
Ferrari,458,ITALIA,2013,840000000
Ferrari,458,ITALIA,2012,830000000
Ferrari,458,SPIDER,2013,850000000
Ferrari,599,GTB,2013,688000000
Ferrari,599,GTB,2012,678000000
Ferrari,599,GTB,2011,660000000
Ferrari,599,GTB,2010,653000000
Ferrari,599,GTB,2009,646000000
Ferrari,599,GTB,2008,640000000
Ferrari,599,GTB,2007,634000000
Ferrari,599,GTB F1,2013,689000000
Ferrari,599,GTB F1,2012,679000000
Ferrari,599,GTB F1,2011,661000000
Ferrari,599,GTB F1,2010,654000000
Ferrari,599,GTB F1,2009,647000000
Ferrari,599,GTB F1,2008,641000000
Ferrari,599,GTB F1,2007,635000000
Ferrari,612,SCAGLIETTI,2013,686000000
Ferrari,612,SCAGLIETTI,2012,676000000
Ferrari,612,SCAGLIETTI,2011,658000000
Ferrari,612,SCAGLIETTI,2010,651000000
Ferrari,612,SCAGLIETTI,2009,644000000
Ferrari,612,SCAGLIETTI,2008,638000000
Ferrari,612,SCAGLIETTI,2007,632000000
Ferrari,612,SCAGLIETTI F1,2013,687000000
Ferrari,612,SCAGLIETTI F1,2012,677000000
Ferrari,612,SCAGLIETTI F1,2011,659000000
Ferrari,612,SCAGLIETTI F1,2010,652000000
Ferrari,612,SCAGLIETTI F1,2009,645000000
Ferrari,612,SCAGLIETTI F1,2008,639000000
Ferrari,612,SCAGLIETTI F1,2007,633000000
Ferrari,CALIFORNIA,,2013,692000000
Ferrari,CALIFORNIA,,2012,682000000
Ferrari,CALIFORNIA,,2011,664000000
Ferrari,CALIFORNIA,,2010,657000000
Ferrari,F 12,BERLINETTA,2013,865000000
Ferrari,FF,,2013,840000000
Ferrari,SUPERAMERICA,,2007,638000000
Ferrari,SUPERAMERICA,F1,2007,639000000
Fiat,500,1.4 ABARTH,2014,25500000
Fiat,500,1.4 ABARTH,2013,24500000
Fiat,500,1.4 ABARTH,2012,23500000
Fiat,500,1.4 ABARTH 595 TURISMO,2023,42000000
Fiat,500,1.4 ABARTH 595 TURISMO,2022,40500000
Fiat,500,1.4 ABARTH 595 TURISMO,2021,39000000
Fiat,500,1.4 ABARTH 595 TURISMO,2020,37500000
Fiat,500,1.4 ABARTH 595 TURISMO,2019,36500000
Fiat,500,1.4 ABARTH 595 TURISMO,2018,35500000
Fiat,500,1.4 ABARTH 595 TURISMO,2014,26500000
Fiat,500,1.4 CABRIO,2021,34000000
Fiat,500,1.4 CABRIO,2020,32600000
Fiat,500,1.4 CABRIO,2019,31600000
Fiat,500,1.4 CABRIO,2018,30600000
Fiat,500,1.4 CABRIO,2017,26600000
Fiat,500,1.4 CABRIO,2016,25100000
Fiat,500,1.4 CABRIO,2015,24100000
Fiat,500,1.4 CABRIO,2014,23100000
Fiat,500,1.4 CABRIO,2013,22100000
Fiat,500,1.4 CULT FIRE,2017,15000000
Fiat,500,1.4 CULT FIRE,2016,14300000
Fiat,500,1.4 CULT FIRE,2015,13700000
Fiat,500,1.4 CULT FIRE,2014,13200000
Fiat,500,1.4 CULT FIRE,2013,12800000
Fiat,500,1.4 CULT FIRE,2012,12400000
Fiat,500,1.4 CULT FIRE,2011,12000000
Fiat,500,1.4 EDICION LIMITADA,2009,13000000
Fiat,500,1.4 EDICION LIMITADA,2008,12600000
Fiat,500,1.4 LOUNGE AUT,2021,27100000
Fiat,500,1.4 LOUNGE AUT,2020,26100000
Fiat,500,1.4 LOUNGE AUT,2019,25100000
Fiat,500,1.4 LOUNGE AUT,2018,24100000
Fiat,500,1.4 LOUNGE AUT,2017,23100000
Fiat,500,1.4 LOUNGE AUT,2016,21800000
Fiat,500,1.4 LOUNGE AUT,2015,20900000
Fiat,500,1.4 LOUNGE AUT,2014,20100000
Fiat,500,1.4 LOUNGE AUT,2013,19500000
Fiat,500,1.4 LOUNGE AUT,2012,19000000
Fiat,500,1.4 LOUNGE AUT,2011,18500000
Fiat,500,1.4 LOUNGE CABRIOLET,2018,28800000
Fiat,500,1.4 LOUNGE CABRIOLET,2012,20700000
Fiat,500,1.4 LOUNGE CABRIOLET,2011,19900000
Fiat,500,1.4 LOUNGE CABRIOLET,2010,19300000
Fiat,500,1.4 POP,2011,12400000
Fiat,500,1.4 POP,2010,12000000
Fiat,500,1.4 SPORT,2018,20400000
Fiat,500,1.4 SPORT,2011,13900000
Fiat,500,1.4 SPORT,2010,13500000
Fiat,500,1.4 SPORT,2009,13100000
Fiat,500,1.4 SPORT,2008,12800000
Fiat,500,1.4 SPORT CABRIO AT,2016,20300000
Fiat,500,1.4 SPORT CABRIO AT,2015,19800000
Fiat,500,1.4 SPORT CABRIO AT,2014,19300000
Fiat,500,1.4 SPORT CABRIO AT,2013,18800000
Fiat,500,1.4 SPORT MEX,2021,19300000
Fiat,500,1.4 SPORT MEX,2020,18400000
Fiat,500,1.4 SPORT MEX,2019,17500000
Fiat,500,1.4 SPORT MEX,2018,16700000
Fiat,500,1.4 SPORT MEX,2017,16000000
Fiat,500,1.4 SPORT MEX,2016,15400000
Fiat,500,1.4 SPORT MEX,2015,14900000
Fiat,500,1.4 SPORT MEX,2014,14400000
Fiat,500,1.4 SPORT MEX,2013,13900000
Fiat,500,1.4 SPORT MEX,2012,13500000
Fiat,500,1.4 SPORT MEX,2011,13100000
Fiat,500,1.4 SPORT MEX AUT,2013,14000000
Fiat,500,1.4 SPORT MEX AUT,2012,13600000
Fiat,500,1.4 SPORT MEX AUT,2011,13200000
Fiat,500L,1.4 POP STAR,2016,16200000
Fiat,500L,1.4 POP STAR,2015,15700000
Fiat,500L,1.4 POP STAR,2014,15200000
Fiat,500X,1.4 CROSS PLUS 4X4 AUT,2020,29000000
Fiat,500X,1.4 CROSS PLUS 4X4 AUT,2019,27800000
Fiat,500X,1.4 CROSS PLUS 4X4 AUT,2018,26800000
Fiat,500X,1.4 POP STAR,2022,23300000
Fiat,500X,1.4 POP STAR,2021,22300000
Fiat,500X,1.4 POP STAR,2020,21300000
Fiat,500X,1.4 POP STAR,2019,20300000
Fiat,500X,1.4 POP STAR,2018,19300000
Fiat,600,1.2T HYBRID EDCT,2026,49340000
Fiat,600,1.2T HYBRID EDCT,2025,33300000
Fiat,ARGO,1.3 DRIVE GSE,2020,16300000
Fiat,ARGO,1.3 DRIVE GSE,2019,15500000
Fiat,ARGO,1.3 DRIVE GSE,2018,14800000
Fiat,ARGO,1.3 DRIVE GSE,2017,14100000
Fiat,ARGO,1.3 DRIVE GSE PK CONECTIVIDAD,2020,16500000
Fiat,ARGO,1.3 DRIVE GSE PK CONECTIVIDAD,2019,15700000
Fiat,ARGO,1.3 DRIVE GSE PK CONECTIVIDAD,2018,15000000
Fiat,ARGO,1.3 DRIVE GSE PK CONECTIVIDAD,2017,14300000
Fiat,ARGO,1.3 DRIVE GSE PK CONECTIVI. L/21,2023,20400000
Fiat,ARGO,1.3 DRIVE GSE PK CONECTIVI. L/21,2022,19400000
Fiat,ARGO,1.3 DRIVE GSE PK CONECTIVI. L/21,2021,18500000
Fiat,ARGO,1.3 DRIVE GSE PK CONECTIVI. L/21,2020,17600000
Fiat,ARGO,1.3 DRIVE CVT L/26,2026,35140000
Fiat,ARGO,1.3 DRIVE MT L/25,2026,33040000
Fiat,ARGO,1.3 DRIVE MT L/25,2025,21700000
Fiat,ARGO,1.8 HGT,2020,18700000
Fiat,ARGO,1.8 HGT,2019,17800000
Fiat,ARGO,1.8 HGT,2018,17000000
Fiat,ARGO,1.8 HGT,2017,16200000
Fiat,ARGO,1.8 HGT L/21,2022,22100000
Fiat,ARGO,1.8 HGT L/21,2021,21100000
Fiat,ARGO,1.8 HGT L/21,2020,20100000
Fiat,ARGO,1.8 PRECISION,2020,18000000
Fiat,ARGO,1.8 PRECISION,2019,17100000
Fiat,ARGO,1.8 PRECISION,2018,16400000
Fiat,ARGO,1.8 PRECISION,2017,15700000
Fiat,ARGO,1.8 PRECISION L/21,2022,21200000
Fiat,ARGO,1.8 PRECISION L/21,2021,20200000
Fiat,ARGO,1.8 PRECISION L/21,2020,19300000
Fiat,ARGO,1.8 PRECISION AT,2020,18100000
Fiat,ARGO,1.8 PRECISION AT,2019,17200000
Fiat,ARGO,1.8 PRECISION AT,2018,16500000
Fiat,ARGO,1.8 PRECISION AT,2017,15800000
Fiat,ARGO,1.8 PRECISION PK PREMIUM,2020,18200000
Fiat,ARGO,1.8 PRECISION PK PREMIUM,2019,17300000
Fiat,ARGO,1.8 PRECISION PK PREMIUM L/21,2021,20500000
Fiat,ARGO,1.8 PRECISION PK PREMIUM L/21,2020,19600000
Fiat,ARGO,1.8 PRECISION PK PREMIUM AT,2020,18300000
Fiat,ARGO,1.8 PRECISION PK PREMIUM AT,2019,17400000
Fiat,ARGO,1.8 PRECISION PK PREMIUM AT L/21,2022,21600000
Fiat,ARGO,1.8 PRECISION PK PREMIUM AT L/21,2021,20600000
Fiat,ARGO,1.8 PRECISION PK PREMIUM AT L/21,2020,19600000
Fiat,ARGO,1.8 PRECISION TECHNOLOGY,2020,18100000
Fiat,ARGO,1.8 PRECISION TECHNOLOGY,2019,17200000
Fiat,ARGO,1.8 PRECISION TECHNOLOGY AUT,2020,18200000
Fiat,ARGO,1.8 PRECISION TECHNOLOGY AUT,2019,17300000
Fiat,BRAVO,1.4 T DYNAMIC,2014,14500000
Fiat,BRAVO,1.4 T DYNAMIC,2013,13800000
Fiat,BRAVO,1.4 T DYNAMIC,2012,13100000
Fiat,BRAVO,1.4 T SPORT,2014,14700000
Fiat,BRAVO,1.4 T SPORT,2013,14000000
Fiat,BRAVO,1.4 T SPORT,2012,13300000
Fiat,BRAVO,1.6 JTD DYNAMIC,2014,14550000
Fiat,BRAVO,1.6 JTD DYNAMIC,2013,13850000
Fiat,BRAVO,1.6 JTD DYNAMIC,2012,13150000
Fiat,CRONOS,1.3 ATTRACTIVE,2022,17100000
Fiat,CRONOS,1.3 ATTRACTIVE,2021,16200000
Fiat,CRONOS,1.3 DRIVE FIREFLY,2018,12800000
Fiat,CRONOS,1.3 DRIVE GSE,2020,14400000
Fiat,CRONOS,1.3 DRIVE GSE,2019,13600000
Fiat,CRONOS,1.3 DRIVE GSE,2018,12900000
Fiat,CRONOS,1.3 DRIVE GSE PACK CONECTI.,2020,14600000
Fiat,CRONOS,1.3 DRIVE GSE PACK CONECTI.,2019,13800000
Fiat,CRONOS,1.3 DRIVE GSE PACK CONECTI.,2018,13100000
Fiat,CRONOS,1.8 PRECISION,2020,16100000
Fiat,CRONOS,1.8 PRECISION,2019,15300000
Fiat,CRONOS,1.8 PRECISION,2018,14500000
Fiat,CRONOS,1.8 PRECISION AUT,2020,16200000
Fiat,CRONOS,1.8 PRECISION AUT,2019,15400000
Fiat,CRONOS,1.8 PRECISION AUT,2018,14600000
Fiat,CRONOS,1.8 PRECISION PACK PREMIUM,2020,16300000
Fiat,CRONOS,1.8 PRECISION PACK PREMIUM,2019,15500000
Fiat,CRONOS,1.8 PRECISION TECHNOLOGY,2020,16200000
Fiat,CRONOS,1.8 PRECISION TECHNOLOGY,2019,15400000
Fiat,CRONOS,1.8 PRECISION TECHNOLOGY,2018,14600000
Fiat,CRONOS,L/21 1.3 DRIVE GSE PACK CONECT,2022,17500000
Fiat,CRONOS,L/21 1.3 DRIVE GSE PACK CONECT,2021,16600000
Fiat,CRONOS,L/21 1.3 DRIVE GSE PACK CONECT,2020,15700000
Fiat,CRONOS,L/21 1.3 DRIVE GSE S-DESIGN,2022,18000000
Fiat,CRONOS,L/21 1.3 DRIVE GSE S-DESIGN,2021,17100000
Fiat,CRONOS,L/21 1.3 DRIVE GSE S-DESIGN,2020,16200000
Fiat,CRONOS,L/21 1.8 PRECISION,2023,20300000
Fiat,CRONOS,L/21 1.8 PRECISION,2022,19300000
Fiat,CRONOS,L/21 1.8 PRECISION,2021,18300000
Fiat,CRONOS,L/21 1.8 PRECISION,2020,17400000
Fiat,CRONOS,L/21 1.8 PRECISION AUT,2023,20400000
Fiat,CRONOS,L/21 1.8 PRECISION AUT,2022,19400000
Fiat,CRONOS,L/21 1.8 PRECISION AUT,2021,18400000
Fiat,CRONOS,L/21 1.8 PRECISION AUT,2020,17500000
Fiat,CRONOS,L/21 1.8 PRECISION PACK STYLE,2022,19500000
Fiat,CRONOS,L/21 1.8 PRECISION PACK STYLE,2021,18500000
Fiat,CRONOS,L/21 1.8 PRECISION PACK STYLE,2020,17600000
Fiat,CRONOS,L/21 1.8 PRECISION PACK PREMIUM,2022,19600000
Fiat,CRONOS,L/21 1.8 PRECISION PACK PREMIUM,2021,18600000
Fiat,CRONOS,L/21 1.8 PRECISION PACK PREMIUM,2020,17700000
Fiat,CRONOS,L/21 1.8 PRECISION PACK PREMIUM A,2022,19700000
Fiat,CRONOS,L/21 1.8 PRECISION PACK PREMIUM A,2021,18700000
Fiat,CRONOS,L/21 1.8 PRECISION PACK PREMIUM A,2020,17800000
Fiat,CRONOS,L/22 1.3 ATTRACTIVE,2023,19200000
Fiat,CRONOS,L/22 1.3 ATTRACTIVE,2022,18200000
Fiat,CRONOS,L/22 1.3 DRIVE GSE,2024,20500000
Fiat,CRONOS,L/22 1.3 DRIVE GSE,2023,19500000
Fiat,CRONOS,L/22 1.3 DRIVE GSE,2022,18500000
Fiat,CRONOS,L/22 1.3 DRIVE GSE CVT,2024,20700000
Fiat,CRONOS,L/22 1.3 DRIVE GSE CVT,2023,19700000
Fiat,CRONOS,L/22 1.3 DRIVE GSE CVT,2022,18700000
Fiat,CRONOS,L/22 1.3 DRIVE GSE S-DESIGN,2023,20200000
Fiat,CRONOS,L/22 1.3 DRIVE GSE S-DESIGN,2022,19200000
Fiat,CRONOS,L/22 1.3 PRECISION CVT,2025,25400000
Fiat,CRONOS,L/22 1.3 PRECISION CVT,2024,24200000
Fiat,CRONOS,L/22 1.3 PRECISION CVT,2023,23000000
Fiat,CRONOS,L/22 1.3 PRECISION CVT,2022,21800000
Fiat,CRONOS,L/23 1.3 DRIVE GSE PACK PLUS,2025,23900000
Fiat,CRONOS,L/23 1.3 DRIVE GSE PACK PLUS,2024,22700000
Fiat,CRONOS,L/23 1.3 DRIVE GSE PACK PLUS,2023,21500000
Fiat,CRONOS,L/23 1.3 DRIVE GSE PACK PLUS CVT,2025,24200000
Fiat,CRONOS,L/23 1.3 DRIVE GSE PACK PLUS CVT,2024,23000000
Fiat,CRONOS,L/23 1.3 DRIVE GSE PACK PLUS CVT,2023,21800000
Fiat,CRONOS,L/23 1.3 GSE LIKE,2025,21100000
Fiat,CRONOS,L/23 1.3 GSE LIKE,2024,19900000
Fiat,CRONOS,L/23 1.3 GSE LIKE,2023,18700000
Fiat,CRONOS,L/23 1.3 GSE STILE,2025,24400000
Fiat,CRONOS,L/23 1.3 GSE STILE,2024,23200000
Fiat,CRONOS,L/23 1.3 GSE STILE,2023,22000000
Fiat,CRONOS,L/25 1.3 DRIVE PACK PLUS,2025,25600000
Fiat,CRONOS,L/25 1.3 DRIVE PACK PLUS CVT,2025,25900000
Fiat,CRONOS,L/25 1.3 LIKE,2025,22800000
Fiat,CRONOS,L/25 1.3 PRECISION CVT,2025,26900000
Fiat,CRONOS,L/26 1.3 CVT,2026,41540000
Fiat,CRONOS,L/26 1.3 DRIVE PLUS,2026,36380000
Fiat,CRONOS,L/26 1.3 LIKE,2026,34010000
Fiat,CRONOS,L/26 1.3 PRECISION CVT,2026,42170000
Fiat,DOBLO,1.4 ACTIVE,2017,14800000
Fiat,DOBLO,1.4 ACTIVE,2016,14100000
Fiat,DOBLO,1.4 ACTIVE,2015,13400000
Fiat,DOBLO,1.4 ACTIVE,2014,12800000
Fiat,DOBLO,1.4 ACTIVE,2013,12200000
Fiat,DOBLO,1.4 ACTIVE,2012,11700000
Fiat,DOBLO,1.4 ACTIVE FAMILY,2016,14600000
Fiat,DOBLO,1.4 ACTIVE FAMILY,2015,13900000
Fiat,DOBLO,1.4 ACTIVE FAMILY,2014,13300000
Fiat,DOBLO,1.4 ACTIVE FAMILY,2013,12700000
Fiat,DOBLO,1.4 ACTIVE FAMILY,2012,12200000
Fiat,DOBLO,1.4 ACTIVE HIGH SECURITY,2016,14400000
Fiat,DOBLO,1.4 ACTIVE HIGH SECURITY,2015,13700000
Fiat,DOBLO,1.4 ACTIVE HIGH SECURITY,2014,13100000
Fiat,DOBLO,1.4 ACTIVE HIGH SECURITY,2013,12500000
Fiat,DOBLO,1.4 ACTIVE HIGH SECURITY,2012,12000000
Fiat,DOBLO,1.4 ACTIVE HIGH SECURITY FAMILY,2016,14900000
Fiat,DOBLO,1.4 ACTIVE HIGH SECURITY FAMILY,2015,14200000
Fiat,DOBLO,1.4 ACTIVE HIGH SECURITY FAMILY,2014,13600000
Fiat,DOBLO,1.4 ACTIVE HIGH SECURITY FAMILY,2013,13000000
Fiat,DOBLO,1.4 ACTIVE HIGH SECURITY FAMILY,2012,12500000
Fiat,DOBLO,1.4 CARGO ACTIVE,2014,11900000
Fiat,DOBLO,1.4 CARGO ACTIVE,2013,11300000
Fiat,DOBLO,1.4 CARGO ACTIVE,2012,10800000
Fiat,DOBLO,1.4 CARGO ACTIVE HIGH SECURITY,2020,17200000
Fiat,DOBLO,1.4 CARGO ACTIVE HIGH SECURITY,2019,16100000
Fiat,DOBLO,1.4 CARGO ACTIVE HIGH SECURITY,2018,15000000
Fiat,DOBLO,1.4 CARGO ACTIVE HIGH SECURITY,2017,14100000
Fiat,DOBLO,1.4 CARGO ACTIVE HIGH SECURITY,2016,13400000
Fiat,DOBLO,1.4 CARGO ACTIVE HIGH SECURITY,2015,12800000
Fiat,DOBLO,1.4 CARGO ACTIVE HIGH SECURITY,2014,12200000
Fiat,DOBLO,1.4 CARGO ACTIVE HIGH SECURITY,2013,11600000
Fiat,DOBLO,1.4 CARGO ACTIVE HIGH SECURITY,2012,11100000
Fiat,DUCATO,2.3 JTD COMBINATO,2018,30300000
Fiat,DUCATO,2.3 JTD COMBINATO,2017,28800000
Fiat,DUCATO,2.3 JTD COMBINATO,2016,27300000
Fiat,DUCATO,2.3 JTD COMBINATO,2015,26000000
Fiat,DUCATO,2.3 JTD COMBINATO,2014,24700000
Fiat,DUCATO,2.3 JTD COMBINATO,2013,23400000
Fiat,DUCATO,2.3 JTD COMBINATO,2012,22400000
Fiat,DUCATO,2.3 JTD COMBINATO,2011,21600000
Fiat,DUCATO,2.3 JTD COMBINATO,2010,20800000
Fiat,DUCATO,2.3 JTD FURGON 15 LARGO TE,2019,29300000
Fiat,DUCATO,2.3 JTD FURGON 15 LARGO TE,2018,27800000
Fiat,DUCATO,2.3 JTD FURGON 15 LARGO TE,2017,26300000
Fiat,DUCATO,2.3 JTD FURGON 15 LARGO TE,2016,25100000
Fiat,DUCATO,2.3 JTD FURGON 15 LARGO TE,2015,23900000
Fiat,DUCATO,2.3 JTD FURGON 15 LARGO TE,2014,22700000
Fiat,DUCATO,2.3 JTD FURGON 15 LARGO TE,2013,21500000
Fiat,DUCATO,2.3 JTD FURGON 15 LARGO TE,2012,20500000
Fiat,DUCATO,2.3 JTD FURGON 15 LARGO TE,2011,19700000
Fiat,DUCATO,2.3 JTD FURGON 15 LARGO TE,2010,19000000
Fiat,DUCATO,2.3 JTD FURGON 15 LARGO TN,2019,28800000
Fiat,DUCATO,2.3 JTD FURGON 15 LARGO TN,2018,27300000
Fiat,DUCATO,2.3 JTD FURGON 15 LARGO TN,2017,25800000
Fiat,DUCATO,2.3 JTD FURGON 15 LARGO TN,2016,24600000
Fiat,DUCATO,2.3 JTD FURGON 15 LARGO TN,2015,23400000
Fiat,DUCATO,2.3 JTD FURGON 15 LARGO TN,2014,22200000
Fiat,DUCATO,2.3 JTD FURGON 15 LARGO TN,2013,21000000
Fiat,DUCATO,2.3 JTD FURGON 15 LARGO TN,2012,20000000
Fiat,DUCATO,2.3 JTD FURGON 15 LARGO TN,2011,19200000
Fiat,DUCATO,2.3 JTD FURGON 15 LARGO TN,2010,18500000
Fiat,DUCATO,2.3 JTD FURGON MAXICARGO TE,2019,29800000
Fiat,DUCATO,2.3 JTD FURGON MAXICARGO TE,2018,28300000
Fiat,DUCATO,2.3 JTD FURGON MAXICARGO TE,2017,26800000
Fiat,DUCATO,2.3 JTD FURGON MAXICARGO TE,2016,25600000
Fiat,DUCATO,2.3 JTD FURGON MAXICARGO TE,2015,24400000
Fiat,DUCATO,2.3 JTD FURGON MAXICARGO TE,2014,23200000
Fiat,DUCATO,2.3 JTD FURGON MAXICARGO TE,2013,22000000
Fiat,DUCATO,2.3 JTD FURGON MAXICARGO TE,2012,21000000
Fiat,DUCATO,2.3 JTD FURGON MAXICARGO TE,2011,20200000
Fiat,DUCATO,2.3 JTD FURGON MAXICARGO TE,2010,19500000
Fiat,DUCATO,2.3 JTD TN 7.5 M3,2016,24100000
Fiat,DUCATO,2.3 JTD TN 7.5 M3,2015,22900000
Fiat,DUCATO,2.3 JTD TN 7.5 M3,2014,21700000
Fiat,DUCATO,2.3 JTD TN 7.5 M3,2013,20500000
Fiat,DUCATO,2.3 JTD TN 7.5 M3,2012,19500000
Fiat,DUCATO,2.3 JTD TN 7.5 M3,2011,18700000
Fiat,DUCATO,2.3 TD CHASIS,2025,44800000
Fiat,DUCATO,2.3 TD CHASIS,2024,41800000
Fiat,DUCATO,2.3 TD CHASIS,2023,39300000
Fiat,DUCATO,2.3 TD CHASIS,2022,36800000
Fiat,DUCATO,2.3 TD CHASIS,2021,34800000
Fiat,DUCATO,2.3 TD CHASIS,2020,33300000
Fiat,DUCATO,2.3 TD CHASIS,2019,31800000
Fiat,DUCATO,2.3 TD FURGON CORTO L1H1,2025,45800000
Fiat,DUCATO,2.3 TD FURGON CORTO L1H1,2024,42800000
Fiat,DUCATO,2.3 TD FURGON CORTO L1H1,2023,40300000
Fiat,DUCATO,2.3 TD FURGON CORTO L1H1,2022,37800000
Fiat,DUCATO,2.3 TD FURGON CORTO L1H1,2021,35800000
Fiat,DUCATO,2.3 TD FURGON CORTO L1H1,2020,34300000
Fiat,DUCATO,2.3 TD FURGON CORTO L1H1,2019,32800000
Fiat,DUCATO,2.3 TD FURGON MEDIO L2H1 TB,2025,46800000
Fiat,DUCATO,2.3 TD FURGON MEDIO L2H1 TB,2024,43800000
Fiat,DUCATO,2.3 TD FURGON MEDIO L2H1 TB,2023,41300000
Fiat,DUCATO,2.3 TD FURGON MEDIO L2H1 TB,2022,38800000
Fiat,DUCATO,2.3 TD FURGON MEDIO L2H1 TB,2021,36800000
Fiat,DUCATO,2.3 TD FURGON MEDIO L2H1 TB,2020,35300000
Fiat,DUCATO,2.3 TD FURGON MEDIO L2H1 TB,2019,33800000
Fiat,DUCATO,2.3 TD MAXICARGO L4H2 TA,2025,47800000
Fiat,DUCATO,2.3 TD MAXICARGO L4H2 TA,2024,44800000
Fiat,DUCATO,2.3 TD MAXICARGO L4H2 TA,2023,42300000
Fiat,DUCATO,2.3 TD MAXICARGO L4H2 TA,2022,39800000
Fiat,DUCATO,2.3 TD MAXICARGO L4H2 TA,2021,37800000
Fiat,DUCATO,2.3 TD MAXICARGO L4H2 TA,2020,36300000
Fiat,DUCATO,2.3 TD MAXICARGO L4H2 TA,2019,34800000
Fiat,DUCATO,2.3 TD MAXICARGO L4H2 TA VID,2025,48300000
Fiat,DUCATO,2.3 TD MAXICARGO L4H2 TA VID,2024,45300000
Fiat,DUCATO,2.3 TD MAXICARGO L4H2 TA VID,2023,42800000
Fiat,DUCATO,2.3 TD MAXICARGO L4H2 TA VID,2022,40300000
Fiat,DUCATO,2.3 TD MAXICARGO L4H2 TA VID,2021,38300000
Fiat,DUCATO,2.3 TD MAXICARGO L4H2 TA VID,2020,36800000
Fiat,DUCATO,2.3 TD MAXICARGO L4H2 TA VID,2019,35300000
Fiat,DUCATO,2.8 JTD COMBINATO,2010,18400000
Fiat,DUCATO,2.8 JTD COMBINATO,2009,17900000
Fiat,DUCATO,2.8 JTD COMBINATO,2008,17400000
Fiat,DUCATO,2.8 JTD COMBINATO,2007,17000000
Fiat,DUCATO,2.8 JTD FURGON 15 LARG TE,2010,17500000
Fiat,DUCATO,2.8 JTD FURGON 15 LARG TE,2009,17000000
Fiat,DUCATO,2.8 JTD FURGON 15 LARG TE,2008,16500000
Fiat,DUCATO,2.8 JTD FURGON 15 LARG TE,2007,16100000
Fiat,DUCATO,2.8 JTD FURGON 15 LARG TN,2010,17200000
Fiat,DUCATO,2.8 JTD FURGON 15 LARG TN,2009,16700000
Fiat,DUCATO,2.8 JTD FURGON 15 LARG TN,2008,16200000
Fiat,DUCATO,2.8 JTD FURGON 15 LARG TN,2007,15800000
Fiat,DUCATO,2.8 JTD FURGON MAXICARGO,2010,17800000
Fiat,DUCATO,2.8 JTD FURGON MAXICARGO,2009,17300000
Fiat,DUCATO,2.8 JTD FURGON MAXICARGO,2008,16700000
Fiat,DUCATO,2.8 JTD FURGON MAXICARGO,2007,16400000
Fiat,DUCATO,2.8 JTD FURGON MAXICARGO AA,2010,17900000
Fiat,DUCATO,2.8 JTD FURGON MAXICARGO AA,2009,17400000
Fiat,DUCATO,2.8 JTD FURGON MAXICARGO AA,2008,16900000
Fiat,DUCATO,2.8 JTD FURGON MAXICARGO AA,2007,16500000
Fiat,DUCATO,2.8 JTD MINIBUS 15 ASIENTOS,2008,17900000
Fiat,DUCATO,2.8 JTD MINIBUS 15 ASIENTOS,2007,17500000
Fiat,DUCATO,2.8 TD FURGON 15 LARG TE,2007,15200000
Fiat,DUCATO,2.8 TD FURGON 15 LARG TE A,2007,15300000
Fiat,DUCATO,2.8 TD FURGON 15 LARG TN,2007,15000000
Fiat,DUCATO,2.8 TD FURGON 15 LARG TN A,2007,15100000
Fiat,DUCATO,2.8 TD COMBINATO,2007,16100000
Fiat,DUCATO,2.8 TD COMBINATO AA,2007,16200000
Fiat,FASTBACK,1.3 T 270 AT6,2025,31000000
Fiat,FASTBACK,1.3 T 270 AT6,2024,29000000
Fiat,FASTBACK,1.3 T 270 AT6 ABARTH,2025,35500000
Fiat,FASTBACK,1.3 T 270 AT6 ABARTH,2024,33500000
Fiat,FASTBACK,1.3 T 270 AT6 L/25,2026,50540000
Fiat,FASTBACK,1.3 T 270 AT6 L/25,2025,33000000
Fiat,FASTBACK,1.3 T 270 AT6 ABARTH L/25,2026,53490000
Fiat,FASTBACK,1.3 T 270 AT6 ABARTH L/25,2025,37500000
Fiat,FIORINO,FURGON FIRE,2014,10200000
Fiat,FIORINO,FURGON FIRE,2013,9600000
Fiat,FIORINO,FURGON FIRE,2012,9000000
Fiat,FIORINO,FURGON FIRE,2011,8450000
Fiat,FIORINO,FURGON FIRE,2010,7850000
Fiat,FIORINO,FURGON FIRE,2009,7350000
Fiat,FIORINO,FURGON FIRE,2008,6950000
Fiat,FIORINO,FURGON FIRE,2007,6600000
Fiat,FIORINO,FURGON FIRE AA,2009,7380000
Fiat,FIORINO,FURGON FIRE AA,2008,6980000
Fiat,FIORINO,FURGON FIRE AA,2007,6630000
Fiat,FIORINO,FURGON FIRE CONFORT,2014,10300000
Fiat,FIORINO,FURGON FIRE CONFORT,2013,9700000
Fiat,FIORINO,FURGON FIRE CONFORT,2012,9100000
Fiat,FIORINO,FURGON FIRE CONFORT,2011,8550000
Fiat,FIORINO,FURGON FIRE CONFORT,2010,7950000
Fiat,FIORINO,FURGON FIRE CONFORT,2009,7450000
Fiat,FIORINO,FURGON FIRE PACK,2009,7400000
Fiat,FIORINO,FURGON FIRE PACK,2008,7000000
Fiat,FIORINO,FURGON FIRE PACK,2007,6650000
Fiat,FIORINO,FURGON FIRE PACK AA,2009,7430000
Fiat,FIORINO,FURGON FIRE PACK AA,2008,7030000
Fiat,FIORINO,FURGON FIRE PACK AA,2007,6680000
Fiat,FIORINO,FURGON GNC,2008,6970000
Fiat,FIORINO,FURGON GNC,2007,6620000
Fiat,FIORINO,FURGON 1.3 ENDURANCE,2026,32210000
Fiat,FIORINO,FURGON 1.3 ENDURANCE,2025,21600000
Fiat,FIORINO,FURGON 1.4 ENDURANCE,2025,20500000
Fiat,FIORINO,FURGON 1.4 ENDURANCE,2024,19500000
Fiat,FIORINO,FURGON 1.4 ENDURANCE,2023,18500000
Fiat,FIORINO,FURGON 1.4 ENDURANCE,2022,17500000
Fiat,FIORINO,FURGON 1.4 EVO,2020,14700000
Fiat,FIORINO,FURGON 1.4 EVO,2019,14000000
Fiat,FIORINO,FURGON 1.4 EVO,2016,12200000
Fiat,FIORINO,FURGON 1.4 EVO,2015,11600000
Fiat,FIORINO,FURGON 1.4 EVO,2014,11100000
Fiat,FIORINO,FURGON 1.4 EVO CONFORT,2017,13000000
Fiat,FIORINO,FURGON 1.4 EVO CONFORT,2016,12400000
Fiat,FIORINO,FURGON 1.4 EVO CONFORT,2015,11800000
Fiat,FIORINO,FURGON 1.4 EVO CONFORT,2014,11300000
Fiat,FIORINO,FURGON 1.4 EVO TOP,2022,16800000
Fiat,FIORINO,FURGON 1.4 EVO TOP,2021,16000000
Fiat,FIORINO,FURGON 1.4 EVO TOP,2020,15200000
Fiat,FIORINO,FURGON 1.4 EVO TOP,2019,14500000
Fiat,FIORINO,FURGON 1.4 EVO TOP,2018,13800000
Fiat,FIORINO,FURGON 1.4 EVO TOP,2017,13200000
Fiat,FIORINO,FURGON 1.4 EVO TOP,2016,12600000
Fiat,FIORINO,FURGON 1.4 EVO TOP,2015,12000000
Fiat,FIORINO,FURGON 1.4 EVO TOP,2014,11500000
Fiat,FIORINO,FURGON 1.7 TD FIRE,2007,6620000
Fiat,GRAND SIENA,1.4 ATTRACTIVE,2014,11100000
Fiat,GRAND SIENA,1.4 ATTRACTIVE,2013,10600000
Fiat,GRAND SIENA,1.4 ATTRACTIVE,2012,10200000
Fiat,GRAND SIENA,1.4 ATTRACTIVE L/14,2018,13700000
Fiat,GRAND SIENA,1.4 ATTRACTIVE L/14,2017,13200000
Fiat,GRAND SIENA,1.4 ATTRACTIVE L/14,2016,12700000
Fiat,GRAND SIENA,1.4 ATTRACTIVE L/14,2015,12200000
Fiat,GRAND SIENA,1.4 ATTRACTIVE L/14,2014,11700000
Fiat,GRAND SIENA,1.4 ATTRACTIVE TOP,2013,10800000
Fiat,GRAND SIENA,1.4 ATTRACTIVE TOP,2012,10400000
Fiat,GRAND SIENA,1.4 ATTRACTIVE TOP SEG,2017,13500000
Fiat,GRAND SIENA,1.4 ATTRACTIVE TOP SEG,2016,13000000
Fiat,GRAND SIENA,1.4 ATTRACTIVE TOP SEG,2014,11400000
Fiat,GRAND SIENA,1.4 ATTRACTIVE TOP SEG,2013,10900000
Fiat,GRAND SIENA,1.4 ATTRACTIVE TOP SEG,2012,10500000
Fiat,GRAND SIENA,1.6 EMOTION,2013,11100000
Fiat,GRAND SIENA,1.6 EMOTION,2012,10700000
Fiat,GRAND SIENA,1.6 EMOTION DUALOGIC,2013,11200000
Fiat,GRAND SIENA,1.6 EMOTION DUALOGIC,2012,10800000
Fiat,GRAND SIENA,1.6 ESSENCE,2014,11400000
Fiat,GRAND SIENA,1.6 ESSENCE,2013,10900000
Fiat,GRAND SIENA,1.6 ESSENCE,2012,10500000
Fiat,GRAND SIENA,1.6 ESSENCE DUALOGIC,2017,13600000
Fiat,GRAND SIENA,1.6 ESSENCE DUALOGIC,2016,13100000
Fiat,GRAND SIENA,1.6 ESSENCE DUALOGIC,2015,12600000
Fiat,GRAND SIENA,1.6 ESSENCE DUALOGIC,2014,12100000
Fiat,GRAND SIENA,1.6 ESSENCE DUALOGIC,2013,11000000
Fiat,GRAND SIENA,1.6 ESSENCE DUALOGIC,2012,10600000
Fiat,GRAND SIENA,1.6 ESSENCE II HI.TECH,2016,13250000
Fiat,GRAND SIENA,1.6 ESSENCE II HI.TECH,2015,12750000
Fiat,GRAND SIENA,1.6 ESSENCE II HI.TECH,2014,12250000
Fiat,GRAND SIENA,1.6 ESSENCE L/14,2018,14000000
Fiat,GRAND SIENA,1.6 ESSENCE L/14,2017,13500000
Fiat,GRAND SIENA,1.6 ESSENCE L/14,2016,13000000
Fiat,GRAND SIENA,1.6 ESSENCE L/14,2015,12500000
Fiat,GRAND SIENA,1.6 ESSENCE L/14,2014,12000000
Fiat,GRAND SIENA,1.6 HIGH TECH,2013,11300000
Fiat,GRAND SIENA,1.6 HIGH TECH,2012,10900000
Fiat,GRAND SIENA,1.6 HIGH TECH DUALOGIC,2013,11400000
Fiat,GRAND SIENA,1.6 HIGH TECH DUALOGIC,2012,11000000
Fiat,IDEA,1.4 ATTRACTIVE,2018,12900000
Fiat,IDEA,1.4 ATTRACTIVE,2017,12500000
Fiat,IDEA,1.4 ATTRACTIVE,2016,12100000
Fiat,IDEA,1.4 ATTRACTIVE,2015,11700000
Fiat,IDEA,1.4 ATTRACTIVE,2014,11300000
Fiat,IDEA,1.4 ATTRACTIVE,2013,10900000
Fiat,IDEA,1.4 ATTRACTIVE,2012,10500000
Fiat,IDEA,1.4 ATTRACTIVE,2011,10100000
Fiat,IDEA,1.4 ATTRACTIVE,2010,9700000
Fiat,IDEA,1.4 ATTRACTIVE TOP,2017,12600000
Fiat,IDEA,1.4 ATTRACTIVE TOP,2016,12200000
Fiat,IDEA,1.4 ATTRACTIVE TOP,2015,11800000
Fiat,IDEA,1.4 ATTRACTIVE TOP,2014,11400000
Fiat,IDEA,1.4 ATTRACTIVE TOP,2013,11000000
Fiat,IDEA,1.4 ATTRACTIVE TOP,2012,10600000
Fiat,IDEA,1.4 ATTRACTIVE TOP,2011,10200000
Fiat,IDEA,1.4 ATTRACTIVE TOP,2010,9800000
Fiat,IDEA,1.4 ELX,2010,9100000
Fiat,IDEA,1.4 ELX,2009,8900000
Fiat,IDEA,1.4 ELX,2008,8700000
Fiat,IDEA,1.4 ELX,2007,8500000
Fiat,IDEA,1.4 ELX TOP,2010,9200000
Fiat,IDEA,1.4 ELX TOP,2009,9000000
Fiat,IDEA,1.4 ELX TOP,2008,8800000
Fiat,IDEA,1.4 ELX TOP,2007,8600000
Fiat,IDEA,1.6 ESSENCE,2015,12450000
Fiat,IDEA,1.6 ESSENCE,2014,12050000
Fiat,IDEA,1.6 ESSENCE,2013,11650000
Fiat,IDEA,1.6 ESSENCE,2012,11250000
Fiat,IDEA,1.6 ESSENCE,2011,10850000
Fiat,IDEA,1.6 ESSENCE,2010,10450000
Fiat,IDEA,1.6 ESSENCE EMOTION,2013,11750000
Fiat,IDEA,1.6 ESSENCE EMOTION,2012,11350000
Fiat,IDEA,1.6 ESSENCE EMOTION,2011,10950000
Fiat,IDEA,1.6 ESSENCE TOP,2014,12150000
Fiat,IDEA,1.6 ESSENCE TOP,2013,11750000
Fiat,IDEA,1.6 ESSENCE TOP,2012,11350000
Fiat,IDEA,1.6 ESSENCE TOP,2011,10950000
Fiat,IDEA,1.6 ESSENCE TOP EMOTION,2013,11850000
Fiat,IDEA,1.6 ESSENCE TOP EMOTION,2012,11450000
Fiat,IDEA,1.6 ESSENCE TOP EMOTION,2011,11050000
Fiat,IDEA,1.6 SPORTING,2012,11550000
Fiat,IDEA,1.6 SPORTING,2011,11150000
Fiat,IDEA,1.6 SPORTING,2010,10750000
Fiat,IDEA,1.8 HLX,2007,8950000
Fiat,IDEA,1.8 HLX ACTIVE,2007,9100000
Fiat,IDEA,1.8 HLX ACTIVE TC,2007,9150000
Fiat,IDEA,1.8 HLX EMOTION,2009,9450000
Fiat,IDEA,1.8 HLX EMOTION,2008,9300000
Fiat,IDEA,1.8 HLX EMOTION,2007,9150000
Fiat,IDEA,1.8 HLX EMOTION TC,2009,9550000
Fiat,IDEA,1.8 HLX EMOTION TC,2008,9400000
Fiat,IDEA,1.8 HLX EMOTION TC,2007,9250000
Fiat,IDEA,1.8 HLX HIGH TECH,2008,9450000
Fiat,IDEA,1.8 HLX HIGH TECH,2007,9300000
Fiat,IDEA,1.8 HLX HIGH TECH TC,2007,9400000
Fiat,IDEA,ADVENTURE 1.6,2017,14400000
Fiat,IDEA,ADVENTURE 1.6,2016,14000000
Fiat,IDEA,ADVENTURE 1.6,2015,13600000
Fiat,IDEA,ADVENTURE 1.6,2014,13200000
Fiat,IDEA,ADVENTURE 1.6,2013,12800000
Fiat,IDEA,ADVENTURE 1.6,2012,12400000
Fiat,IDEA,ADVENTURE 1.6,2011,12000000
Fiat,IDEA,ADVENTURE 1.6,2010,11600000
Fiat,IDEA,ADVENTURE 1.6 LOCKER,2014,13300000
Fiat,IDEA,ADVENTURE 1.6 LOCKER,2013,12900000
Fiat,IDEA,ADVENTURE 1.6 LOCKER,2012,12500000
Fiat,IDEA,ADVENTURE 1.6 LOCKER,2011,12100000
Fiat,IDEA,ADVENTURE 1.6 LOCKER,2010,11700000
Fiat,IDEA,ADVENTURE 1.6 TOP,2013,12900000
Fiat,IDEA,ADVENTURE 1.6 TOP,2012,12500000
Fiat,IDEA,ADVENTURE 1.6 TOP,2011,12100000
Fiat,IDEA,ADVENTURE 1.8,2010,10150000
Fiat,IDEA,ADVENTURE 1.8,2009,9950000
Fiat,IDEA,ADVENTURE 1.8,2008,9750000
Fiat,IDEA,ADVENTURE 1.8,2007,9550000
Fiat,IDEA,ADVENTURE 1.8 CONFORT,2010,10250000
Fiat,IDEA,ADVENTURE 1.8 CONFORT,2009,10050000
Fiat,IDEA,ADVENTURE 1.8 LOCKER,2010,10250000
Fiat,IDEA,ADVENTURE 1.8 LOCKER,2009,10050000
Fiat,IDEA,ADVENTURE 1.8 LOCKER,2008,9850000
Fiat,IDEA,ADVENTURE 1.8 LOCKER,2007,9650000
Fiat,IDEA,ADVENTURE 1.8 PK SEGURIDAD,2010,10250000
Fiat,IDEA,ADVENTURE 1.8 PK SEGURIDAD,2009,10050000
Fiat,IDEA,ADVENTURE 1.8 XTREME,2009,10100000
Fiat,IDEA,ADVENTURE 1.8 XTREME,2008,9900000
Fiat,IDEA,ADVENTURE 1.8 XTREME,2007,9700000
Fiat,LINEA,ABSOLUTE,2015,11000000
Fiat,LINEA,ABSOLUTE,2014,10700000
Fiat,LINEA,ABSOLUTE,2013,10400000
Fiat,LINEA,ABSOLUTE,2012,10100000
Fiat,LINEA,ABSOLUTE,2011,9800000
Fiat,LINEA,ABSOLUTE,2010,9500000
Fiat,LINEA,ABSOLUTE,2009,9200000
Fiat,LINEA,ABSOLUTE DUALOGIC,2014,10800000
Fiat,LINEA,ABSOLUTE DUALOGIC,2013,10500000
Fiat,LINEA,ABSOLUTE DUALOGIC,2012,10200000
Fiat,LINEA,ABSOLUTE DUALOGIC,2011,9900000
Fiat,LINEA,ABSOLUTE DUALOGIC,2010,9600000
Fiat,LINEA,ABSOLUTE DUALOGIC,2009,9300000
Fiat,LINEA,ABSOLUTE DUALOGIC L/14,2015,13100000
Fiat,LINEA,ABSOLUTE DUALOGIC L/14,2014,12700000
Fiat,LINEA,ABSOLUTE L/16 UCONNECT,2016,14600000
Fiat,LINEA,ABSOLUTE L/16 UCONNECT,2015,14200000
Fiat,LINEA,ABSOLUTE L/16 UCONNECT DUALO,2018,15800000
Fiat,LINEA,ABSOLUTE L/16 UCONNECT DUALO,2017,15300000
Fiat,LINEA,ABSOLUTE L/16 UCONNECT DUALO,2016,14800000
Fiat,LINEA,ABSOLUTE L/16 UCONNECT DUALO,2015,14300000
Fiat,LINEA,ESSENCE,2014,10300000
Fiat,LINEA,ESSENCE,2013,10000000
Fiat,LINEA,ESSENCE,2012,9700000
Fiat,LINEA,ESSENCE,2011,9400000
Fiat,LINEA,ESSENCE,2010,9100000
Fiat,LINEA,ESSENCE,2009,8800000
Fiat,LINEA,ESSENCE DUALOGIC,2013,10100000
Fiat,LINEA,ESSENCE DUALOGIC,2012,9800000
Fiat,LINEA,ESSENCE DUALOGIC,2011,9500000
Fiat,LINEA,ESSENCE DUALOGIC,2010,9200000
Fiat,LINEA,ESSENCE DUALOGIC,2009,8900000
Fiat,LINEA,ESSENCE L/14,2015,12500000
Fiat,LINEA,ESSENCE L/14,2014,12100000
Fiat,LINEA,ESSENCE L/16 UCONNECT,2018,15200000
Fiat,LINEA,ESSENCE L/16 UCONNECT,2017,14700000
Fiat,LINEA,ESSENCE L/16 UCONNECT,2016,14200000
Fiat,LINEA,ESSENCE L/16 UCONNECT,2015,13700000
Fiat,MAREA,1.6 SX (LN),2007,4600000
Fiat,MAREA,1.6 SX (LN) P/LUJO,2007,4620000
Fiat,MAREA,1.9 JTD ELX,2007,4640000
Fiat,MAREA,WE 1.9 JTD ELX,2007,4650000
Fiat,MOBI,EASY,2022,15200000
Fiat,MOBI,EASY,2021,14600000
Fiat,MOBI,EASY,2020,14000000
Fiat,MOBI,EASY,2019,13400000
Fiat,MOBI,EASY,2018,12800000
Fiat,MOBI,EASY,2017,12300000
Fiat,MOBI,EASY,2016,11800000
Fiat,MOBI,EASY PACK TOP,2022,15500000
Fiat,MOBI,EASY PACK TOP,2021,14900000
Fiat,MOBI,EASY PACK TOP,2020,14300000
Fiat,MOBI,EASY PACK TOP,2019,13700000
Fiat,MOBI,EASY PACK TOP,2018,13100000
Fiat,MOBI,EASY PACK TOP,2017,12600000
Fiat,MOBI,EASY PACK TOP,2016,12100000
Fiat,MOBI,LIKE L/21,2024,18600000
Fiat,MOBI,LIKE L/21,2023,17600000
Fiat,MOBI,LIKE L/21,2022,16800000
Fiat,MOBI,LIKE L/21,2021,16000000
Fiat,MOBI,TREKKING,2026,30210000
Fiat,MOBI,TREKKING,2025,21300000
Fiat,MOBI,TREKKING,2024,20300000
Fiat,MOBI,WAY,2022,15900000
Fiat,MOBI,WAY,2021,15300000
Fiat,MOBI,WAY,2020,14700000
Fiat,MOBI,WAY,2019,14100000
Fiat,MOBI,WAY,2018,13500000
Fiat,MOBI,WAY,2017,13000000
Fiat,MOBI,WAY,2016,12500000
Fiat,PALIO,1.3 3 P FIRE,2007,6250000
Fiat,PALIO,1.3 3 P FIRE ELX,2007,6300000
Fiat,PALIO,1.3 3 P FIRE ELX TOP,2007,6400000
Fiat,PALIO,1.3 3 P FIRE WAY II,2007,6650000
Fiat,PALIO,1.3 5 P FIRE,2007,6300000
Fiat,PALIO,1.3 5 P FIRE WAY II,2007,6700000
Fiat,PALIO,1.4 3 P ATTRACTIVE,2012,9500000
Fiat,PALIO,1.4 3 P ATTRACTIVE,2011,9200000
Fiat,PALIO,1.4 3 P ATTRACTIVE,2010,8900000
Fiat,PALIO,1.4 3 P ELX,2010,7900000
Fiat,PALIO,1.4 3 P ELX,2009,7650000
Fiat,PALIO,1.4 3 P ELX ACTIVE,2009,7500000
Fiat,PALIO,1.4 3 P ELX ACTIVE,2008,7300000
Fiat,PALIO,1.4 3 P ELX ACTIVE,2007,7100000
Fiat,PALIO,1.4 3 P ELX EMOTION,2009,7600000
Fiat,PALIO,1.4 3 P ELX EMOTION,2008,7400000
Fiat,PALIO,1.4 3 P ELX EMOTION,2007,7200000
Fiat,PALIO,1.4 3 P ELX EMOTION II,2009,7800000
Fiat,PALIO,1.4 3 P FIRE,2008,6800000
Fiat,PALIO,1.4 3 P FIRE,2007,6700000
Fiat,PALIO,1.4 3 P FIRE ELX,2007,6750000
Fiat,PALIO,1.4 3 P FIRE ELX TOP II,2007,6850000
Fiat,PALIO,1.4 3 P FIRE L/09,2014,9500000
Fiat,PALIO,1.4 3 P FIRE L/09,2013,9150000
Fiat,PALIO,1.4 3 P FIRE L/09,2012,8850000
Fiat,PALIO,1.4 3 P FIRE L/09,2011,8600000
Fiat,PALIO,1.4 3 P FIRE L/09,2010,8350000
Fiat,PALIO,1.4 3 P FIRE L/09,2009,8100000
Fiat,PALIO,1.4 3 P FIRE L/09 CONFORT,2014,9700000
Fiat,PALIO,1.4 3 P FIRE L/09 CONFORT,2013,9350000
Fiat,PALIO,1.4 3 P FIRE L/09 CONFORT,2012,9050000
Fiat,PALIO,1.4 3 P FIRE L/09 CONFORT,2011,8800000
Fiat,PALIO,1.4 3 P FIRE L/09 CONFORT,2010,8550000
Fiat,PALIO,1.4 3 P FIRE L/09 CONFORT,2009,8300000
Fiat,PALIO,1.4 3 P FIRE L/09 TOP,2014,9800000
Fiat,PALIO,1.4 3 P FIRE L/09 TOP,2013,9450000
Fiat,PALIO,1.4 3 P FIRE L/09 TOP,2012,9150000
Fiat,PALIO,1.4 3 P FIRE L/09 TOP,2011,8900000
Fiat,PALIO,1.4 3 P FIRE L/09 TOP,2010,8650000
Fiat,PALIO,1.4 3 P FIRE L/09 TOP,2009,8400000
Fiat,PALIO,1.4 3 P FIRE WAY,2008,7150000
Fiat,PALIO,1.4 3 P FIRE WAY,2007,6950000
Fiat,PALIO,1.4 5 P ATTRACTIVE,2012,10450000
Fiat,PALIO,1.4 5 P ATTRACTIVE,2011,10150000
Fiat,PALIO,1.4 5 P ATTRACTIVE,2010,9850000
Fiat,PALIO,1.4 5 P ATTRACTIVE ACTIVE,2012,10650000
Fiat,PALIO,1.4 5 P ATTRACTIVE ACTIVE,2011,10350000
Fiat,PALIO,1.4 5 P ATTRACTIVE ACTIVE,2010,10050000
Fiat,PALIO,1.4 5 P ATTRACTIVE EMOTION,2011,10600000
Fiat,PALIO,1.4 5 P ATTRACTIVE EMOTION,2010,10400000
Fiat,PALIO,1.4 5 P ATTRACTIVE L/12,2014,12100000
Fiat,PALIO,1.4 5 P ATTRACTIVE L/12,2013,11800000
Fiat,PALIO,1.4 5 P ATTRACTIVE L/12,2012,11500000
Fiat,PALIO,1.4 5 P ATTRACTIVE L/12 TOP,2014,12500000
Fiat,PALIO,1.4 5 P ATTRACTIVE L/12 TOP,2013,12200000
Fiat,PALIO,1.4 5 P ATTRACTIVE L/12 TOP,2012,11900000
Fiat,PALIO,1.4 5 P ATTRACTIVE L/13 EMOTION II,2014,12800000
Fiat,PALIO,1.4 5 P ATTRACTIVE L/13 EMOTION II,2013,12500000
Fiat,PALIO,1.4 5 P ATTRACTIVE L/13 TECH,2014,13000000
Fiat,PALIO,1.4 5 P ATTRACTIVE L/13 TECH,2013,12700000
Fiat,PALIO,1.4 5 P ATTRACTIVE L/14,2018,15250000
Fiat,PALIO,1.4 5 P ATTRACTIVE L/14,2017,14750000
Fiat,PALIO,1.4 5 P ATTRACTIVE L/14,2016,14250000
Fiat,PALIO,1.4 5 P ATTRACTIVE L/14,2015,13750000
Fiat,PALIO,1.4 5 P ATTRACTIVE L/14,2014,13250000
Fiat,PALIO,1.4 5 P ATTRACTIVE L/14 TOP,2018,15550000
Fiat,PALIO,1.4 5 P ATTRACTIVE L/14 TOP,2017,15050000
Fiat,PALIO,1.4 5 P ATTRACTIVE L/14 TOP,2016,14550000
Fiat,PALIO,1.4 5 P ATTRACTIVE L/14 TOP,2015,14050000
Fiat,PALIO,1.4 5 P ELX,2010,7950000
Fiat,PALIO,1.4 5 P ELX,2009,7700000
Fiat,PALIO,1.4 5 P ELX ACTIVE,2010,7850000
Fiat,PALIO,1.4 5 P ELX ACTIVE,2009,7600000
Fiat,PALIO,1.4 5 P ELX ACTIVE,2008,7400000
Fiat,PALIO,1.4 5 P ELX ACTIVE,2007,7200000
Fiat,PALIO,1.4 5 P ELX EMOTION,2009,7700000
Fiat,PALIO,1.4 5 P ELX EMOTION,2008,7500000
Fiat,PALIO,1.4 5 P ELX EMOTION,2007,7300000
Fiat,PALIO,1.4 5 P ELX EMOTION II,2010,8400000
Fiat,PALIO,1.4 5 P ELX EMOTION II,2009,8000000
Fiat,PALIO,1.4 5 P ELX GROOVE,2011,9300000
Fiat,PALIO,1.4 5 P ELX GROOVE,2010,9000000
Fiat,PALIO,1.4 5 P FIRE,2008,6900000
Fiat,PALIO,1.4 5 P FIRE,2007,6800000
Fiat,PALIO,1.4 5 P FIRE ELX,2007,6850000
Fiat,PALIO,1.4 5 P FIRE ELX TOP II,2007,6950000
Fiat,PALIO,1.4 5 P FIRE WAY,2008,7250000
Fiat,PALIO,1.4 5 P FIRE WAY,2007,7050000
Fiat,PALIO,1.4 5 P FIRE L/09,2014,9600000
Fiat,PALIO,1.4 5 P FIRE L/09,2013,9250000
Fiat,PALIO,1.4 5 P FIRE L/09,2012,8950000
Fiat,PALIO,1.4 5 P FIRE L/09,2011,8700000
Fiat,PALIO,1.4 5 P FIRE L/09,2010,8450000
Fiat,PALIO,1.4 5 P FIRE L/09,2009,8200000
Fiat,PALIO,1.4 5 P FIRE L/09 CONFORT,2014,9800000
Fiat,PALIO,1.4 5 P FIRE L/09 CONFORT,2013,9450000
Fiat,PALIO,1.4 5 P FIRE L/09 CONFORT,2012,9150000
Fiat,PALIO,1.4 5 P FIRE L/09 CONFORT,2011,8900000
Fiat,PALIO,1.4 5 P FIRE L/09 CONFORT,2010,8650000
Fiat,PALIO,1.4 5 P FIRE L/09 CONFORT,2009,8400000
Fiat,PALIO,1.4 5 P FIRE L/09 TOP,2014,9900000
Fiat,PALIO,1.4 5 P FIRE L/09 TOP,2013,9550000
Fiat,PALIO,1.4 5 P FIRE L/09 TOP,2012,9250000
Fiat,PALIO,1.4 5 P FIRE L/09 TOP,2011,9000000
Fiat,PALIO,1.4 5 P FIRE L/09 TOP,2010,8750000
Fiat,PALIO,1.4 5 P FIRE L/09 TOP,2009,8500000
Fiat,PALIO,1.4 5 P FIRE L/09 WAY,2009,8600000
Fiat,PALIO,1.4 5 P FIRE L/14 CONFORT SE,2017,13100000
Fiat,PALIO,1.4 5 P FIRE L/14 CONFORT SE,2016,12600000
Fiat,PALIO,1.4 5 P FIRE L/14 CONFORT SE,2015,12100000
Fiat,PALIO,1.4 5 P FIRE L/14 CONFORT SE,2014,11600000
Fiat,PALIO,1.4 5 P FIRE L/14 SEGURIDAD,2016,12400000
Fiat,PALIO,1.4 5 P FIRE L/14 SEGURIDAD,2015,11900000
Fiat,PALIO,1.4 5 P FIRE L/14 SEGURIDAD,2014,11400000
Fiat,PALIO,1.4 5 P FIRE L/14 TOP SEGUR.,2018,13800000
Fiat,PALIO,1.4 5 P FIRE L/14 TOP SEGUR.,2017,13300000
Fiat,PALIO,1.4 5 P FIRE L/14 TOP SEGUR.,2016,12800000
Fiat,PALIO,1.4 5 P FIRE L/14 TOP SEGUR.,2015,12300000
Fiat,PALIO,1.4 5 P FIRE L/14 TOP SEGUR.,2014,11800000
Fiat,PALIO,1.6 5 P ESSENCE,2012,11400000
Fiat,PALIO,1.6 5 P ESSENCE,2011,11000000
Fiat,PALIO,1.6 5 P ESSENCE,2010,10600000
Fiat,PALIO,1.6 5 P ESSENCE L/12,2013,12700000
Fiat,PALIO,1.6 5 P ESSENCE L/12,2012,12200000
Fiat,PALIO,1.6 5 P ESSENCE L/12 DUALOG,2014,13400000
Fiat,PALIO,1.6 5 P ESSENCE L/12 DUALOG,2013,12800000
Fiat,PALIO,1.6 5 P ESSENCE L/12 DUALOG,2012,12300000
Fiat,PALIO,1.6 5 P ESSENCE L/13,2014,13800000
Fiat,PALIO,1.6 5 P ESSENCE L/13,2013,13200000
Fiat,PALIO,1.6 5 P ESSENCE L/14,2017,16250000
Fiat,PALIO,1.6 5 P ESSENCE L/14,2016,15750000
Fiat,PALIO,1.6 5 P ESSENCE L/14,2015,15250000
Fiat,PALIO,1.6 5 P ESSENCE L/14,2014,14750000
Fiat,PALIO,1.6 5 P ESSENCE L/14 DUALOG,2017,16350000
Fiat,PALIO,1.6 5 P ESSENCE L/14 DUALOG,2016,15850000
Fiat,PALIO,1.6 5 P ESSENCE L/14 DUALOG,2015,15350000
Fiat,PALIO,1.6 5 P SPORTING L/12,2014,13900000
Fiat,PALIO,1.6 5 P SPORTING L/12,2013,13400000
Fiat,PALIO,1.6 5 P SPORTING L/12,2012,12900000
Fiat,PALIO,1.6 5 P SPORTING L/14,2016,16350000
Fiat,PALIO,1.6 5 P SPORTING L/14,2015,15850000
Fiat,PALIO,1.6 5 P SPORTING L/14,2014,15350000
Fiat,PALIO,1.7 3 P ELX TD LN,2008,7150000
Fiat,PALIO,1.7 3 P ELX TD LN,2007,6950000
Fiat,PALIO,1.7 3 P ELX TD LN ACTIVE,2008,7300000
Fiat,PALIO,1.7 3 P ELX TD LN ACTIVE,2007,7100000
Fiat,PALIO,1.7 3 P ELX TD LN EMOTIO.III,2008,7500000
Fiat,PALIO,1.7 3 P ELX TD LN EMOTIO.III,2007,7300000
Fiat,PALIO,1.7 5 P ELX TD LN,2009,7700000
Fiat,PALIO,1.7 5 P ELX TD LN,2008,7400000
Fiat,PALIO,1.7 5 P ELX TD LN,2007,7200000
Fiat,PALIO,1.7 5 P ELX TD LN AA,2007,6850000
Fiat,PALIO,1.7 5 P ELX TD LN ACTIVE,2007,7000000
Fiat,PALIO,1.7 5 P ELX TD LN EMOTIO.III,2007,7150000
Fiat,PALIO,1.7 5 P ELX TD LN WAY,2009,7900000
Fiat,PALIO,1.7 5 P ELX TD LN WAY,2008,7600000
Fiat,PALIO,1.7 5 P ELX TD LN WAY,2007,7400000
Fiat,PALIO,1.8 3 P HLX ACTIVE,2007,6900000
Fiat,PALIO,1.8 3 P HLX EMOTION III,2007,7100000
Fiat,PALIO,1.8 3 P R,2007,7650000
Fiat,PALIO,1.8 3 P R AB,2007,7700000
Fiat,PALIO,1.8 3 P R ABS,2007,7700000
Fiat,PALIO,1.8 3 P R FULL,2007,7750000
Fiat,PALIO,1.8 3 P R L/N,2009,8900000
Fiat,PALIO,1.8 3 P R L/N,2008,8600000
Fiat,PALIO,1.8 3 P R L/N,2007,8400000
Fiat,PALIO,1.8 5 P HLX ACTIVE,2007,6950000
Fiat,PALIO,1.8 5 P HLX EMOTION III,2007,7150000
Fiat,PALIO,1.8 5 P R L/N,2010,9200000
Fiat,PALIO,1.8 5 P R L/N,2009,8950000
Fiat,PALIO,1.8 5 P R L/N,2008,8650000
Fiat,PALIO,1.8 5 P R L/N,2007,8450000
Fiat,PALIO,1.8 5 P R L/N EMOTION,2009,9100000
Fiat,PALIO,1.8 5 P R L/N EMOTION,2008,8800000
Fiat,PALIO,1.8 5 P R L/N EMOTION,2007,8600000
Fiat,PALIO,WE 1.4 ACTIVE L/09,2009,8850000
Fiat,PALIO,WE 1.4 ACTIVE L/09,2008,8650000
Fiat,PALIO,WE 1.4 ACTIVE II L/09,2010,9450000
Fiat,PALIO,WE 1.4 ACTIVE II L/09,2009,9050000
Fiat,PALIO,WE 1.4 ATTRACTIVE,2016,14350000
Fiat,PALIO,WE 1.4 ATTRACTIVE,2015,13750000
Fiat,PALIO,WE 1.4 ATTRACTIVE,2014,13150000
Fiat,PALIO,WE 1.4 ATTRACTIVE,2013,12650000
Fiat,PALIO,WE 1.4 ATTRACTIVE,2012,12150000
Fiat,PALIO,WE 1.4 ATTRACTIVE,2011,11650000
Fiat,PALIO,WE 1.4 ATTRACTIVE,2010,11250000
Fiat,PALIO,WE 1.4 ATTRACTIVE ACTIVE TOP,2016,14650000
Fiat,PALIO,WE 1.4 ATTRACTIVE ACTIVE TOP,2015,14050000
Fiat,PALIO,WE 1.4 ATTRACTIVE ACTIVE TOP,2014,13450000
Fiat,PALIO,WE 1.4 ATTRACTIVE ACTIVE TOP,2013,12950000
Fiat,PALIO,WE 1.4 ATTRACTIVE ACTIVE TOP,2012,12450000
Fiat,PALIO,WE 1.4 ATTRACTIVE ACTIVE TOP,2011,11950000
Fiat,PALIO,WE 1.4 ATTRACTIVE ACTIVE TOP,2010,11550000
Fiat,PALIO,WE 1.4 ELX L/09,2010,8250000
Fiat,PALIO,WE 1.4 ELX L/09,2009,8000000
Fiat,PALIO,WE 1.4 ELX L/09,2008,7750000
Fiat,PALIO,WE 1.4 ELX FIRE,2008,7150000
Fiat,PALIO,WE 1.4 ELX FIRE,2007,6850000
Fiat,PALIO,WE 1.4 ELX FIRE CLASS,2008,7250000
Fiat,PALIO,WE 1.4 ELX FIRE CLASS,2007,6950000
Fiat,PALIO,WE 1.4 ELX FIRE TOP II,2007,6950000
Fiat,PALIO,WE 1.4 TREKKING L/09,2015,13850000
Fiat,PALIO,WE 1.4 TREKKING L/09,2014,13250000
Fiat,PALIO,WE 1.4 TREKKING L/09,2013,12750000
Fiat,PALIO,WE 1.4 TREKKING L/09,2012,12250000
Fiat,PALIO,WE 1.4 TREKKING L/09,2011,11750000
Fiat,PALIO,WE 1.4 TREKKING L/09,2010,11350000
Fiat,PALIO,WE 1.4 TREKKING L/09,2009,11050000
Fiat,PALIO,WE 1.4 TREKKING L/09,2008,10750000
Fiat,PALIO,WE 1.7 TD ELX AA,2007,7030000
Fiat,PALIO,WE 1.7 TD ELX ACTIVE,2007,7150000
Fiat,PALIO,WE 1.7 TD ELX EMOTION II,2007,7350000
Fiat,PALIO,WE 1.7 TD ELX WAY,2009,7900000
Fiat,PALIO,WE 1.7 TD ELX WAY,2008,7700000
Fiat,PALIO,WE 1.7 TD ELX WAY,2007,7500000
Fiat,PALIO,WE 1.8 ELX ACTIVE,2007,7130000
Fiat,PALIO,WE ADVENTURE 1.6,2018,16850000
Fiat,PALIO,WE ADVENTURE 1.6,2017,16150000
Fiat,PALIO,WE ADVENTURE 1.6,2016,15450000
Fiat,PALIO,WE ADVENTURE 1.6,2015,14750000
Fiat,PALIO,WE ADVENTURE 1.6,2014,14050000
Fiat,PALIO,WE ADVENTURE 1.6,2013,13450000
Fiat,PALIO,WE ADVENTURE 1.6,2012,12850000
Fiat,PALIO,WE ADVENTURE 1.6,2011,12250000
Fiat,PALIO,WE ADVENTURE 1.6,2010,11750000
Fiat,PALIO,WE ADVENTURE 1.6 LOCKER,2017,16250000
Fiat,PALIO,WE ADVENTURE 1.6 LOCKER,2016,15550000
Fiat,PALIO,WE ADVENTURE 1.6 LOCKER,2015,14850000
Fiat,PALIO,WE ADVENTURE 1.6 LOCKER,2014,14150000
Fiat,PALIO,WE ADVENTURE 1.6 LOCKER,2013,13550000
Fiat,PALIO,WE ADVENTURE 1.6 LOCKER,2012,12950000
Fiat,PALIO,WE ADVENTURE 1.6 LOCKER,2011,12350000
Fiat,PALIO,WE ADVENTURE 1.6 LOCKER,2010,11850000
Fiat,PALIO,WE ADVENTURE 1.6 LOCKER SEG.,2013,13650000
Fiat,PALIO,WE ADVENTURE 1.6 LOCKER SEG.,2012,13050000
Fiat,PALIO,WE ADVENTURE 1.6 LOCKER SEG.,2011,12450000
Fiat,PALIO,WE ADVENTURE 1.6 LOCKER SEG.,2010,11950000
Fiat,PALIO,WE ADVENTURE 1.6 LOCKER XTRE,2017,16650000
Fiat,PALIO,WE ADVENTURE 1.6 LOCKER XTRE,2016,15950000
Fiat,PALIO,WE ADVENTURE 1.6 LOCKER XTRE,2015,15250000
Fiat,PALIO,WE ADVENTURE 1.6 LOCKER XTRE,2014,14550000
Fiat,PALIO,WE ADVENTURE 1.6 LOCKER XTRE,2013,13950000
Fiat,PALIO,WE ADVENTURE 1.6 LOCKER XTRE,2012,13350000
Fiat,PALIO,WE ADVENTURE 1.6 LOCKER XTRE,2011,12750000
Fiat,PALIO,WE ADVENTURE 1.6 SEGURIDAD,2013,13550000
Fiat,PALIO,WE ADVENTURE 1.6 SEGURIDAD,2012,12950000
Fiat,PALIO,WE ADVENTURE 1.6 SEGURIDAD,2011,12350000
Fiat,PALIO,WE ADVENTURE 1.6 SEGURIDAD,2010,11850000
Fiat,PALIO,WE ADVENTURE 1.6 XTREME,2016,16050000
Fiat,PALIO,WE ADVENTURE 1.6 XTREME,2015,15350000
Fiat,PALIO,WE ADVENTURE 1.6 XTREME,2014,14650000
Fiat,PALIO,WE ADVENTURE 1.6 XTREME,2013,14050000
Fiat,PALIO,WE ADVENTURE 1.6 XTREME,2012,13450000
Fiat,PALIO,WE ADVENTURE 1.6 XTREME,2011,12850000
Fiat,PALIO,WE ADVENTURE 1.6 XTREME,2010,12350000
Fiat,PALIO,WE ADVENTURE 1.7 TD,2009,9800000
Fiat,PALIO,WE ADVENTURE 1.7 TD,2008,9500000
Fiat,PALIO,WE ADVENTURE 1.7 TD,2007,9200000
Fiat,PALIO,WE ADVENTURE 1.7 TD XTREME,2009,10000000
Fiat,PALIO,WE ADVENTURE 1.7 TD XTREME,2008,9700000
Fiat,PALIO,WE ADVENTURE 1.7 TD XTREME,2007,9400000
Fiat,PALIO,WE ADVENTURE 1.8,2011,10550000
Fiat,PALIO,WE ADVENTURE 1.8,2010,10150000
Fiat,PALIO,WE ADVENTURE 1.8,2009,9750000
Fiat,PALIO,WE ADVENTURE 1.8,2008,9450000
Fiat,PALIO,WE ADVENTURE 1.8,2007,9150000
Fiat,PALIO,WE ADVENTURE 1.8 LOCK.,2010,10250000
Fiat,PALIO,WE ADVENTURE 1.8 LOCK.,2009,9850000
Fiat,PALIO,WE ADVENTURE 1.8 LOCK.,2008,9550000
Fiat,PALIO,WE ADVENTURE 1.8 LOCK.PK SEG,2010,10350000
Fiat,PALIO,WE ADVENTURE 1.8 LOCK.PK SEG,2009,9950000
Fiat,PALIO,WE ADVENTURE 1.8 LOCK.PK SEG,2008,9650000
Fiat,PALIO,WE ADVENTURE 1.8 LOCK.PK XTR,2010,10450000
Fiat,PALIO,WE ADVENTURE 1.8 LOCK.PK XTR,2009,10050000
Fiat,PALIO,WE ADVENTURE 1.8 LOCK.PK XTR,2008,9750000
Fiat,PALIO,WE ADVENTURE 1.8 PK. SEGUR.,2010,10200000
Fiat,PALIO,WE ADVENTURE 1.8 PK. SEGUR.,2009,9800000
Fiat,PALIO,WE ADVENTURE 1.8 PK. SEGUR.,2008,9500000
Fiat,PALIO,WE ADVENTURE 1.8 PK. SEGUR.,2007,9200000
Fiat,PALIO,WE ADVENTURE 1.8 XTREME ABS,2010,10400000
Fiat,PALIO,WE ADVENTURE 1.8 XTREME ABS,2009,10000000
Fiat,PALIO,WE ADVENTURE 1.8 XTREME ABS,2008,9700000
Fiat,PALIO,WE ADVENTURE 1.8 XTREME ABS,2007,9400000
Fiat,PULSE,1.0T AUDACE CVT,2025,27500000
Fiat,PULSE,1.0T AUDACE CVT,2024,26000000
Fiat,PULSE,1.0T AUDACE CVT,2023,24500000
Fiat,PULSE,1.0T IMPETUS CVT,2025,29400000
Fiat,PULSE,1.0T IMPETUS CVT,2024,27900000
Fiat,PULSE,1.0T IMPETUS CVT,2023,26500000
Fiat,PULSE,1.0T IMPETUS CVT,2022,25200000
Fiat,PULSE,1.0T AUDACE CVT L/25,2026,44390000
Fiat,PULSE,1.0T AUDACE CVT L/25,2025,29500000
Fiat,PULSE,1.0T IMPETUS CVT L/25,2026,45930000
Fiat,PULSE,1.0T IMPETUS CVT L/25,2025,31400000
Fiat,PULSE,1.3 DRIVE,2025,24800000
Fiat,PULSE,1.3 DRIVE,2024,23300000
Fiat,PULSE,1.3 DRIVE,2023,21800000
Fiat,PULSE,1.3 DRIVE,2022,20800000
Fiat,PULSE,1.3 DRIVE CVT,2025,25300000
Fiat,PULSE,1.3 DRIVE CVT,2024,23800000
Fiat,PULSE,1.3 DRIVE CVT,2023,22300000
Fiat,PULSE,1.3 DRIVE CVT,2022,21300000
Fiat,PULSE,1.3 DRIVE L/25,2026,40920000
Fiat,PULSE,1.3 DRIVE L/25,2025,26800000
Fiat,PULSE,1.3 DRIVE CVT L/25,2026,41500000
Fiat,PULSE,1.3 DRIVE CVT L/25,2025,27800000
Fiat,PULSE,1.3T ABARTH,2025,32500000
Fiat,PULSE,1.3T ABARTH,2024,31000000
Fiat,PULSE,1.3T ABARTH L/25,2026,48170000
Fiat,PULSE,1.3T ABARTH L/25,2025,34700000
Fiat,PUNTO,1.3 JTD ELX,2010,9000000
Fiat,PUNTO,1.3 JTD ELX,2009,8800000
Fiat,PUNTO,1.3 JTD TOP,2011,9500000
Fiat,PUNTO,1.3 JTD TOP,2010,9100000
Fiat,PUNTO,1.3 JTD TOP,2009,8900000
Fiat,PUNTO,1.4 ATTRACTIVE,2012,9800000
Fiat,PUNTO,1.4 ATTRACTIVE,2011,9400000
Fiat,PUNTO,1.4 ATTRACTIVE,2010,9000000
Fiat,PUNTO,1.4 ATTRACTIVE L/13,2015,12900000
Fiat,PUNTO,1.4 ATTRACTIVE L/13,2014,12500000
Fiat,PUNTO,1.4 ATTRACTIVE L/13,2013,12100000
Fiat,PUNTO,1.4 ATTRACTIVE L/13 TOP,2015,13000000
Fiat,PUNTO,1.4 ATTRACTIVE L/13 TOP,2014,12600000
Fiat,PUNTO,1.4 ATTRACTIVE L/13 TOP,2013,12200000
Fiat,PUNTO,1.4 ATTRACTIVE L/16 UCONNECT,2018,14500000
Fiat,PUNTO,1.4 ATTRACTIVE L/16 UCONNECT,2017,14100000
Fiat,PUNTO,1.4 ATTRACTIVE L/16 UCONNECT,2016,13700000
Fiat,PUNTO,1.4 ATTRACTIVE L/16 UCONNECT,2015,13300000
Fiat,PUNTO,1.4 ATTRACTIVE TOP,2012,9900000
Fiat,PUNTO,1.4 ATTRACTIVE TOP,2011,9500000
Fiat,PUNTO,1.4 ELX,2011,9300000
Fiat,PUNTO,1.4 ELX,2010,8900000
Fiat,PUNTO,1.4 ELX,2009,8700000
Fiat,PUNTO,1.4 ELX,2008,8500000
Fiat,PUNTO,1.4 ELX,2007,8300000
Fiat,PUNTO,1.4 ELX TOP,2009,8800000
Fiat,PUNTO,1.4 ELX TOP,2008,8600000
Fiat,PUNTO,1.4 ELX TOP,2007,8400000
Fiat,PUNTO,1.4 ELX TOP II,2010,9150000
Fiat,PUNTO,1.4 ELX TOP II,2009,8950000
Fiat,PUNTO,1.4 ELX TOP II AB,2010,9250000
Fiat,PUNTO,1.4 ELX TOP II AB,2009,9050000
Fiat,PUNTO,1.6 ESSENCE,2012,10300000
Fiat,PUNTO,1.6 ESSENCE,2011,9900000
Fiat,PUNTO,1.6 ESSENCE DUALOGIC,2012,10400000
Fiat,PUNTO,1.6 ESSENCE DUALOGIC,2011,10000000
Fiat,PUNTO,1.6 ESSENCE EMOTION,2012,10500000
Fiat,PUNTO,1.6 ESSENCE EMOTION,2011,10100000
Fiat,PUNTO,1.6 ESSENCE EMOTION DUALOGIC,2012,10600000
Fiat,PUNTO,1.6 ESSENCE EMOTION DUALOGIC,2011,10200000
Fiat,PUNTO,1.6 ESSENCE L/13,2015,13600000
Fiat,PUNTO,1.6 ESSENCE L/13,2014,13200000
Fiat,PUNTO,1.6 ESSENCE L/13,2013,12800000
Fiat,PUNTO,1.6 ESSENCE L/13 DUALOGIC,2015,13700000
Fiat,PUNTO,1.6 ESSENCE L/13 DUALOGIC,2014,13300000
Fiat,PUNTO,1.6 ESSENCE L/13 DUALOGIC,2013,12900000
Fiat,PUNTO,1.6 ESSENCE L/13 EMOTION,2015,13800000
Fiat,PUNTO,1.6 ESSENCE L/13 EMOTION,2014,13400000
Fiat,PUNTO,1.6 ESSENCE L/13 EMOTION,2013,13000000
Fiat,PUNTO,1.6 ESSENCE L/16 UCONNECT,2017,14900000
Fiat,PUNTO,1.6 ESSENCE L/16 UCONNECT,2016,14500000
Fiat,PUNTO,1.6 ESSENCE L/16 UCONNECT,2015,14100000
Fiat,PUNTO,1.6 ESSENCE L/16 UCONNECT DU,2017,15000000
Fiat,PUNTO,1.6 ESSENCE L/16 UCONNECT DU,2016,14600000
Fiat,PUNTO,1.6 ESSENCE L/16 UCONNECT DU,2015,14200000
Fiat,PUNTO,1.6 ESSENCE L/16 UCONNECT EM,2017,15100000
Fiat,PUNTO,1.6 ESSENCE L/16 UCONNECT EM,2016,14700000
Fiat,PUNTO,1.6 ESSENCE L/16 UCONNECT EM,2015,14300000
Fiat,PUNTO,1.6 ESSENCE TECH,2012,10500000
Fiat,PUNTO,1.6 ESSENCE TECH DUALOGIC,2012,10600000
Fiat,PUNTO,1.6 SPORTING BLACKMOTION,2017,15700000
Fiat,PUNTO,1.6 SPORTING BLACKMOTION,2016,15300000
Fiat,PUNTO,1.6 SPORTING L/13,2015,14100000
Fiat,PUNTO,1.6 SPORTING L/13,2014,13700000
Fiat,PUNTO,1.6 SPORTING L/13,2013,13300000
Fiat,PUNTO,1.6 SPORTING L/13 TECH,2015,14300000
Fiat,PUNTO,1.6 SPORTING L/13 TECH,2014,13900000
Fiat,PUNTO,1.6 SPORTING L/13 TECH,2013,13500000
Fiat,PUNTO,1.6 SPORTING L/16 UCONNECT,2016,14900000
Fiat,PUNTO,1.6 SPORTING L/16 UCONNECT,2015,14500000
Fiat,PUNTO,1.6 SPORTING L/16 UCONNECT T,2016,15100000
Fiat,PUNTO,1.6 SPORTING L/16 UCONNECT T,2015,14700000
Fiat,PUNTO,1.8 HLX,2011,9600000
Fiat,PUNTO,1.8 HLX,2010,9300000
Fiat,PUNTO,1.8 HLX,2009,9000000
Fiat,PUNTO,1.8 HLX,2008,8800000
Fiat,PUNTO,1.8 HLX,2007,8600000
Fiat,PUNTO,1.8 HLX EMOTION,2009,9100000
Fiat,PUNTO,1.8 HLX EMOTION,2008,8900000
Fiat,PUNTO,1.8 HLX EMOTION,2007,8700000
Fiat,PUNTO,1.8 HLX EMOTION II,2011,9800000
Fiat,PUNTO,1.8 HLX EMOTION II,2010,9500000
Fiat,PUNTO,1.8 HLX EMOTION II,2009,9200000
Fiat,PUNTO,1.8 HLX HIGH TECH,2010,9600000
Fiat,PUNTO,1.8 HLX HIGH TECH,2009,9300000
Fiat,PUNTO,1.8 HLX HIGH TECH,2008,9100000
Fiat,PUNTO,1.8 HLX HIGH TECH,2007,8900000
Fiat,QUBO,1.4 ACTIVE,2014,12200000
Fiat,QUBO,1.4 ACTIVE,2013,11500000
Fiat,QUBO,1.4 ACTIVE,2012,11000000
Fiat,QUBO,1.4 DYNAMIC,2016,14000000
Fiat,QUBO,1.4 DYNAMIC,2015,13300000
Fiat,QUBO,1.4 DYNAMIC,2014,12700000
Fiat,QUBO,1.4 DYNAMIC,2013,12100000
Fiat,QUBO,1.4 DYNAMIC,2012,11500000
Fiat,QUBO,1.4 TREKKING,2016,14100000
Fiat,QUBO,1.4 TREKKING,2015,13400000
Fiat,QUBO,1.4 TREKKING,2014,12800000
Fiat,QUBO,FIORINO 1.4 ACTIVE,2015,12000000
Fiat,QUBO,FIORINO 1.4 ACTIVE,2014,11400000
Fiat,QUBO,FIORINO 1.4 ACTIVE,2013,10800000
Fiat,QUBO,FIORINO 1.4 ACTIVE,2012,10300000
Fiat,QUBO,FIORINO 1.4 DYNAMIC,2014,11900000
Fiat,QUBO,FIORINO 1.4 DYNAMIC,2013,11300000
Fiat,QUBO,FIORINO 1.4 DYNAMIC,2012,10800000
Fiat,SIENA,1.3 FIRE 16V,2007,6120000
Fiat,SIENA,1.3 FIRE 16V GNC,2007,6140000
Fiat,SIENA,1.3 FIRE 16V WAY II,2007,6270000
Fiat,SIENA,1.4 ATTRACTIVE ACTIVE,2012,9650000
Fiat,SIENA,1.4 ATTRACTIVE ACTIVE,2011,9250000
Fiat,SIENA,1.4 ATTRACTIVE ACTIVE,2010,8850000
Fiat,SIENA,1.4 ATTRACTIVE EMOTION,2012,9950000
Fiat,SIENA,1.4 ATTRACTIVE EMOTION,2011,9550000
Fiat,SIENA,1.4 ATTRACTIVE EMOTION,2010,9150000
Fiat,SIENA,1.4 EL,2018,13950000
Fiat,SIENA,1.4 EL,2017,13350000
Fiat,SIENA,1.4 EL,2016,12750000
Fiat,SIENA,1.4 EL,2015,12250000
Fiat,SIENA,1.4 EL,2014,11750000
Fiat,SIENA,1.4 EL,2013,11250000
Fiat,SIENA,1.4 EL,2012,10750000
Fiat,SIENA,1.4 EL,2011,10250000
Fiat,SIENA,1.4 EL,2010,9750000
Fiat,SIENA,1.4 EL,2009,9350000
Fiat,SIENA,1.4 EL ATTRACTIVE,2014,11950000
Fiat,SIENA,1.4 EL ATTRACTIVE,2013,11450000
Fiat,SIENA,1.4 EL ATTRACTIVE,2012,10950000
Fiat,SIENA,1.4 EL ATTRACTIVE SEGURIDAD,2017,13650000
Fiat,SIENA,1.4 EL ATTRACTIVE SEGURIDAD,2016,13050000
Fiat,SIENA,1.4 EL ATTRACTIVE SEGURIDAD,2015,12550000
Fiat,SIENA,1.4 EL ATTRACTIVE SEGURIDAD,2014,12050000
Fiat,SIENA,1.4 EL ATTRACTIVE SEGURIDAD,2013,11550000
Fiat,SIENA,1.4 EL ATTRACTIVE SEGURIDAD,2012,11050000
Fiat,SIENA,1.4 EL PACK CONFORT,2017,13950000
Fiat,SIENA,1.4 EL PACK CONFORT,2016,13350000
Fiat,SIENA,1.4 EL PACK CONFORT,2015,12850000
Fiat,SIENA,1.4 EL PACK CONFORT,2014,12350000
Fiat,SIENA,1.4 EL PREDISPOSICION GNC,2016,12850000
Fiat,SIENA,1.4 EL PREDISPOSICION GNC,2015,12350000
Fiat,SIENA,1.4 EL PREDISPOSICION GNC,2014,11850000
Fiat,SIENA,1.4 EL PREDISPOSICION GNC,2013,11350000
Fiat,SIENA,1.4 EL PREDISPOSICION GNC,2012,10850000
Fiat,SIENA,1.4 ELX ACTIVE,2010,7850000
Fiat,SIENA,1.4 ELX ACTIVE,2009,7550000
Fiat,SIENA,1.4 ELX ACTIVE,2008,7250000
Fiat,SIENA,1.4 ELX EMOTION,2009,7750000
Fiat,SIENA,1.4 ELX EMOTION,2008,7450000
Fiat,SIENA,1.4 ELX EMOTION II,2010,8150000
Fiat,SIENA,1.4 ELX EMOTION II,2009,7850000
Fiat,SIENA,1.4 FIRE,2014,8950000
Fiat,SIENA,1.4 FIRE,2013,8650000
Fiat,SIENA,1.4 FIRE,2012,8350000
Fiat,SIENA,1.4 FIRE,2011,8050000
Fiat,SIENA,1.4 FIRE,2010,7750000
Fiat,SIENA,1.4 FIRE,2009,7450000
Fiat,SIENA,1.4 FIRE,2008,7150000
Fiat,SIENA,1.4 FIRE,2007,6850000
Fiat,SIENA,1.4 FIRE AA,2014,9000000
Fiat,SIENA,1.4 FIRE AA,2013,8700000
Fiat,SIENA,1.4 FIRE AA,2012,8400000
Fiat,SIENA,1.4 FIRE AA,2011,8100000
Fiat,SIENA,1.4 FIRE AA,2010,7800000
Fiat,SIENA,1.4 FIRE AA GNC,2008,7150000
Fiat,SIENA,1.4 FIRE AA GNC,2007,6950000
Fiat,SIENA,1.4 FIRE ELX,2007,6400000
Fiat,SIENA,1.4 FIRE ELX CLASS,2008,7000000
Fiat,SIENA,1.4 FIRE ELX CLASS,2007,6800000
Fiat,SIENA,1.4 FIRE ELX SUITE II,2007,6500000
Fiat,SIENA,1.4 FIRE WAY,2009,7500000
Fiat,SIENA,1.4 FIRE WAY,2008,7200000
Fiat,SIENA,1.4 FIRE WAY,2007,7000000
Fiat,SIENA,1.4 FIRE WAY II,2014,9300000
Fiat,SIENA,1.4 FIRE WAY II,2013,9000000
Fiat,SIENA,1.4 FIRE WAY II,2012,8700000
Fiat,SIENA,1.4 FIRE WAY II,2011,8400000
Fiat,SIENA,1.4 FIRE WAY II,2010,8100000
Fiat,SIENA,1.4 FIRE WAY II,2009,7800000
Fiat,SIENA,1.6 EL L/14,2018,14550000
Fiat,SIENA,1.6 EL L/14,2017,13950000
Fiat,SIENA,1.6 EL L/14,2016,13350000
Fiat,SIENA,1.6 EL L/14,2015,12850000
Fiat,SIENA,1.6 EL L/14,2014,12350000
Fiat,SIENA,1.6 ESSENCE,2012,10250000
Fiat,SIENA,1.6 ESSENCE,2011,9850000
Fiat,SIENA,1.6 ESSENCE,2010,9450000
Fiat,SIENA,1.6 HIGH TECH,2012,10550000
Fiat,SIENA,1.6 HIGH TECH,2011,10150000
Fiat,SIENA,1.6 HIGH TECH,2010,9750000
Fiat,SIENA,1.7 ELX TD L/N,2009,7350000
Fiat,SIENA,1.7 ELX TD L/N,2008,7150000
Fiat,SIENA,1.7 ELX TD L/N,2007,6950000
Fiat,SIENA,1.7 ELX TD L/N AA,2007,6670000
Fiat,SIENA,1.7 ELX TD L/N ACTIVE,2007,6800000
Fiat,SIENA,1.7 ELX TD L/N CLASS,2009,7600000
Fiat,SIENA,1.7 ELX TD L/N CLASS,2008,7400000
Fiat,SIENA,1.7 ELX TD L/N EMOTION III,2007,6950000
Fiat,SIENA,1.7 ELX TD L/N WAY,2009,7600000
Fiat,SIENA,1.7 ELX TD L/N WAY,2008,7400000
Fiat,SIENA,1.7 ELX TD L/N WAY,2007,7200000
Fiat,SIENA,1.8 HLX ACTIVE,2007,6780000
Fiat,SIENA,1.8 HLX ACTIVE GNC,2007,6830000
Fiat,SIENA,1.8 HLX CLASS,2008,7380000
Fiat,SIENA,1.8 HLX CLASS,2007,7180000
Fiat,SIENA,1.8 HLX EMOTION IV,2007,6930000
Fiat,SIENA,1.8 HLX EMOTION L/08,2010,8200000
Fiat,SIENA,1.8 HLX EMOTION L/08,2009,8000000
Fiat,SIENA,1.8 HLX EMOTION L/08,2008,7800000
Fiat,SIENA,1.8 HLX HIGH TECH II,2007,7130000
Fiat,SIENA,1.8 HLX HIGH TECH L/08,2010,8450000
Fiat,SIENA,1.8 HLX HIGH TECH L/08,2009,8200000
Fiat,SIENA,1.8 HLX HIGH TECH L/08,2008,8000000
Fiat,STILO,1.8 8V ACTIVE,2008,6900000
Fiat,STILO,1.8 8V ACTIVE,2007,6750000
Fiat,STILO,1.8 8V ACTIVE L/09,2011,8000000
Fiat,STILO,1.8 8V ACTIVE L/09,2010,7700000
Fiat,STILO,1.8 8V ACTIVE L/09,2009,7400000
Fiat,STILO,1.8 8V ACTIVE L/09,2008,7200000
Fiat,STILO,1.8 8V CONNECT,2008,7300000
Fiat,STILO,1.8 8V CONNECT,2007,7100000
Fiat,STILO,1.8 8V CONNECT II,2008,7350000
Fiat,STILO,1.8 8V CONNECT II,2007,7150000
Fiat,STILO,1.8 8V CONNECT TC,2008,7400000
Fiat,STILO,1.8 8V CONNECT TC,2007,7200000
Fiat,STILO,1.8 8V EMOTION,2008,7000000
Fiat,STILO,1.8 8V EMOTION,2007,6850000
Fiat,STILO,1.8 8V EMOTION L/09,2011,8100000
Fiat,STILO,1.8 8V EMOTION L/09,2010,7800000
Fiat,STILO,1.8 8V EMOTION L/09,2009,7500000
Fiat,STILO,1.8 8V EMOTION L/09,2008,7300000
Fiat,STILO,1.8 8V EMOTION ABS,2008,7100000
Fiat,STILO,1.8 8V EMOTION ABS,2007,6950000
Fiat,STILO,1.8 8V EXECUTIVE L/09,2011,8300000
Fiat,STILO,1.8 8V EXECUTIVE L/09,2010,8000000
Fiat,STILO,1.8 8V EXECUTIVE L/09,2009,7700000
Fiat,STILO,1.8 8V EXECUTIVE L/09,2008,7500000
Fiat,STILO,1.8 16V CONFORT,2007,7600000
Fiat,STILO,1.8 16V PACK ABARTH,2007,7900000
Fiat,STILO,1.9 JTD CONFORT,2007,7650000
Fiat,STRADA,1.0 T 200 RANCH CVT,2025,30300000
Fiat,STRADA,1.0 T 200 RANCH CVT,2024,28800000
Fiat,STRADA,1.0 T 200 ULTRA CVT,2026,49140000
Fiat,STRADA,1.0 T 200 ULTRA CVT,2025,30500000
Fiat,STRADA,1.0 T 200 ULTRA CVT,2024,29000000
Fiat,STRADA,1.3 FIRE FLY FREEDOM CD,2026,41220000
Fiat,STRADA,1.3 FIRE FLY FREEDOM CD,2025,26300000
Fiat,STRADA,1.3 FIRE FLY FREEDOM CD,2024,24800000
Fiat,STRADA,1.3 FIRE FLY FREEDOM CS,2026,35570000
Fiat,STRADA,1.3 FIRE FLY FREEDOM CS,2025,23800000
Fiat,STRADA,1.3 FIRE FLY VOLCANO CD,2024,26800000
Fiat,STRADA,1.3 FIRE FLY VOLCANO CD,2023,25300000
Fiat,STRADA,1.3 FIRE FLY VOLCANO CD,2022,23800000
Fiat,STRADA,1.3 FIRE FLY VOLCANO CD,2021,22300000
Fiat,STRADA,1.3 FIRE FLY VOLCANO CD,2020,21100000
Fiat,STRADA,1.3 FIRE FLY VOLCANO CD CVT,2026,45320000
Fiat,STRADA,1.3 FIRE FLY VOLCANO CD CVT,2025,28800000
Fiat,STRADA,1.3 FIRE FLY VOLCANO CD CVT,2024,27300000
Fiat,STRADA,1.3 FIRE FLY VOLCANO CD CVT,2023,25800000
Fiat,STRADA,1.3 FIRE RANCH CVT CD,2024,27800000
Fiat,STRADA,1.3 FIRE RANCH CVT CD,2023,26300000
Fiat,STRADA,1.3 FIRE RANCH CVT CD,2022,24800000
Fiat,STRADA,1.3 TREKKING JTD,2014,10700000
Fiat,STRADA,1.3 TREKKING JTD,2012,9700000
Fiat,STRADA,1.3 TREKKING JTD,2011,9200000
Fiat,STRADA,1.3 TREKKING JTD,2010,8800000
Fiat,STRADA,1.3 TREKKING JTD AA,2013,10220000
Fiat,STRADA,1.3 TREKKING JTD AA,2012,9720000
Fiat,STRADA,1.3 TREKKING JTD AA,2011,9220000
Fiat,STRADA,1.3 TREKKING JTD AA,2010,8820000
Fiat,STRADA,1.3 TREKKING JTD C/E,2013,10300000
Fiat,STRADA,1.3 TREKKING JTD C/E,2012,9800000
Fiat,STRADA,1.3 TREKKING JTD C/E,2011,9300000
Fiat,STRADA,1.3 TREKKING JTD C/E,2010,8900000
Fiat,STRADA,1.3 TREKKING JTD C/E SEGUR.,2012,9850000
Fiat,STRADA,1.3 TREKKING JTD C/E SEGUR.,2011,9350000
Fiat,STRADA,1.3 TREKKING JTD DC,2018,14550000
Fiat,STRADA,1.3 TREKKING JTD DC,2017,13850000
Fiat,STRADA,1.3 TREKKING JTD DC,2016,13150000
Fiat,STRADA,1.3 TREKKING JTD DC,2015,12550000
Fiat,STRADA,1.3 TREKKING JTD DC,2014,11950000
Fiat,STRADA,1.4 TREKKING,2014,10700000
Fiat,STRADA,1.4 TREKKING,2013,10200000
Fiat,STRADA,1.4 TREKKING,2012,9700000
Fiat,STRADA,1.4 TREKKING,2011,9200000
Fiat,STRADA,1.4 TREKKING,2010,8800000
Fiat,STRADA,1.4 TREKKING,2009,8400000
Fiat,STRADA,1.4 TREKKING PACK SEGURIDAD,2014,10800000
Fiat,STRADA,1.4 TREKKING PACK SEGURIDAD,2013,10300000
Fiat,STRADA,1.4 TREKKING PACK SEGURIDAD,2012,9800000
Fiat,STRADA,1.4 TREKKING PACK SEGURIDAD,2011,9300000
Fiat,STRADA,1.4 TREKKING PACK SEGURIDAD,2010,8900000
Fiat,STRADA,1.4 TREKKING PACK SEGURIDAD,2009,8500000
Fiat,STRADA,1.4 WORKING,2012,9750000
Fiat,STRADA,1.4 WORKING,2011,9250000
Fiat,STRADA,1.4 WORKING,2010,8850000
Fiat,STRADA,1.4 WORKING,2009,8450000
Fiat,STRADA,1.4 WORKING AA,2014,10800000
Fiat,STRADA,1.4 WORKING AA,2013,10300000
Fiat,STRADA,1.4 WORKING AA,2012,9800000
Fiat,STRADA,1.4 WORKING AA,2011,9300000
Fiat,STRADA,1.4 WORKING AA,2010,8900000
Fiat,STRADA,1.4 WORKING AA,2009,8500000
Fiat,STRADA,1.4 WORKING AA DC,2014,11100000
Fiat,STRADA,1.4 WORKING AA DC,2013,10600000
Fiat,STRADA,1.4 WORKING AA DC,2012,10100000
Fiat,STRADA,1.4 WORKING L/14,2020,15600000
Fiat,STRADA,1.4 WORKING L/14,2019,14800000
Fiat,STRADA,1.4 WORKING L/14,2018,14000000
Fiat,STRADA,1.4 WORKING L/14,2017,13300000
Fiat,STRADA,1.4 WORKING L/14,2016,12600000
Fiat,STRADA,1.4 WORKING L/14,2015,12000000
Fiat,STRADA,1.4 WORKING L/14,2014,11400000
Fiat,STRADA,1.4 WORKING L/14 DC,2020,16100000
Fiat,STRADA,1.4 WORKING L/14 DC,2019,15300000
Fiat,STRADA,1.4 WORKING L/14 DC,2018,14500000
Fiat,STRADA,1.4 WORKING L/14 DC,2017,13800000
Fiat,STRADA,1.4 WORKING L/14 DC,2016,13100000
Fiat,STRADA,1.4 WORKING L/14 DC,2015,12500000
Fiat,STRADA,1.4 WORKING L/14 DC,2014,11900000
Fiat,STRADA,1.4 FIRE ENDURANCE CPLUS,2024,21700000
Fiat,STRADA,1.4 FIRE ENDURANCE CPLUS,2023,20500000
Fiat,STRADA,1.4 FIRE ENDURANCE CPLUS,2022,19500000
Fiat,STRADA,1.4 FIRE ENDURANCE CPLUS,2021,18500000
Fiat,STRADA,1.4 FIRE ENDURANCE CPLUS,2020,17500000
Fiat,STRADA,1.4 FIRE ENDURANCE CD,2024,23200000
Fiat,STRADA,1.4 FIRE ENDURANCE CD,2023,22000000
Fiat,STRADA,1.4 FIRE ENDURANCE CD,2022,20800000
Fiat,STRADA,1.4 FIRE ENDURANCE CD,2021,19800000
Fiat,STRADA,1.4 FIRE ENDURANCE CD,2020,18800000
Fiat,STRADA,1.4 FIRE FREEDOM CD,2024,23700000
Fiat,STRADA,1.4 FIRE FREEDOM CD,2023,22500000
Fiat,STRADA,1.4 FIRE FREEDOM CD,2022,21300000
Fiat,STRADA,1.4 FIRE FREEDOM CD,2021,20300000
Fiat,STRADA,1.4 FIRE FREEDOM CD,2020,19300000
Fiat,STRADA,1.4 FIRE FREEDOM CD TECH,2024,24700000
Fiat,STRADA,1.4 FIRE FREEDOM CD TECH,2023,23500000
Fiat,STRADA,1.6 TREKKING,2011,9250000
Fiat,STRADA,1.7 TD EX,2009,8270000
Fiat,STRADA,1.7 TD EX,2008,7970000
Fiat,STRADA,1.7 TD EX,2007,7670000
Fiat,STRADA,1.7 TD EX AA,2009,8290000
Fiat,STRADA,1.7 TD EX AA,2008,7990000
Fiat,STRADA,1.7 TD EX AA,2007,7690000
Fiat,STRADA,1.7 TD EX FULL,2009,8370000
Fiat,STRADA,1.7 TD EX FULL,2008,8070000
Fiat,STRADA,1.7 TD EX FULL,2007,7770000
Fiat,STRADA,1.7 TD LX CAB.EXT.,2007,7720000
Fiat,STRADA,1.7 TD LX CAB.EXT. AA,2007,7740000
Fiat,STRADA,1.7 TD LX CAB.EXT. FULL,2007,7820000
Fiat,STRADA,1.8,2009,8250000
Fiat,STRADA,1.8,2008,7950000
Fiat,STRADA,1.8,2007,7650000
Fiat,STRADA,1.8 AA,2008,7970000
Fiat,STRADA,1.8 AA,2007,7670000
Fiat,STRADA,1.8 FULL,2009,8350000
Fiat,STRADA,1.8 FULL,2008,8050000
Fiat,STRADA,1.8 FULL,2007,7750000
Fiat,STRADA,ADVENTURE 1.6 DC,2014,12100000
Fiat,STRADA,ADVENTURE 1.6 DC,2013,11600000
Fiat,STRADA,ADVENTURE 1.6 DC,2012,11100000
Fiat,STRADA,ADVENTURE 1.6 DC,2011,10700000
Fiat,STRADA,ADVENTURE 1.6 DC,2010,10300000
Fiat,STRADA,ADVENTURE 1.6 DC L/14,2020,18100000
Fiat,STRADA,ADVENTURE 1.6 DC L/14,2019,17100000
Fiat,STRADA,ADVENTURE 1.6 DC L/14,2018,16100000
Fiat,STRADA,ADVENTURE 1.6 DC L/14,2017,15100000
Fiat,STRADA,ADVENTURE 1.6 DC L/14,2016,14400000
Fiat,STRADA,ADVENTURE 1.6 DC L/14,2015,13700000
Fiat,STRADA,ADVENTURE 1.6 DC L/14,2014,13100000
Fiat,STRADA,ADVENTURE 1.6 DC L/14 LOCKE,2016,14500000
Fiat,STRADA,ADVENTURE 1.6 DC L/14 LOCKE,2015,13800000
Fiat,STRADA,ADVENTURE 1.6 DC L/14 LOCKE,2014,13200000
Fiat,STRADA,ADVENTURE 1.6 DC L/14 XTRE,2020,18600000
Fiat,STRADA,ADVENTURE 1.6 DC L/14 XTRE,2019,17600000
Fiat,STRADA,ADVENTURE 1.6 DC L/14 XTRE,2016,14700000
Fiat,STRADA,ADVENTURE 1.6 DC L/14 XTRE,2015,14000000
Fiat,STRADA,ADVENTURE 1.6 DC L/14 XTRE,2014,13400000
Fiat,STRADA,ADVENTURE 1.6 DC LOCKER,2014,12200000
Fiat,STRADA,ADVENTURE 1.6 DC LOCKER,2013,11700000
Fiat,STRADA,ADVENTURE 1.6 DC LOCKER,2012,11200000
Fiat,STRADA,ADVENTURE 1.6 DC LOCKER,2011,10800000
Fiat,STRADA,ADVENTURE 1.6 DC LOCKER,2010,10400000
Fiat,STRADA,ADVENTURE 1.6 DC LOCKER SEG,2014,12300000
Fiat,STRADA,ADVENTURE 1.6 DC LOCKER SEG,2013,11800000
Fiat,STRADA,ADVENTURE 1.6 DC LOCKER SEG,2012,11300000
Fiat,STRADA,ADVENTURE 1.6 DC LOCKER SEG,2011,10900000
Fiat,STRADA,ADVENTURE 1.6 DC SEGURIDAD,2014,12200000
Fiat,STRADA,ADVENTURE 1.6 DC SEGURIDAD,2013,11700000
Fiat,STRADA,ADVENTURE 1.6 DC SEGURIDAD,2012,11200000
Fiat,STRADA,ADVENTURE 1.6 DC SEGURIDAD,2011,10800000
Fiat,STRADA,ADVENTURE 1.6 DC SEGURIDAD,2010,10400000
Fiat,STRADA,ADVENTURE 1.6 EXT,2014,12000000
Fiat,STRADA,ADVENTURE 1.6 EXT,2013,11500000
Fiat,STRADA,ADVENTURE 1.6 EXT,2012,11000000
Fiat,STRADA,ADVENTURE 1.6 EXT,2011,10600000
Fiat,STRADA,ADVENTURE 1.6 EXT,2010,10200000
Fiat,STRADA,ADVENTURE 1.6 EXT L/14,2016,14200000
Fiat,STRADA,ADVENTURE 1.6 EXT L/14,2015,13500000
Fiat,STRADA,ADVENTURE 1.6 EXT L/14,2014,12900000
Fiat,STRADA,ADVENTURE 1.6 EXT LOCKER,2014,12100000
Fiat,STRADA,ADVENTURE 1.6 EXT LOCKER,2013,11600000
Fiat,STRADA,ADVENTURE 1.6 EXT LOCKER,2012,11100000
Fiat,STRADA,ADVENTURE 1.6 EXT LOCKER,2011,10700000
Fiat,STRADA,ADVENTURE 1.6 EXT LOCKER,2010,10300000
Fiat,STRADA,ADVENTURE 1.6 EXT SEGURIDAD,2014,12100000
Fiat,STRADA,ADVENTURE 1.6 EXT SEGURIDAD,2013,11600000
Fiat,STRADA,ADVENTURE 1.6 EXT SEGURIDAD,2012,11100000
Fiat,STRADA,ADVENTURE 1.6 EXT SEGURIDAD,2011,10700000
Fiat,STRADA,ADVENTURE 1.6 EXT SEGURIDAD,2010,10300000
Fiat,STRADA,ADVENTURE 1.7 TD,2009,8820000
Fiat,STRADA,ADVENTURE 1.7 TD,2008,8620000
Fiat,STRADA,ADVENTURE 1.7 TD,2007,8420000
Fiat,STRADA,ADVENTURE 1.7 TD AB,2009,8870000
Fiat,STRADA,ADVENTURE 1.7 TD AB,2008,8670000
Fiat,STRADA,ADVENTURE 1.7 TD AB,2007,8470000
Fiat,STRADA,ADVENTURE 1.7 TD X-TREME,2009,8970000
Fiat,STRADA,ADVENTURE 1.7 TD X-TREME,2008,8770000
Fiat,STRADA,ADVENTURE 1.7 TD X-TREME,2007,8570000
Fiat,STRADA,ADVENTURE 1.8,2009,8800000
Fiat,STRADA,ADVENTURE 1.8,2008,8600000
Fiat,STRADA,ADVENTURE 1.8,2007,8400000
Fiat,STRADA,ADVENTURE 1.8 AB,2009,8850000
Fiat,STRADA,ADVENTURE 1.8 AB,2008,8650000
Fiat,STRADA,ADVENTURE 1.8 AB,2007,8450000
Fiat,STRADA,ADVENTURE 1.8 X-TREME,2009,8950000
Fiat,STRADA,ADVENTURE 1.8 X-TREME,2008,8750000
Fiat,STRADA,ADVENTURE 1.8 X-TREME,2007,8550000
Fiat,STRADA,ADVENTURE 1.8 L/09,2010,9400000
Fiat,STRADA,ADVENTURE 1.8 L/09,2009,9100000
Fiat,STRADA,ADVENTURE 1.8 L/09 LOCKER,2010,9500000
Fiat,STRADA,ADVENTURE 1.8 L/09 LOCKER,2009,9200000
Fiat,STRADA,ADVENTURE 1.8 L/09 SEGUR.,2010,9500000
Fiat,STRADA,ADVENTURE 1.8 L/09 SEGUR.,2009,9200000
Fiat,TIPO,1.6 4 PTAS EASY AUT,2020,17800000
Fiat,TIPO,1.6 4 PTAS EASY AUT,2019,17100000
Fiat,TIPO,1.6 4 PTAS EASY AUT,2018,16500000
Fiat,TIPO,1.6 4 PTAS POP AUT,2020,17300000
Fiat,TIPO,1.6 4 PTAS POP AUT,2019,16600000
Fiat,TIPO,1.6 4 PTAS POP AUT,2018,16000000
Fiat,TITANO,2.2 TD 4X2 ENDURANCE,2026,52270000
Fiat,TITANO,2.2 TD 4X2 ENDURANCE,2025,33000000
Fiat,TITANO,2.2 TD 4X4 ENDURANCE,2026,55320000
Fiat,TITANO,2.2 TD 4X4 ENDURANCE,2025,35500000
Fiat,TITANO,2.2 TD 4X4 FREEDOM,2026,60920000
Fiat,TITANO,2.2 TD 4X4 FREEDOM,2025,39000000
Fiat,TITANO,2.2 TD 4X4 FREEDOM PLUS AT8,2026,66890000
Fiat,TITANO,2.2 TD 4X4 FREEDOM PLUS AT8,2025,43000000
Fiat,TITANO,2.2 TD 4X4 RANCH AT8,2026,72220000
Fiat,TITANO,2.2 TD 4X4 RANCH AT8,2025,46000000
Fiat,TORO,1.3T FREEDOM 4X2 AT L/24,2025,31000000
Fiat,TORO,1.3T FREEDOM 4X2 AT L/24,2024,29500000
Fiat,TORO,1.3T FREEDOM 4X2 AT L/26,2026,51910000
Fiat,TORO,1.3T VOLCANO 4X2 AT L/21,2023,30500000
Fiat,TORO,1.3T VOLCANO 4X2 AT L/21,2022,29000000
Fiat,TORO,1.3T VOLCANO 4X2 AT L/21,2021,27500000
Fiat,TORO,1.3T VOLCANO 4X2 AT L/24,2025,35000000
Fiat,TORO,1.3T VOLCANO 4X2 AT L/24,2024,33500000
Fiat,TORO,1.3T VOLCANO 4X2 AT L/24,2023,32000000
Fiat,TORO,1.3T VOLCANO 4X2 AT L/26,2026,57110000
Fiat,TORO,1.8MPI FREEDOM 4X2 AT,2019,18700000
Fiat,TORO,1.8MPI FREEDOM 4X2 AT,2018,17700000
Fiat,TORO,1.8MPI FREEDOM 4X2 AT L/19,2021,21700000
Fiat,TORO,1.8MPI FREEDOM 4X2 AT L/19,2020,20700000
Fiat,TORO,1.8MPI FREEDOM 4X2 AT L/19,2019,19700000
Fiat,TORO,1.8MPI FREEDOM 4X2 AT L/21,2023,26000000
Fiat,TORO,1.8MPI FREEDOM 4X2 AT L/21,2022,24700000
Fiat,TORO,1.8MPI FREEDOM 4X2 AT L/21,2021,23500000
Fiat,TORO,1.8MPI FREEDOM 4X2 AT L/21 S-DESIGN,2023,26500000
Fiat,TORO,1.8MPI FREEDOM 4X2 AT L/24,2025,30500000
Fiat,TORO,1.8MPI FREEDOM 4X2 AT L/24,2024,29000000
Fiat,TORO,1.8MPI FREEDOM 4X2 AT L/24,2023,27500000
Fiat,TORO,1.8MPI FREEDOM 4X2 AT L/24S-DESIGN,2024,29500000
Fiat,TORO,1.8MPI FREEDOM 4X2 AT L/24S-DESIGN,2023,28000000
Fiat,TORO,2.0TDI BLACK JACK 4X4 AT,2019,23500000
Fiat,TORO,2.0TDI BLACK JACK 4X4 AT,2018,22500000
Fiat,TORO,2.0TDI FREEDOM 4X2,2019,19500000
Fiat,TORO,2.0TDI FREEDOM 4X2,2018,18500000
Fiat,TORO,2.0TDI FREEDOM 4X2,2017,17500000
Fiat,TORO,2.0TDI FREEDOM 4X2,2016,16500000
Fiat,TORO,2.0TDI FREEDOM 4X2 PK XTR,2017,18000000
Fiat,TORO,2.0TDI FREEDOM 4X2 PK XTR,2016,17000000
Fiat,TORO,2.0TDI FREEDOM 4X4,2019,21500000
Fiat,TORO,2.0TDI FREEDOM 4X4,2018,20500000
Fiat,TORO,2.0TDI FREEDOM 4X4,2017,19500000
Fiat,TORO,2.0TDI FREEDOM 4X4,2016,18500000
Fiat,TORO,2.0TDI FREEDOM 4X4 PK XTR,2019,22000000
Fiat,TORO,2.0TDI FREEDOM 4X4 PK XTR,2018,21000000
Fiat,TORO,2.0TDI FREEDOM 4X4 PK XTR,2017,20000000
Fiat,TORO,2.0TDI FREEDOM 4X4 PK XTR,2016,19000000
Fiat,TORO,2.0TDI FREEDOM 4X4 AT,2021,25000000
Fiat,TORO,2.0TDI FREEDOM 4X4 AT,2020,24000000
Fiat,TORO,2.0TDI FREEDOM 4X4 AT,2019,23000000
Fiat,TORO,2.0TDI FREEDOM 4X4 AT,2018,22000000
Fiat,TORO,2.0TDI FREEDOM 4X4 AT L/21,2024,31500000
Fiat,TORO,2.0TDI FREEDOM 4X4 AT L/21,2023,29500000
Fiat,TORO,2.0TDI FREEDOM 4X4 AT L/21,2022,28000000
Fiat,TORO,2.0TDI FREEDOM 4X4 AT L/21,2021,26500000
Fiat,TORO,2.0TDI N.HOLAND 4X4 AT,2019,23000000
Fiat,TORO,2.0TDI RANCH 4X4 AT,2021,27000000
Fiat,TORO,2.0TDI RANCH 4X4 AT,2020,26000000
Fiat,TORO,2.0TDI RANCH 4X4 AT L/22,2024,38000000
Fiat,TORO,2.0TDI RANCH 4X4 AT L/22,2023,33000000
Fiat,TORO,2.0TDI RANCH 4X4 AT L/22,2022,31000000
Fiat,TORO,2.0TDI VOLCANO 4X4 AT,2019,22500000
Fiat,TORO,2.0TDI VOLCANO 4X4 AT,2018,21500000
Fiat,TORO,2.0TDI VOLCANO 4X4 AT,2017,20500000
Fiat,TORO,2.0TDI VOLCANO 4X4 AT,2016,19500000
Fiat,TORO,2.0TDI VOLCANO 4X4 AT PRE,2019,23000000
Fiat,TORO,2.0TDI VOLCANO 4X4 AT PRE,2018,22000000
Fiat,TORO,2.0TDI VOLCANO 4X4 AT PRE,2017,21000000
Fiat,TORO,2.0TDI VOLCANO 4X4 AT PRE,2016,20000000
Fiat,TORO,2.0TDI VOLCANO 4X4 AT L/19,2021,26000000
Fiat,TORO,2.0TDI VOLCANO 4X4 AT L/19,2020,25000000
Fiat,TORO,2.0TDI VOLCANO 4X4 AT L/19,2019,24000000
Fiat,TORO,2.0TDI VOLCANO 4X4 AT L/19,2018,23000000
Fiat,TORO,2.0TDI VOLCANO 4X4 AT L/21,2023,30500000
Fiat,TORO,2.0TDI VOLCANO 4X4 AT L/21,2022,29000000
Fiat,TORO,2.0TDI VOLCANO 4X4 AT L/21,2021,27500000
Fiat,TORO,2.0TDI VOLCANO 4X4 AT L/24,2025,35500000
Fiat,TORO,2.0TDI VOLCANO 4X4 AT L/24,2024,33500000
Fiat,TORO,2.0TDI VOLCANO 4X4 AT L/24,2023,32000000
Fiat,TORO,2.0TDI ULTRA 4X4 AT L/21,2023,32500000
Fiat,TORO,2.0TDI ULTRA 4X4 AT L/21,2022,30500000
Fiat,TORO,2.0TDI ULTRA 4X4 AT L/21,2021,29000000
Fiat,TORO,2.0TDI ULTRA 4X4 AT L/24,2025,38500000
Fiat,TORO,2.0TDI ULTRA 4X4 AT L/24,2024,36500000
Fiat,TORO,2.0TDI ULTRA 4X4 AT L/24,2023,34500000
Fiat,TORO,2.2TDI VOLCANO 4X4 AT L/26,2026,61550000
Fiat,UNO,1.3 5 PTAS WAY,2022,15500000
Fiat,UNO,1.3 5 PTAS WAY,2021,14900000
Fiat,UNO,1.3 5 PTAS WAY,2020,14300000
Fiat,UNO,1.3 5 PTAS WAY,2019,13800000
Fiat,UNO,1.3 5 PTAS WAY,2018,13300000
Fiat,UNO,1.4 3 PTAS ATTRACTIVE,2014,10100000
Fiat,UNO,1.4 3 PTAS ATTRACTIVE,2013,9750000
Fiat,UNO,1.4 3 PTAS ATTRACTIVE,2012,9450000
Fiat,UNO,1.4 3 PTAS ATTRACTIVE,2011,9150000
Fiat,UNO,1.4 3 PTAS ATTRACTIVE CASUAL,2013,9800000
Fiat,UNO,1.4 3 PTAS ATTRACTIVE CASUAL,2012,9500000
Fiat,UNO,1.4 3 PTAS ATTRACTIVE CASUAL,2011,9200000
Fiat,UNO,1.4 3 PTAS ATTRACTIVE PACK ELE,2013,9870000
Fiat,UNO,1.4 3 PTAS ATTRACTIVE PACK ELE,2012,9570000
Fiat,UNO,1.4 3 PTAS ATTRACTIVE PACK ELE,2011,9270000
Fiat,UNO,1.4 3 PTAS ATTRACTIVE PACK SEG,2015,10680000
Fiat,UNO,1.4 3 PTAS ATTRACTIVE PACK SEG,2014,10280000
Fiat,UNO,1.4 3 PTAS ATTRACTIVE PACK SEG,2013,9930000
Fiat,UNO,1.4 3 PTAS ATTRACTIVE PACK SEG,2012,9630000
Fiat,UNO,1.4 3 PTAS ATTRACTIVE PACK SEG,2011,9330000
Fiat,UNO,1.4 5 PTAS ATTRACTIVE,2014,10150000
Fiat,UNO,1.4 5 PTAS ATTRACTIVE,2013,9800000
Fiat,UNO,1.4 5 PTAS ATTRACTIVE,2012,9500000
Fiat,UNO,1.4 5 PTAS ATTRACTIVE,2011,9200000
Fiat,UNO,1.4 5 PTAS ATTRACTIVE,2010,9000000
Fiat,UNO,1.4 5 PTAS ATTRACTIVE CASUAL,2013,9850000
Fiat,UNO,1.4 5 PTAS ATTRACTIVE CASUAL,2012,9550000
Fiat,UNO,1.4 5 PTAS ATTRACTIVE CASUAL,2011,9250000
Fiat,UNO,1.4 5 PTAS ATTRACTIVE CASUAL,2010,9050000
Fiat,UNO,1.4 5 PTAS ATTRACTIVE PACK ELE,2013,9920000
Fiat,UNO,1.4 5 PTAS ATTRACTIVE PACK ELE,2012,9620000
Fiat,UNO,1.4 5 PTAS ATTRACTIVE PACK ELE,2011,9320000
Fiat,UNO,1.4 5 PTAS ATTRACTIVE PACK ELE,2010,9120000
Fiat,UNO,1.4 5 PTAS ATTRACTIVE PACK SEG,2016,11130000
Fiat,UNO,1.4 5 PTAS ATTRACTIVE PACK SEG,2015,10730000
Fiat,UNO,1.4 5 PTAS ATTRACTIVE PACK SEG,2014,10330000
Fiat,UNO,1.4 5 PTAS ATTRACTIVE PACK SEG,2013,9980000
Fiat,UNO,1.4 5 PTAS ATTRACTIVE PACK SEG,2012,9680000
Fiat,UNO,1.4 5 PTAS ATTRACTIVE PACK SEG,2011,9380000
Fiat,UNO,1.4 5 PTAS ATTRACTIVE PACK SEG,2010,9180000
Fiat,UNO,1.4 5 PTAS ATTRACTIVE TOP,2016,11330000
Fiat,UNO,1.4 5 PTAS ATTRACTIVE TOP,2015,10930000
Fiat,UNO,1.4 5 PTAS ATTRACTIVE TOP,2014,10530000
Fiat,UNO,1.4 5 PTAS ATTRACTIVE TOP,2013,10180000
Fiat,UNO,1.4 5 PTAS SPORTING,2013,10130000
Fiat,UNO,1.4 5 PTAS SPORTING,2012,9830000
Fiat,UNO,1.4 5 PTAS SPORTING,2011,9530000
Fiat,UNO,1.4 5 PTAS SPORTING II,2016,11530000
Fiat,UNO,1.4 5 PTAS SPORTING II,2015,11130000
Fiat,UNO,1.4 5 PTAS SPORTING II,2014,10730000
Fiat,UNO,1.4 5 PTAS SPORTING II,2013,10380000
Fiat,UNO,1.4 5 PTAS SPORTING PACK SEG.,2013,10310000
Fiat,UNO,1.4 5 PTAS SPORTING PACK SEG.,2012,10010000
Fiat,UNO,1.4 5 PTAS SPORTING PACK SEG.,2011,9710000
Fiat,UNO,1.4 5 PTAS WAY,2014,10200000
Fiat,UNO,1.4 5 PTAS WAY,2013,9850000
Fiat,UNO,1.4 5 PTAS WAY,2012,9550000
Fiat,UNO,1.4 5 PTAS WAY,2011,9250000
Fiat,UNO,1.4 5 PTAS WAY,2010,9050000
Fiat,UNO,1.4 5 PTAS WAY CASUAL,2013,9900000
Fiat,UNO,1.4 5 PTAS WAY CASUAL,2012,9600000
Fiat,UNO,1.4 5 PTAS WAY CASUAL,2011,9300000
Fiat,UNO,1.4 5 PTAS WAY CASUAL,2010,9100000
Fiat,UNO,1.4 5 PTAS WAY ELECT.,2013,9970000
Fiat,UNO,1.4 5 PTAS WAY ELECT.,2012,9670000
Fiat,UNO,1.4 5 PTAS WAY ELECT.,2011,9370000
Fiat,UNO,1.4 5 PTAS WAY ELECT.,2010,9170000
Fiat,UNO,1.4 5 PTAS WAY SEGUR.,2016,11180000
Fiat,UNO,1.4 5 PTAS WAY SEGUR.,2015,10780000
Fiat,UNO,1.4 5 PTAS WAY SEGUR.,2014,10380000
Fiat,UNO,1.4 5 PTAS WAY SEGUR.,2013,10030000
Fiat,UNO,1.4 5 PTAS WAY SEGUR.,2012,9730000
Fiat,UNO,1.4 5 PTAS WAY SEGUR.,2011,9430000
Fiat,UNO,1.4 5 PTAS WAY SEGUR.,2010,9230000
Fiat,UNO,1.4 5 PTAS WAY TOP,2016,11380000
Fiat,UNO,1.4 5 PTAS WAY TOP,2015,10980000
Fiat,UNO,1.4 5 PTAS WAY TOP,2014,10580000
Fiat,UNO,1.4 5 PTAS WAY TOP,2013,10230000
Fiat,UNO,CARGO 1.3 FIRE,2015,7850000
Fiat,UNO,CARGO 1.3 FIRE,2014,7550000
Fiat,UNO,CARGO 1.3 FIRE,2013,7250000
Fiat,UNO,CARGO 1.3 FIRE,2012,7050000
Fiat,UNO,CARGO 1.3 FIRE,2011,6850000
Fiat,UNO,CARGO 1.3 FIRE,2010,6650000
Fiat,UNO,CARGO 1.3 FIRE,2009,6500000
Fiat,UNO,CARGO 1.3 FIRE,2008,6400000
Fiat,UNO,CARGO 1.3 FIRE,2007,6300000
Fiat,UNO,CARGO 1.3 FIRE AA,2015,7900000
Fiat,UNO,CARGO 1.3 FIRE AA,2014,7600000
Fiat,UNO,CARGO 1.3 FIRE AA,2013,7300000
Fiat,UNO,CARGO 1.3 FIRE AA,2012,7100000
Fiat,UNO,CARGO 1.3 FIRE AA,2011,6900000
Fiat,UNO,CARGO 1.3 FIRE AA,2010,6700000
Fiat,UNO,CARGO 1.4 EVO,2017,10300000
Fiat,UNO,CARGO 1.4 EVO,2016,10100000
Fiat,UNO,CARGO 1.4 EVO,2015,9800000
Fiat,UNO,FIRE 1.3 3 PTAS L/06,2009,6470000
Fiat,UNO,FIRE 1.3 3 PTAS L/06,2008,6350000
Fiat,UNO,FIRE 1.3 3 PTAS L/06,2007,6230000
Fiat,UNO,FIRE 1.3 3 PTAS L/06 PACK B II,2009,6550000
Fiat,UNO,FIRE 1.3 3 PTAS L/06 PACK B II,2008,6430000
Fiat,UNO,FIRE 1.3 3 PTAS L/06 PACK B II,2007,6310000
Fiat,UNO,FIRE 1.3 3 PTAS L/06 PACK C II,2009,6590000
Fiat,UNO,FIRE 1.3 3 PTAS L/06 PACK C II,2008,6470000
Fiat,UNO,FIRE 1.3 3 PTAS L/06 PACK C II,2007,6350000
Fiat,UNO,FIRE 1.3 3 PTAS L/09,2010,7250000
Fiat,UNO,FIRE 1.3 3 PTAS L/09,2009,6950000
Fiat,UNO,FIRE 1.3 3 PTAS L/09 CONFORT,2010,7300000
Fiat,UNO,FIRE 1.3 3 PTAS L/09 CONFORT,2009,7000000
Fiat,UNO,FIRE 1.3 3 PTAS L/09 CONFORT,2008,6700000
Fiat,UNO,FIRE 1.3 3 PTAS L/11,2014,8350000
Fiat,UNO,FIRE 1.3 3 PTAS L/11,2013,8150000
Fiat,UNO,FIRE 1.3 3 PTAS L/11,2012,7950000
Fiat,UNO,FIRE 1.3 3 PTAS L/11,2011,7750000
Fiat,UNO,FIRE 1.3 3 PTAS L/11,2010,7550000
Fiat,UNO,FIRE 1.3 3 PTAS L/11 CONFORT,2014,8400000
Fiat,UNO,FIRE 1.3 3 PTAS L/11 CONFORT,2013,8200000
Fiat,UNO,FIRE 1.3 3 PTAS L/11 CONFORT,2012,8000000
Fiat,UNO,FIRE 1.3 3 PTAS L/11 CONFORT,2011,7800000
Fiat,UNO,FIRE 1.3 3 PTAS L/11 CONFORT,2010,7600000
Fiat,UNO,FIRE 1.3 5 PTAS L/06,2009,6490000
Fiat,UNO,FIRE 1.3 5 PTAS L/06,2008,6370000
Fiat,UNO,FIRE 1.3 5 PTAS L/06,2007,6250000
Fiat,UNO,FIRE 1.3 5 PTAS L/06 PACK B II,2009,6570000
Fiat,UNO,FIRE 1.3 5 PTAS L/06 PACK B II,2008,6450000
Fiat,UNO,FIRE 1.3 5 PTAS L/06 PACK B II,2007,6330000
Fiat,UNO,FIRE 1.3 5 PTAS L/06 PACK C II,2009,6610000
Fiat,UNO,FIRE 1.3 5 PTAS L/06 PACK C II,2008,6490000
Fiat,UNO,FIRE 1.3 5 PTAS L/06 PACK C II,2007,6370000
Fiat,UNO,FIRE 1.3 5 PTAS L/06 WAY,2009,6640000
Fiat,UNO,FIRE 1.3 5 PTAS L/06 WAY,2008,6520000
Fiat,UNO,FIRE 1.3 5 PTAS L/06 WAY,2007,6400000
Fiat,UNO,FIRE 1.3 5 PTAS L/09,2010,7300000
Fiat,UNO,FIRE 1.3 5 PTAS L/09,2009,7000000
Fiat,UNO,FIRE 1.3 5 PTAS L/09 CONFORT,2010,7350000
Fiat,UNO,FIRE 1.3 5 PTAS L/09 CONFORT,2009,7050000
Fiat,UNO,FIRE 1.3 5 PTAS L/09 WAY,2010,7400000
Fiat,UNO,FIRE 1.3 5 PTAS L/09 WAY,2009,7100000
Fiat,UNO,FIRE 1.3 5 PTAS L/11,2014,8400000
Fiat,UNO,FIRE 1.3 5 PTAS L/11,2013,8200000
Fiat,UNO,FIRE 1.3 5 PTAS L/11,2012,8000000
Fiat,UNO,FIRE 1.3 5 PTAS L/11,2011,7800000
Fiat,UNO,FIRE 1.3 5 PTAS L/11,2010,7600000
Fiat,UNO,FIRE 1.3 5 PTAS L/11 CONFORT,2015,8650000
Fiat,UNO,FIRE 1.3 5 PTAS L/11 CONFORT,2014,8450000
Fiat,UNO,FIRE 1.3 5 PTAS L/11 CONFORT,2013,8250000
Fiat,UNO,FIRE 1.3 5 PTAS L/11 CONFORT,2012,8050000
Fiat,UNO,FIRE 1.3 5 PTAS L/11 CONFORT,2011,7850000
Fiat,UNO,FIRE 1.3 5 PTAS L/11 CONFORT,2010,7650000
Ford,BRONCO,1.5T SPORT BIG BEND,2025,48500000
Ford,BRONCO,1.5T SPORT BIG BEND,2024,46500000
Ford,BRONCO,1.5T SPORT BIG BEND,2023,44500000
Ford,BRONCO,1.5T SPORT BIG BEND,2022,42500000
Ford,BRONCO,1.5T SPORT BIG BEND,2021,40500000
Ford,BRONCO,1.5T SPORT BIG BEND L/25,2026,59355000
Ford,BRONCO,1.5T SPORT BIG BEND L/25,2025,51500000
Ford,BRONCO,2.0T SPORT BADLANDS L/25,2026,70297000
Ford,BRONCO,2.0T SPORT BADLANDS L/25,2025,58500000
Ford,BRONCO,2.0T SPORT WILDTRAK,2025,55500000
Ford,BRONCO,2.0T SPORT WILDTRAK,2024,53500000
Ford,BRONCO,2.0T SPORT WILDTRAK,2023,51500000
Ford,BRONCO,2.0T SPORT WILDTRAK,2022,49500000
Ford,BRONCO,2.0T SPORT WILDTRAK,2021,47500000
Ford,BRONCO,2.7T V6 BADLANDS L/25,2026,117600000
Ford,BRONCO,2.7T V6 BADLANDS L/25,2025,102500000
Ford,BRONCO,2.7T V6 WILDTRAK,2025,98500000
Ford,BRONCO,2.7T V6 WILDTRAK,2024,95500000
Ford,COURIER,PICK-UP 1.6 XL,2011,6300000
Ford,COURIER,PICK-UP 1.6 XL,2010,6250000
Ford,COURIER,PICK-UP 1.6 XL,2009,6200000
Ford,COURIER,PICK-UP 1.6 XL,2008,6150000
Ford,COURIER,PICK-UP 1.6 XL,2007,6100000
Ford,COURIER,PICK-UP 1.6 XL PLUS,2011,6350000
Ford,COURIER,PICK-UP 1.6 XL PLUS,2010,6300000
Ford,COURIER,PICK-UP 1.6 XL PLUS,2009,6250000
Ford,COURIER,PICK-UP 1.6 XL PLUS,2008,6200000
Ford,COURIER,PICK-UP 1.6 XL PLUS,2007,6150000
Ford,ECO SPORT,1.4 TDCI XL PLUS,2007,8800000
Ford,ECO SPORT,1.4 TDCI XL PLUS L/07,2011,11100000
Ford,ECO SPORT,1.4 TDCI XL PLUS L/07,2010,10600000
Ford,ECO SPORT,1.4 TDCI XL PLUS L/07,2009,10100000
Ford,ECO SPORT,1.4 TDCI XL PLUS L/07,2008,9600000
Ford,ECO SPORT,1.4 TDCI XL PLUS L/07,2007,9100000
Ford,ECO SPORT,1.4 TDCI XLS,2007,8900000
Ford,ECO SPORT,1.4 TDCI XLS L/07,2011,11200000
Ford,ECO SPORT,1.4 TDCI XLS L/07,2010,10700000
Ford,ECO SPORT,1.4 TDCI XLS L/07,2009,10200000
Ford,ECO SPORT,1.4 TDCI XLS L/07,2008,9700000
Ford,ECO SPORT,1.4 TDCI XLS L/07,2007,9200000
Ford,ECO SPORT,1.5 TDCI S L/13,2017,16900000
Ford,ECO SPORT,1.5 TDCI S L/13,2016,15900000
Ford,ECO SPORT,1.5 TDCI S L/13,2015,14900000
Ford,ECO SPORT,1.5 TDCI S L/13,2014,13900000
Ford,ECO SPORT,1.5 TDCI S L/13,2013,12900000
Ford,ECO SPORT,1.5 TDCI SE L/13,2017,17200000
Ford,ECO SPORT,1.5 TDCI SE L/13,2016,16200000
Ford,ECO SPORT,1.5 TDCI SE L/13,2015,15200000
Ford,ECO SPORT,1.5 TDCI SE L/13,2014,14200000
Ford,ECO SPORT,1.5 TDCI SE L/13,2013,13200000
Ford,ECO SPORT,1.5 TDCI SE L/18,2020,21700000
Ford,ECO SPORT,1.5 TDCI SE L/18,2019,20700000
Ford,ECO SPORT,1.5 TDCI SE L/18,2018,19700000
Ford,ECO SPORT,1.5 TDCI SE L/18,2017,18700000
Ford,ECO SPORT,1.5 FREESTYLE L/18,2021,22700000
Ford,ECO SPORT,1.5 FREESTYLE L/18,2020,21700000
Ford,ECO SPORT,1.5 FREESTYLE L/18,2019,20700000
Ford,ECO SPORT,1.5 FREESTYLE L/18,2018,19700000
Ford,ECO SPORT,1.5 FREESTYLE L/18,2017,18700000
Ford,ECO SPORT,1.5 S L/18,2020,20700000
Ford,ECO SPORT,1.5 S L/18,2019,19700000
Ford,ECO SPORT,1.5 S L/18,2018,18700000
Ford,ECO SPORT,1.5 S L/18,2017,17700000
Ford,ECO SPORT,1.5 SE L/18,2023,24200000
Ford,ECO SPORT,1.5 SE L/18,2022,23200000
Ford,ECO SPORT,1.5 SE L/18,2021,22200000
Ford,ECO SPORT,1.5 SE L/18,2020,21200000
Ford,ECO SPORT,1.5 SE L/18,2019,20200000
Ford,ECO SPORT,1.5 SE L/18,2018,19200000
Ford,ECO SPORT,1.5 SE L/18,2017,18200000
Ford,ECO SPORT,1.5 SE AUT L/18,2021,22700000
Ford,ECO SPORT,1.5 SE AUT L/18,2020,21700000
Ford,ECO SPORT,1.5 SE AUT L/18,2019,20700000
Ford,ECO SPORT,1.5 SE AUT L/18,2018,19700000
Ford,ECO SPORT,1.5 SE AUT L/18,2017,18700000
Ford,ECO SPORT,1.5 TITANIUM L/18,2023,25200000
Ford,ECO SPORT,1.5 TITANIUM L/18,2022,24200000
Ford,ECO SPORT,1.5 TITANIUM L/18,2021,23200000
Ford,ECO SPORT,1.5 TITANIUM L/18,2020,22200000
Ford,ECO SPORT,1.5 TITANIUM L/18,2019,21200000
Ford,ECO SPORT,1.5 TITANIUM L/18,2018,20200000
Ford,ECO SPORT,1.5 TITANIUM L/18,2017,19200000
Ford,ECO SPORT,1.5 TITANIUM AUT L/18,2023,25700000
Ford,ECO SPORT,1.5 TITANIUM AUT L/18,2022,24700000
Ford,ECO SPORT,1.5 TITANIUM AUT L/18,2021,23700000
Ford,ECO SPORT,1.5 TITANIUM AUT L/18,2020,22700000
Ford,ECO SPORT,1.5 TITANIUM AUT L/18,2019,21700000
Ford,ECO SPORT,1.5 TITANIUM AUT L/18,2018,20700000
Ford,ECO SPORT,1.5 TITANIUM AUT L/18,2017,19700000
Ford,ECO SPORT,1.6 FREESTYLE L/10,2011,11400000
Ford,ECO SPORT,1.6 FREESTYLE L/10,2010,10900000
Ford,ECO SPORT,1.6 FREESTYLE L/13,2017,17000000
Ford,ECO SPORT,1.6 FREESTYLE L/13,2016,16000000
Ford,ECO SPORT,1.6 FREESTYLE L/13,2015,15000000
Ford,ECO SPORT,1.6 FREESTYLE L/13,2014,14000000
Ford,ECO SPORT,1.6 FREESTYLE L/13,2013,13000000
Ford,ECO SPORT,1.6 FREESTYLE L/13,2012,12000000
Ford,ECO SPORT,1.6 S L/13,2017,16700000
Ford,ECO SPORT,1.6 S L/13,2016,15700000
Ford,ECO SPORT,1.6 S L/13,2015,14700000
Ford,ECO SPORT,1.6 S L/13,2014,13700000
Ford,ECO SPORT,1.6 S L/13,2013,12700000
Ford,ECO SPORT,1.6 S L/13,2012,11700000
Ford,ECO SPORT,1.6 SE L/13,2017,17000000
Ford,ECO SPORT,1.6 SE L/13,2016,16000000
Ford,ECO SPORT,1.6 SE L/13,2015,15000000
Ford,ECO SPORT,1.6 SE L/13,2014,14000000
Ford,ECO SPORT,1.6 SE L/13,2013,13000000
Ford,ECO SPORT,1.6 SE L/13,2012,12000000
Ford,ECO SPORT,1.6 TITANIUM L/13,2017,18000000
Ford,ECO SPORT,1.6 TITANIUM L/13,2016,17000000
Ford,ECO SPORT,1.6 TITANIUM L/13,2015,16000000
Ford,ECO SPORT,1.6 TITANIUM L/13,2014,15000000
Ford,ECO SPORT,1.6 TITANIUM L/13,2013,14000000
Ford,ECO SPORT,1.6 TITANIUM L/13,2012,13000000
Ford,ECO SPORT,1.6 XL PLUS,2007,8800000
Ford,ECO SPORT,1.6 XL PLUS L/07,2012,11600000
Ford,ECO SPORT,1.6 XL PLUS L/07,2011,11100000
Ford,ECO SPORT,1.6 XL PLUS L/07,2010,10600000
Ford,ECO SPORT,1.6 XL PLUS L/07,2009,10100000
Ford,ECO SPORT,1.6 XL PLUS L/07,2008,9600000
Ford,ECO SPORT,1.6 XL PLUS L/07,2007,9100000
Ford,ECO SPORT,1.6 XLS,2007,8900000
Ford,ECO SPORT,1.6 XLS L/07,2012,11700000
Ford,ECO SPORT,1.6 XLS L/07,2011,11200000
Ford,ECO SPORT,1.6 XLS L/07,2010,10700000
Ford,ECO SPORT,1.6 XLS L/07,2009,10200000
Ford,ECO SPORT,1.6 XLS L/07,2008,9700000
Ford,ECO SPORT,1.6 XLS L/07,2007,9200000
Ford,ECO SPORT,1.6 XLS PLUS L/10,2011,11400000
Ford,ECO SPORT,1.6 XLS PLUS L/10,2010,10900000
Ford,ECO SPORT,1.6 XLS SEGURIDAD,2007,9350000
Ford,ECO SPORT,1.6 XLT L/07,2008,9900000
Ford,ECO SPORT,1.6 XLT L/07,2007,9400000
Ford,ECO SPORT,1.6 XLT PLUS L/10,2011,11500000
Ford,ECO SPORT,1.6 XLT PLUS L/10,2010,10900000
Ford,ECO SPORT,2.0 FREESTYLE 4X4 L/13,2017,19700000
Ford,ECO SPORT,2.0 FREESTYLE 4X4 L/13,2016,18700000
Ford,ECO SPORT,2.0 FREESTYLE 4X4 L/13,2015,17700000
Ford,ECO SPORT,2.0 FREESTYLE 4X4 L/13,2014,16700000
Ford,ECO SPORT,2.0 FREESTYLE 4X4 L/13,2013,15700000
Ford,ECO SPORT,2.0 FREESTYLE 4X4 AT L18,2020,23700000
Ford,ECO SPORT,2.0 FREESTYLE 4X4 AT L18,2019,22700000
Ford,ECO SPORT,2.0 FREESTYLE 4X4 AT L18,2018,21700000
Ford,ECO SPORT,2.0 FREESTYLE 4X4 AT L18,2017,20700000
Ford,ECO SPORT,2.0 SE L/13,2017,18200000
Ford,ECO SPORT,2.0 SE L/13,2016,17200000
Ford,ECO SPORT,2.0 SE L/13,2015,16200000
Ford,ECO SPORT,2.0 SE L/13,2014,15200000
Ford,ECO SPORT,2.0 SE L/13,2013,14200000
Ford,ECO SPORT,2.0 SE L/13,2012,13200000
Ford,ECO SPORT,2.0 SE AUT L/18,2020,23200000
Ford,ECO SPORT,2.0 SE AUT L/18,2019,22200000
Ford,ECO SPORT,2.0 SE AUT L/18,2018,21200000
Ford,ECO SPORT,2.0 SE AUT L/18,2017,20200000
Ford,ECO SPORT,2.0 STORM 4X4 AUT L/18,2021,27700000
Ford,ECO SPORT,2.0 STORM 4X4 AUT L/18,2020,26700000
Ford,ECO SPORT,2.0 STORM 4X4 AUT L/18,2019,25700000
Ford,ECO SPORT,2.0 STORM 4X4 AUT L/18,2018,24700000
Ford,ECO SPORT,2.0 TITANIUM L/13,2017,19200000
Ford,ECO SPORT,2.0 TITANIUM L/13,2016,18200000
Ford,ECO SPORT,2.0 TITANIUM L/13,2015,17200000
Ford,ECO SPORT,2.0 TITANIUM L/13,2014,16200000
Ford,ECO SPORT,2.0 TITANIUM L/13,2013,15200000
Ford,ECO SPORT,2.0 TITANIUM L/13,2012,14200000
Ford,ECO SPORT,2.0 TITANIUM AUT L/13,2017,19700000
Ford,ECO SPORT,2.0 TITANIUM AUT L/13,2016,18700000
Ford,ECO SPORT,2.0 TITANIUM AUT L/13,2015,17700000
Ford,ECO SPORT,2.0 TITANIUM AUT L/13,2014,16700000
Ford,ECO SPORT,2.0 TITANIUM AUT L/13,2013,15700000
Ford,ECO SPORT,2.0 TITANIUM AUT L/18,2021,25700000
Ford,ECO SPORT,2.0 TITANIUM AUT L/18,2020,24700000
Ford,ECO SPORT,2.0 TITANIUM AUT L/18,2019,23700000
Ford,ECO SPORT,2.0 TITANIUM AUT L/18,2018,22700000
Ford,ECO SPORT,2.0 TITANIUM AUT L/18,2017,21700000
Ford,ECO SPORT,2.0 XLS L/07,2012,11900000
Ford,ECO SPORT,2.0 XLS L/07,2011,11400000
Ford,ECO SPORT,2.0 XLS L/07,2010,10900000
Ford,ECO SPORT,2.0 XLS L/07,2009,10400000
Ford,ECO SPORT,2.0 XLS L/07,2008,9900000
Ford,ECO SPORT,2.0 XLS L/07,2007,9400000
Ford,ECO SPORT,2.0 XLS PLUS AUT L/07,2011,11600000
Ford,ECO SPORT,2.0 XLS PLUS AUT L/07,2010,11100000
Ford,ECO SPORT,2.0 XLS PLUS AUT L/07,2009,10600000
Ford,ECO SPORT,2.0 XLS PLUS AUT L/07,2008,10100000
Ford,ECO SPORT,2.0 XLS PLUS AUT L/07,2007,9600000
Ford,ECO SPORT,2.0 XLT,2007,9400000
Ford,ECO SPORT,2.0 XLT PLUS L/07,2012,12100000
Ford,ECO SPORT,2.0 XLT PLUS L/07,2011,11600000
Ford,ECO SPORT,2.0 XLT PLUS L/07,2010,11100000
Ford,ECO SPORT,2.0 XLT PLUS L/07,2009,10600000
Ford,ECO SPORT,2.0 XLT PLUS L/07,2008,10100000
Ford,ECO SPORT,2.0 XLT PLUS L/07,2007,9600000
Ford,ECO SPORT,2.0 XLT 4X4,2007,9600000
Ford,ECO SPORT,2.0 XLT 4X4 PLUS,2007,9700000
Ford,ECO SPORT,2.0 XLT 4X4 PLUS L/07,2012,12500000
Ford,ECO SPORT,2.0 XLT 4X4 PLUS L/07,2011,12000000
Ford,ECO SPORT,2.0 XLT 4X4 PLUS L/07,2010,11500000
Ford,ECO SPORT,2.0 XLT 4X4 PLUS L/07,2009,11000000
Ford,ECO SPORT,2.0 XLT 4X4 PLUS L/07,2008,10500000
Ford,ECO SPORT,2.0 XLT 4X4 PLUS L/07,2007,10000000
Ford,EVEREST,2.3 ECOBOOST ACTIVE 4X4 AT10,2025,64000000
Ford,EVEREST,2.3 ECOBOOST TITANIUM 4X4 AT10,2026,89561000
Ford,EVEREST,2.3 ECOBOOST TITANIUM 4X4 AT10,2025,74000000
Ford,F-100,3.9 TDI XL,2007,18400000
Ford,F-100,3.9 TDI XL PLUS L/06,2012,30000000
Ford,F-100,3.9 TDI XL PLUS L/06,2011,28500000
Ford,F-100,3.9 TDI XL PLUS L/06,2010,27000000
Ford,F-100,3.9 TDI XL PLUS L/06,2009,25900000
Ford,F-100,3.9 TDI XL PLUS L/06,2008,24800000
Ford,F-100,3.9 TDI XL PLUS L/06,2007,23800000
Ford,F-100,3.9 TDI XL PLUS L/06 4X4,2012,30500000
Ford,F-100,3.9 TDI XL PLUS L/06 4X4,2011,29000000
Ford,F-100,3.9 TDI XL PLUS L/06 4X4,2010,27500000
Ford,F-100,3.9 TDI XL PLUS L/06 4X4,2009,26400000
Ford,F-100,3.9 TDI XL PLUS L/06 4X4,2008,25300000
Ford,F-100,3.9 TDI XL PLUS L/06 4X4,2007,24300000
Ford,F-100,3.9 TDI XL PLUS L/06 4X4 D/C,2012,31000000
Ford,F-100,3.9 TDI XL PLUS L/06 4X4 D/C,2011,29500000
Ford,F-100,3.9 TDI XL PLUS L/06 4X4 D/C,2010,28000000
Ford,F-100,3.9 TDI XL PLUS L/06 4X4 D/C,2009,26900000
Ford,F-100,3.9 TDI XL PLUS L/06 4X4 D/C,2008,25800000
Ford,F-100,3.9 TDI XL PLUS L/06 4X4 D/C,2007,24800000
Ford,F-100,3.9 TDI XLT L/06,2012,30500000
Ford,F-100,3.9 TDI XLT L/06,2011,29000000
Ford,F-100,3.9 TDI XLT L/06,2010,27500000
Ford,F-100,3.9 TDI XLT L/06,2009,26400000
Ford,F-100,3.9 TDI XLT L/06,2008,25300000
Ford,F-100,3.9 TDI XLT L/06,2007,24300000
Ford,F-100,3.9 TDI XLT L/06 4X4,2012,31000000
Ford,F-100,3.9 TDI XLT L/06 4X4,2011,29500000
Ford,F-100,3.9 TDI XLT L/06 4X4,2010,28100000
Ford,F-100,3.9 TDI XLT L/06 4X4,2009,26900000
Ford,F-100,3.9 TDI XLT L/06 4X4,2008,25800000
Ford,F-100,3.9 TDI XLT L/06 4X4,2007,24800000
Ford,F-100,3.9 TDI XLT L/06 D/CAB,2012,31000000
Ford,F-100,3.9 TDI XLT L/06 D/CAB,2011,29500000
Ford,F-100,3.9 TDI XLT L/06 D/CAB,2010,28100000
Ford,F-100,3.9 TDI XLT L/06 D/CAB,2009,26900000
Ford,F-100,3.9 TDI XLT L/06 D/CAB,2008,25800000
Ford,F-100,3.9 TDI XLT L/06 D/CAB,2007,24800000
Ford,F-100,3.9 TDI XLT L/06 D/CAB 4X4,2012,31500000
Ford,F-100,3.9 TDI XLT L/06 D/CAB 4X4,2011,30000000
Ford,F-100,3.9 TDI XLT L/06 D/CAB 4X4,2010,28500000
Ford,F-100,3.9 TDI XLT L/06 D/CAB 4X4,2009,27400000
Ford,F-100,3.9 TDI XLT L/06 D/CAB 4X4,2008,26300000
Ford,F-100,3.9 TDI XLT L/06 D/CAB 4X4,2007,25300000
Ford,F-150,3.5 4X4 LARIAT HIBRIDA LUX. AT,2024,78000000
Ford,F-150,3.5 4X4 LARIAT HIBRIDA LUX. AT,2023,72000000
Ford,F-150,3.5 4X4 LARIAT HIBRIDA LUX. AT,2022,67000000
Ford,F-150,3.5 4X4 LARIAT HIBRIDA LUX. AT,2021,62000000
Ford,F-150,3.5 4X4 LARIAT HIBRIDA LUX.AT L/24,2026,120540000
Ford,F-150,3.5 4X4 LARIAT HIBRIDA LUX.AT L/24,2025,90000000
Ford,F-150,3.5 4X4 LARIAT HIBRIDA LUX.AT L/24,2024,84000000
Ford,F-150,3.5 4X4 RAPTOR AUT,2021,78000000
Ford,F-150,3.5 4X4 RAPTOR AUT,2020,73000000
Ford,F-150,3.5 4X4 RAPTOR AUT,2019,68000000
Ford,F-150,3.5 4X4 RAPTOR AUT L/21,2024,103000000
Ford,F-150,3.5 4X4 RAPTOR AUT L/21,2023,97000000
Ford,F-150,3.5 4X4 RAPTOR AUT L/21,2022,91000000
Ford,F-150,3.5 4X4 RAPTOR AUT L/21,2021,85000000
Ford,F-150,3.5 4X4 RAPTOR AUT L/24,2026,154350000
Ford,F-150,3.5 4X4 RAPTOR AUT L/24,2025,116000000
Ford,F-150,3.5 4X4 RAPTOR AUT L/24,2024,108000000
Ford,F-150,5.0 LARIAT LUXURY AUT 4X4,2024,84000000
Ford,F-150,5.0 LARIAT LUXURY AUT 4X4,2023,79000000
Ford,F-150,5.0 LARIAT LUXURY AUT 4X4,2022,73000000
Ford,F-150,5.0 LARIAT LUXURY AUT 4X4,2021,67000000
Ford,F-150,5.0 LARIAT LUXURY AUT 4X4,2020,62000000
Ford,F-150,5.0 LARIAT LUXURY AUT 4X4,2019,57000000
Ford,F-150,5.0 TREMOR 4X4 AUT,2026,120540000
Ford,F-150,5.0 TREMOR 4X4 AUT,2025,95000000
Ford,F-150,5.0 TREMOR 4X4 AUT,2024,88000000
Ford,FIESTA,1.6 4P S (KD),2017,15980000
Ford,FIESTA,1.6 4P S (KD),2016,14980000
Ford,FIESTA,1.6 4P S (KD),2015,13980000
Ford,FIESTA,1.6 4P S (KD),2014,12980000
Ford,FIESTA,1.6 4P S (KD),2013,11980000
Ford,FIESTA,1.6 4P S PLUS (KD),2019,18080000
Ford,FIESTA,1.6 4P S PLUS (KD),2018,17080000
Ford,FIESTA,1.6 4P S PLUS (KD),2017,16080000
Ford,FIESTA,1.6 4P S PLUS (KD),2016,15080000
Ford,FIESTA,1.6 4P S PLUS (KD),2015,14080000
Ford,FIESTA,1.6 4P S PLUS (KD),2014,13080000
Ford,FIESTA,1.6 4P S PLUS (KD),2013,12080000
Ford,FIESTA,1.6 4P SE PLUS (KD),2018,17680000
Ford,FIESTA,1.6 4P SE PLUS (KD),2017,16680000
Ford,FIESTA,1.6 4P SE PLUS (KD),2016,15680000
Ford,FIESTA,1.6 4P SE PLUS (KD),2015,14680000
Ford,FIESTA,1.6 4P SE PLUS (KD),2014,13680000
Ford,FIESTA,1.6 4P SE PLUS (KD),2013,12680000
Ford,FIESTA,1.6 4P SE PLUS (KD) L/18,2019,18980000
Ford,FIESTA,1.6 4P SE PLUS (KD) L/18,2018,18500000
Ford,FIESTA,1.6 4P SE PLUS POWER. (KD),2017,17180000
Ford,FIESTA,1.6 4P SE PLUS POWER. (KD),2016,16180000
Ford,FIESTA,1.6 4P SE PLUS POWER. (KD),2015,15180000
Ford,FIESTA,1.6 4P SE PLUS POWER. (KD),2014,14180000
Ford,FIESTA,1.6 4P SE PLUS POWER. (KD),2013,13180000
Ford,FIESTA,1.6 4P TITANIUM (KD),2018,18780000
Ford,FIESTA,1.6 4P TITANIUM (KD),2017,17780000
Ford,FIESTA,1.6 4P TITANIUM (KD),2016,16780000
Ford,FIESTA,1.6 4P TITANIUM (KD),2015,15780000
Ford,FIESTA,1.6 4P TITANIUM (KD),2014,14780000
Ford,FIESTA,1.6 4P TITANIUM (KD),2013,13780000
Ford,FIESTA,1.6 4P TITANIUM POWER.(KD),2018,19280000
Ford,FIESTA,1.6 4P TITANIUM POWER.(KD),2017,18280000
Ford,FIESTA,1.6 4P TITANIUM POWER.(KD),2016,17280000
Ford,FIESTA,1.6 4P TITANIUM POWER.(KD),2015,16280000
Ford,FIESTA,1.6 4P TITANIUM POWER.(KD),2014,15280000
Ford,FIESTA,1.6 4P TITANIUM POWER.(KD),2013,14280000
Ford,FIESTA,1.6 4P TITANIUM (KD) L/18,2019,20280000
Ford,FIESTA,1.6 4P TITANIUM (KD) L/18,2018,19280000
Ford,FIESTA,1.6 4P TITANIUM POWER.(KD) L/18,2019,20780000
Ford,FIESTA,1.6 4P TITANIUM POWER.(KD) L/18,2018,19780000
Ford,FIESTA,1.6 4P TREND (KD),2013,11780000
Ford,FIESTA,1.6 4P TREND (KD),2012,11280000
Ford,FIESTA,1.6 4P TREND (KD),2011,10780000
Ford,FIESTA,1.6 4P TREND PLUS (KD),2013,11830000
Ford,FIESTA,1.6 4P TREND PLUS (KD),2012,11330000
Ford,FIESTA,1.6 4P TREND PLUS (KD),2011,10830000
Ford,FIESTA,1.6 5P S (KD),2018,17280000
Ford,FIESTA,1.6 5P S (KD),2017,16280000
Ford,FIESTA,1.6 5P S (KD),2016,15280000
Ford,FIESTA,1.6 5P S (KD),2015,14280000
Ford,FIESTA,1.6 5P S (KD),2014,13280000
Ford,FIESTA,1.6 5P S PLUS (KD),2020,19380000
Ford,FIESTA,1.6 5P S PLUS (KD),2019,18380000
Ford,FIESTA,1.6 5P S PLUS (KD),2018,17380000
Ford,FIESTA,1.6 5P S PLUS (KD),2017,16380000
Ford,FIESTA,1.6 5P S PLUS (KD),2016,15380000
Ford,FIESTA,1.6 5P S PLUS (KD),2015,14380000
Ford,FIESTA,1.6 5P S PLUS (KD),2014,13380000
Ford,FIESTA,1.6 5P S PLUS (KD) L/18,2020,19780000
Ford,FIESTA,1.6 5P S PLUS (KD) L/18,2019,18780000
Ford,FIESTA,1.6 5P S PLUS (KD) L/18,2018,17780000
Ford,FIESTA,1.6 5P SE (KD),2020,19480000
Ford,FIESTA,1.6 5P SE (KD),2019,18480000
Ford,FIESTA,1.6 5P SE (KD),2018,17480000
Ford,FIESTA,1.6 5P SE (KD),2017,16480000
Ford,FIESTA,1.6 5P SE (KD),2016,15480000
Ford,FIESTA,1.6 5P SE (KD),2015,14480000
Ford,FIESTA,1.6 5P SE (KD),2014,13480000
Ford,FIESTA,1.6 5P SE POWER. (KD),2020,20080000
Ford,FIESTA,1.6 5P SE POWER. (KD),2019,19080000
Ford,FIESTA,1.6 5P SE POWER. (KD),2018,18080000
Ford,FIESTA,1.6 5P SE POWER. (KD),2017,17080000
Ford,FIESTA,1.6 5P SE POWER. (KD),2016,16080000
Ford,FIESTA,1.6 5P SE POWER. (KD),2015,15080000
Ford,FIESTA,1.6 5P SE (KD) L/18,2020,19880000
Ford,FIESTA,1.6 5P SE (KD) L/18,2019,18880000
Ford,FIESTA,1.6 5P SE (KD) L/18,2018,17880000
Ford,FIESTA,1.6 5P SE POWER. (KD) L/18,2020,20480000
Ford,FIESTA,1.6 5P SE POWER. (KD) L/18,2019,19480000
Ford,FIESTA,1.6 5P SE POWER. (KD) L/18,2018,18480000
Ford,FIESTA,1.6 5P SE PLUS (KD),2018,17980000
Ford,FIESTA,1.6 5P SE PLUS (KD),2017,16980000
Ford,FIESTA,1.6 5P SE PLUS (KD),2016,15980000
Ford,FIESTA,1.6 5P SE PLUS (KD),2015,14980000
Ford,FIESTA,1.6 5P SE PLUS (KD),2014,13980000
Ford,FIESTA,1.6 5P SE PLUS (KD),2013,12980000
Ford,FIESTA,1.6 5P SE PLUS POWER. (KD),2018,18480000
Ford,FIESTA,1.6 5P SE PLUS POWER. (KD),2017,17480000
Ford,FIESTA,1.6 5P SE PLUS POWER. (KD),2016,16480000
Ford,FIESTA,1.6 5P SE PLUS POWER. (KD),2015,15480000
Ford,FIESTA,1.6 5P SE PLUS POWER. (KD),2014,14480000
Ford,FIESTA,1.6 5P SE PLUS POWER. (KD),2013,13480000
Ford,FIESTA,1.6 5P SE PLUS (KD) L/18,2020,20480000
Ford,FIESTA,1.6 5P SE PLUS (KD) L/18,2019,19480000
Ford,FIESTA,1.6 5P SE PLUS (KD) L/18,2018,18480000
Ford,FIESTA,1.6 5P SE PLUS POWER. (KD) L/18,2020,20980000
Ford,FIESTA,1.6 5P SE PLUS POWER. (KD) L/18,2019,19980000
Ford,FIESTA,1.6 5P SE PLUS POWER. (KD) L/18,2018,18980000
Ford,FIESTA,1.6 5P TITANIUM (KD),2013,12880000
Ford,FIESTA,1.6 5P TITANIUM (KD),2012,12380000
Ford,FIESTA,1.6 5P TITANIUM (KD),2011,11880000
Ford,FIESTA,1.6 5P TITANIUM (KD),2010,11380000
Ford,FIESTA,1.6 5P TITANIUM L/14 (KD),2018,19080000
Ford,FIESTA,1.6 5P TITANIUM L/14 (KD),2017,18080000
Ford,FIESTA,1.6 5P TITANIUM L/14 (KD),2016,17080000
Ford,FIESTA,1.6 5P TITANIUM L/14 (KD),2015,16080000
Ford,FIESTA,1.6 5P TITANIUM L/14 (KD),2014,15080000
Ford,FIESTA,1.6 5P TITANIUM L/14 (KD),2013,14080000
Ford,FIESTA,1.6 5P TITANIUM POWER.(KD),2018,19580000
Ford,FIESTA,1.6 5P TITANIUM POWER.(KD),2017,18580000
Ford,FIESTA,1.6 5P TITANIUM POWER.(KD),2016,17580000
Ford,FIESTA,1.6 5P TITANIUM POWER.(KD),2015,16580000
Ford,FIESTA,1.6 5P TITANIUM POWER.(KD),2014,15580000
Ford,FIESTA,1.6 5P TITANIUM POWER.(KD),2013,14580000
Ford,FIESTA,1.6 5P TITANIUM (KD) L/18,2020,21580000
Ford,FIESTA,1.6 5P TITANIUM (KD) L/18,2019,20580000
Ford,FIESTA,1.6 5P TITANIUM (KD) L/18,2018,19580000
Ford,FIESTA,1.6 5P TITANIUM POWER.(KD) L/18,2020,22080000
Ford,FIESTA,1.6 5P TITANIUM POWER.(KD) L/18,2019,21080000
Ford,FIESTA,1.6 5P TITANIUM POWER.(KD) L/18,2018,20080000
Ford,FIESTA,1.6 5P TREND (KD),2013,11880000
Ford,FIESTA,1.6 5P TREND (KD),2012,11380000
Ford,FIESTA,1.6 5P TREND (KD),2011,10880000
Ford,FIESTA,1.4 4 PTAS TDCI MAX AMB,2010,8100000
Ford,FIESTA,1.4 4 PTAS TDCI MAX AMB,2009,8000000
Ford,FIESTA,1.4 4 PTAS TDCI MAX AMB,2008,7900000
Ford,FIESTA,1.4 4 PTAS TDCI MAX AMB,2007,7800000
Ford,FIESTA,1.4 4 PTAS TDCI MAX EDGE,2010,8200000
Ford,FIESTA,1.4 4 PTAS TDCI MAX EDGE,2009,8100000
Ford,FIESTA,1.4 4 PTAS TDCI MAX EDGE,2008,8000000
Ford,FIESTA,1.4 4 PTAS TDCI MAX EDGE,2007,7900000
Ford,FIESTA,1.4 4 PTAS TDCI MAX ENERGY,2007,7700000
Ford,FIESTA,1.4 4 PTAS TDCI ONE MAX AMB,2012,8700000
Ford,FIESTA,1.4 4 PTAS TDCI ONE MAX AMB,2011,8600000
Ford,FIESTA,1.4 4 PTAS TDCI ONE MAX AMB,2010,8500000
Ford,FIESTA,1.4 4 PTAS TDCI ONE MAX EDG,2011,8700000
Ford,FIESTA,1.4 4 PTAS TDCI ONE MAX EDG,2010,8600000
Ford,FIESTA,1.4 5 PTAS TDCI AMBIEN,2010,8200000
Ford,FIESTA,1.4 5 PTAS TDCI AMBIEN,2009,8100000
Ford,FIESTA,1.4 5 PTAS TDCI AMBIEN,2008,8000000
Ford,FIESTA,1.4 5 PTAS TDCI AMBIEN,2007,7900000
Ford,FIESTA,1.4 5 PTAS TDCI EDGE,2010,8300000
Ford,FIESTA,1.4 5 PTAS TDCI EDGE,2009,8200000
Ford,FIESTA,1.4 5 PTAS TDCI EDGE,2008,8100000
Ford,FIESTA,1.4 5 PTAS TDCI EDGE,2007,8000000
Ford,FIESTA,1.4 5 PTAS TDCI ENERGY,2007,7800000
Ford,FIESTA,1.4 5 PTAS TDCI ONE AMBIEN,2011,8700000
Ford,FIESTA,1.4 5 PTAS TDCI ONE AMBIEN,2010,8600000
Ford,FIESTA,1.4 5 PTAS TDCI ONE EDGE,2011,8800000
Ford,FIESTA,1.4 5 PTAS TDCI ONE EDGE,2010,8700000
Ford,FIESTA,1.6 4 PTAS MAX AMB,2010,8100000
Ford,FIESTA,1.6 4 PTAS MAX AMB,2009,8000000
Ford,FIESTA,1.6 4 PTAS MAX AMB,2008,7900000
Ford,FIESTA,1.6 4 PTAS MAX AMB,2007,7800000
Ford,FIESTA,1.6 4 PTAS MAX AMB AUT,2010,8200000
Ford,FIESTA,1.6 4 PTAS MAX AMB AUT,2009,8100000
Ford,FIESTA,1.6 4 PTAS MAX AMB AUT,2008,8000000
Ford,FIESTA,1.6 4 PTAS MAX AMB AUT,2007,7900000
Ford,FIESTA,1.6 4 PTAS MAX AMB PLUS,2010,8300000
Ford,FIESTA,1.6 4 PTAS MAX AMB PLUS,2009,8200000
Ford,FIESTA,1.6 4 PTAS MAX AMB PLUS,2008,8100000
Ford,FIESTA,1.6 4 PTAS MAX AMB PLUS,2007,8000000
Ford,FIESTA,1.6 4 PTAS MAX EDG PLU,2010,8400000
Ford,FIESTA,1.6 4 PTAS MAX EDG PLU,2009,8300000
Ford,FIESTA,1.6 4 PTAS MAX EDG PLU,2008,8200000
Ford,FIESTA,1.6 4 PTAS MAX EDG PLU,2007,8100000
Ford,FIESTA,1.6 4 PTAS MAX EDG PLU AT,2010,8500000
Ford,FIESTA,1.6 4 PTAS MAX EDG PLU AT,2009,8400000
Ford,FIESTA,1.6 4 PTAS MAX EDG PLU AT,2008,8300000
Ford,FIESTA,1.6 4 PTAS MAX EDG PLU AT,2007,8200000
Ford,FIESTA,1.6 4 PTAS MAX ENERGY,2010,8000000
Ford,FIESTA,1.6 4 PTAS MAX ENERGY,2009,7900000
Ford,FIESTA,1.6 4 PTAS MAX ENERGY,2008,7800000
Ford,FIESTA,1.6 4 PTAS MAX ENERGY,2007,7700000
Ford,FIESTA,1.6 4 PTAS MAX FRESH,2007,7600000
Ford,FIESTA,1.6 4 PTAS ONE MAX AMB,2013,8700000
Ford,FIESTA,1.6 4 PTAS ONE MAX AMB,2012,8600000
Ford,FIESTA,1.6 4 PTAS ONE MAX AMB,2011,8500000
Ford,FIESTA,1.6 4 PTAS ONE MAX AMB,2010,8400000
Ford,FIESTA,1.6 4 PTAS ONE MAX AMB PLUS,2013,8800000
Ford,FIESTA,1.6 4 PTAS ONE MAX AMB PLUS,2012,8700000
Ford,FIESTA,1.6 4 PTAS ONE MAX AMB PLUS,2011,8600000
Ford,FIESTA,1.6 4 PTAS ONE MAX AMB PLUS,2010,8500000
Ford,FIESTA,1.6 4 PTAS ONE MAX EDGE PLU,2014,8900000
Ford,FIESTA,1.6 4 PTAS ONE MAX EDGE PLU,2013,8800000
Ford,FIESTA,1.6 4 PTAS ONE MAX EDGE PLU,2012,8700000
Ford,FIESTA,1.6 4 PTAS ONE MAX EDGE PLU,2011,8600000
Ford,FIESTA,1.6 4 PTAS ONE MAX EDGE PLU,2010,8500000
Ford,FIESTA,1.6 4 PTAS ONE MAX ENERGY,2011,8400000
Ford,FIESTA,1.6 4 PTAS ONE MAX ENERGY,2010,8300000
Ford,FIESTA,1.6 5 PTAS AMBIEN.,2010,8200000
Ford,FIESTA,1.6 5 PTAS AMBIEN.,2009,8100000
Ford,FIESTA,1.6 5 PTAS AMBIEN.,2008,8000000
Ford,FIESTA,1.6 5 PTAS AMBIEN.,2007,7900000
Ford,FIESTA,1.6 5 PTAS AMBIEN. AUT,2010,8300000
Ford,FIESTA,1.6 5 PTAS AMBIEN. AUT,2009,8200000
Ford,FIESTA,1.6 5 PTAS AMBIEN. AUT,2008,8100000
Ford,FIESTA,1.6 5 PTAS AMBIEN. AUT,2007,8000000
Ford,FIESTA,1.6 5 PTAS AMBIEN. PLUS,2010,8300000
Ford,FIESTA,1.6 5 PTAS AMBIEN. PLUS,2009,8200000
Ford,FIESTA,1.6 5 PTAS AMBIEN. PLUS,2008,8100000
Ford,FIESTA,1.6 5 PTAS AMBIEN. PLUS,2007,8000000
Ford,FIESTA,1.6 5 PTAS EDGE PLUS,2010,8400000
Ford,FIESTA,1.6 5 PTAS EDGE PLUS,2009,8300000
Ford,FIESTA,1.6 5 PTAS EDGE PLUS,2008,8200000
Ford,FIESTA,1.6 5 PTAS EDGE PLUS,2007,8100000
Ford,FIESTA,1.6 5 PTAS EDGE PLUS AUT,2010,8500000
Ford,FIESTA,1.6 5 PTAS EDGE PLUS AUT,2009,8400000
Ford,FIESTA,1.6 5 PTAS EDGE PLUS AUT,2008,8300000
Ford,FIESTA,1.6 5 PTAS EDGE PLUS AUT,2007,8200000
Ford,FIESTA,1.6 5 PTAS ENERGY,2010,8100000
Ford,FIESTA,1.6 5 PTAS ENERGY,2009,8000000
Ford,FIESTA,1.6 5 PTAS ENERGY,2008,7900000
Ford,FIESTA,1.6 5 PTAS ENERGY,2007,7800000
Ford,FIESTA,1.6 5 PTAS FRESH,2007,7700000
Ford,FIESTA,1.6 5 PTAS ONE AMBIEN.,2013,8800000
Ford,FIESTA,1.6 5 PTAS ONE AMBIEN.,2012,8700000
Ford,FIESTA,1.6 5 PTAS ONE AMBIEN.,2011,8600000
Ford,FIESTA,1.6 5 PTAS ONE AMBIEN.,2010,8500000
Ford,FIESTA,1.6 5 PTAS ONE AMBIEN. PLUS,2014,9000000
Ford,FIESTA,1.6 5 PTAS ONE AMBIEN. PLUS,2013,8900000
Ford,FIESTA,1.6 5 PTAS ONE AMBIEN. PLUS,2012,8800000
Ford,FIESTA,1.6 5 PTAS ONE AMBIEN. PLUS,2011,8700000
Ford,FIESTA,1.6 5 PTAS ONE AMBIEN. PLUS,2010,8600000
Ford,FIESTA,1.6 5 PTAS ONE EDGE PLUS,2013,9000000
Ford,FIESTA,1.6 5 PTAS ONE EDGE PLUS,2012,8900000
Ford,FIESTA,1.6 5 PTAS ONE EDGE PLUS,2011,8800000
Ford,FIESTA,1.6 5 PTAS ONE EDGE PLUS,2010,8700000
Ford,FIESTA,1.6 5 PTAS ONE ENERGY,2011,8500000
Ford,FIESTA,1.6 5 PTAS ONE ENERGY,2010,8400000
Ford,FOCUS,1.6 8V AMBIENTE 4 P,2010,8300000
Ford,FOCUS,1.6 8V AMBIENTE 4 P,2009,8200000
Ford,FOCUS,1.6 8V AMBIENTE 4 P,2008,8100000
Ford,FOCUS,1.6 8V AMBIENTE 4 P,2007,8000000
Ford,FOCUS,1.6 8V AMBIENTE 4 P BASE,2010,8200000
Ford,FOCUS,1.6 8V AMBIENTE 4 P BASE,2009,8100000
Ford,FOCUS,1.6 8V AMBIENTE 5 P,2010,8400000
Ford,FOCUS,1.6 8V AMBIENTE 5 P,2009,8300000
Ford,FOCUS,1.6 8V AMBIENTE 5 P,2008,8200000
Ford,FOCUS,1.6 8V AMBIENTE 5 P,2007,8100000
Ford,FOCUS,1.6 8V AMBIENTE 5 P BASE,2010,8300000
Ford,FOCUS,1.6 8V AMBIENTE 5 P BASE,2009,8200000
Ford,FOCUS,1.6 8V EDGE 4 P,2010,8400000
Ford,FOCUS,1.6 8V EDGE 4 P,2009,8300000
Ford,FOCUS,1.6 8V EDGE 4 P,2008,8200000
Ford,FOCUS,1.6 8V EDGE 4 P,2007,8100000
Ford,FOCUS,1.6 8V EDGE 5 P,2010,8500000
Ford,FOCUS,1.6 8V EDGE 5 P,2009,8400000
Ford,FOCUS,1.6 8V EDGE 5 P,2008,8300000
Ford,FOCUS,1.6 8V EDGE 5 P,2007,8200000
Ford,FOCUS,1.8 TDCI GHIA 4 P,2008,8300000
Ford,FOCUS,1.8 TDCI GHIA 4 P,2007,8200000
Ford,FOCUS,1.8 TDCI GHIA 5 P,2008,8400000
Ford,FOCUS,1.8 TDCI GHIA 5 P,2007,8300000
Ford,FOCUS,1.8 TDI AMBIENTE 4 P,2008,8200000
Ford,FOCUS,1.8 TDI AMBIENTE 4 P,2007,8100000
Ford,FOCUS,1.8 TDI AMBIENTE 5 P,2008,8250000
Ford,FOCUS,1.8 TDI AMBIENTE 5 P,2007,8150000
Ford,FOCUS,1.8 TDI EDGE 4 P,2008,8300000
Ford,FOCUS,1.8 TDI EDGE 4 P,2007,8200000
Ford,FOCUS,1.8 TDI EDGE 5 P,2008,8400000
Ford,FOCUS,1.8 TDI EDGE 5 P,2007,8300000
Ford,FOCUS,2.0 16V EDGE 4 P,2009,8400000
Ford,FOCUS,2.0 16V EDGE 4 P,2008,8300000
Ford,FOCUS,2.0 16V EDGE 4 P,2007,8200000
Ford,FOCUS,2.0 16V EDGE 4 P AUT,2008,8400000
Ford,FOCUS,2.0 16V EDGE 4 P AUT,2007,8300000
Ford,FOCUS,2.0 16V EDGE 5 P,2009,8500000
Ford,FOCUS,2.0 16V EDGE 5 P,2008,8400000
Ford,FOCUS,2.0 16V EDGE 5 P,2007,8300000
Ford,FOCUS,2.0 16V GHIA 4 P,2008,8400000
Ford,FOCUS,2.0 16V GHIA 4 P,2007,8300000
Ford,FOCUS,2.0 16V GHIA 4 P AUT,2008,8500000
Ford,FOCUS,2.0 16V GHIA 4 P AUT,2007,8400000
Ford,FOCUS,2.0 16V GHIA 5 P,2008,8500000
Ford,FOCUS,2.0 16V GHIA 5 P,2007,8400000
Ford,FOCUS,L/08 1.6 4 P STYLE EXE,2014,13400000
Ford,FOCUS,L/08 1.6 4 P STYLE EXE,2013,12900000
Ford,FOCUS,L/08 1.6 4 P STYLE EXE,2012,12400000
Ford,FOCUS,L/08 1.6 4 P STYLE EXE,2011,11900000
Ford,FOCUS,L/08 1.6 4 P STYLE EXE,2010,11400000
Ford,FOCUS,L/08 1.6 4 P TREND EXE,2014,13500000
Ford,FOCUS,L/08 1.6 4 P TREND EXE,2013,13000000
Ford,FOCUS,L/08 1.6 4 P TREND EXE,2012,12500000
Ford,FOCUS,L/08 1.6 4 P TREND EXE,2011,12000000
Ford,FOCUS,L/08 1.6 4 P TREND EXE,2010,11500000
Ford,FOCUS,L/08 1.6 5 P STYLE,2014,13500000
Ford,FOCUS,L/08 1.6 5 P STYLE,2013,13000000
Ford,FOCUS,L/08 1.6 5 P STYLE,2012,12500000
Ford,FOCUS,L/08 1.6 5 P STYLE,2011,12000000
Ford,FOCUS,L/08 1.6 5 P STYLE,2010,11500000
Ford,FOCUS,L/08 1.6 5 P TREND,2014,13600000
Ford,FOCUS,L/08 1.6 5 P TREND,2013,13100000
Ford,FOCUS,L/08 1.6 5 P TREND,2012,12600000
Ford,FOCUS,L/08 1.6 5 P TREND,2011,12100000
Ford,FOCUS,L/08 1.6 5 P TREND,2010,11600000
Ford,FOCUS,L/08 1.8 4 P GHIA TD EXE,2014,13700000
Ford,FOCUS,L/08 1.8 4 P GHIA TD EXE,2013,13200000
Ford,FOCUS,L/08 1.8 4 P GHIA TD EXE,2012,12700000
Ford,FOCUS,L/08 1.8 4 P GHIA TD EXE,2011,12200000
Ford,FOCUS,L/08 1.8 4 P GHIA TD EXE,2010,11700000
Ford,FOCUS,L/08 1.8 4 P GHIA TD EXE,2009,11200000
Ford,FOCUS,L/08 1.8 4 P GHIA TD EXE,2008,10700000
Ford,FOCUS,L/08 1.8 4 P STYLE TD EXE,2011,12100000
Ford,FOCUS,L/08 1.8 4 P STYLE TD EXE,2010,11600000
Ford,FOCUS,L/08 1.8 4 P STYLE TD EXE,2009,11100000
Ford,FOCUS,L/08 1.8 4 P STYLE TD EXE,2008,10600000
Ford,FOCUS,L/08 1.8 4 P TREND TD P. EXE,2014,13600000
Ford,FOCUS,L/08 1.8 4 P TREND TD P. EXE,2013,13100000
Ford,FOCUS,L/08 1.8 4 P TREND TD P. EXE,2012,12600000
Ford,FOCUS,L/08 1.8 4 P TREND TD P. EXE,2011,12100000
Ford,FOCUS,L/08 1.8 4 P TREND TD P. EXE,2010,11600000
Ford,FOCUS,L/08 1.8 4 P TREND TD P. EXE,2009,11100000
Ford,FOCUS,L/08 1.8 4 P TREND TD P. EXE,2008,10600000
Ford,FOCUS,L/08 1.8 5 P GHIA TD,2014,13800000
Ford,FOCUS,L/08 1.8 5 P GHIA TD,2013,13300000
Ford,FOCUS,L/08 1.8 5 P GHIA TD,2012,12800000
Ford,FOCUS,L/08 1.8 5 P GHIA TD,2011,12300000
Ford,FOCUS,L/08 1.8 5 P GHIA TD,2010,11800000
Ford,FOCUS,L/08 1.8 5 P GHIA TD,2009,11300000
Ford,FOCUS,L/08 1.8 5 P GHIA TD,2008,10800000
Ford,FOCUS,L/08 1.8 5 P STYLE TD,2011,12200000
Ford,FOCUS,L/08 1.8 5 P STYLE TD,2010,11700000
Ford,FOCUS,L/08 1.8 5 P STYLE TD,2009,11200000
Ford,FOCUS,L/08 1.8 5 P STYLE TD,2008,10700000
Ford,FOCUS,L/08 1.8 5 P TREND TD PLUS,2013,13300000
Ford,FOCUS,L/08 1.8 5 P TREND TD PLUS,2012,12800000
Ford,FOCUS,L/08 1.8 5 P TREND TD PLUS,2011,12300000
Ford,FOCUS,L/08 1.8 5 P TREND TD PLUS,2010,11800000
Ford,FOCUS,L/08 1.8 5 P TREND TD PLUS,2009,11300000
Ford,FOCUS,L/08 1.8 5 P TREND TD PLUS,2008,10800000
Ford,FOCUS,L/08 2.0 4 P GHIA EXE,2014,13900000
Ford,FOCUS,L/08 2.0 4 P GHIA EXE,2013,13400000
Ford,FOCUS,L/08 2.0 4 P GHIA EXE,2012,12900000
Ford,FOCUS,L/08 2.0 4 P GHIA EXE,2011,12400000
Ford,FOCUS,L/08 2.0 4 P GHIA EXE,2010,11900000
Ford,FOCUS,L/08 2.0 4 P GHIA EXE,2009,11400000
Ford,FOCUS,L/08 2.0 4 P GHIA EXE,2008,10900000
Ford,FOCUS,L/08 2.0 4 P GHIA EXE AUT,2014,14000000
Ford,FOCUS,L/08 2.0 4 P GHIA EXE AUT,2013,13500000
Ford,FOCUS,L/08 2.0 4 P GHIA EXE AUT,2012,13000000
Ford,FOCUS,L/08 2.0 4 P GHIA EXE AUT,2011,12500000
Ford,FOCUS,L/08 2.0 4 P GHIA EXE AUT,2010,12000000
Ford,FOCUS,L/08 2.0 4 P GHIA EXE AUT,2009,11500000
Ford,FOCUS,L/08 2.0 4 P GHIA EXE AUT,2008,11000000
Ford,FOCUS,L/08 2.0 4 P TREND EXE,2014,13800000
Ford,FOCUS,L/08 2.0 4 P TREND EXE,2013,13300000
Ford,FOCUS,L/08 2.0 4 P TREND EXE,2012,12800000
Ford,FOCUS,L/08 2.0 4 P TREND EXE,2011,12300000
Ford,FOCUS,L/08 2.0 4 P TREND EXE,2010,11800000
Ford,FOCUS,L/08 2.0 4 P TREND EXE,2009,11300000
Ford,FOCUS,L/08 2.0 4 P TREND EXE,2008,10800000
Ford,FOCUS,L/08 2.0 4 P TREND EXE PLUS,2014,13900000
Ford,FOCUS,L/08 2.0 4 P TREND EXE PLUS,2013,13400000
Ford,FOCUS,L/08 2.0 4 P TREND EXE PLUS,2012,12900000
Ford,FOCUS,L/08 2.0 4 P TREND EXE PLUS,2011,12400000
Ford,FOCUS,L/08 2.0 4 P TREND EXE PLUS,2010,11900000
Ford,FOCUS,L/08 2.0 4 P TREND EXE PLUS,2009,11400000
Ford,FOCUS,L/08 2.0 4 P TREND EXE PLUS,2008,10900000
Ford,FOCUS,L/08 2.0 5 P GHIA,2013,13500000
Ford,FOCUS,L/08 2.0 5 P GHIA,2012,13000000
Ford,FOCUS,L/08 2.0 5 P GHIA,2011,12500000
Ford,FOCUS,L/08 2.0 5 P GHIA,2010,12000000
Ford,FOCUS,L/08 2.0 5 P GHIA,2009,11500000
Ford,FOCUS,L/08 2.0 5 P GHIA,2008,11000000
Ford,FOCUS,L/08 2.0 5 P GHIA AUT,2013,13600000
Ford,FOCUS,L/08 2.0 5 P GHIA AUT,2012,13100000
Ford,FOCUS,L/08 2.0 5 P GHIA AUT,2011,12600000
Ford,FOCUS,L/08 2.0 5 P GHIA AUT,2010,12100000
Ford,FOCUS,L/08 2.0 5 P GHIA AUT,2009,11600000
Ford,FOCUS,L/08 2.0 5 P GHIA AUT,2008,11100000
Ford,FOCUS,L/08 2.0 5 P TREND,2013,13400000
Ford,FOCUS,L/08 2.0 5 P TREND,2012,12900000
Ford,FOCUS,L/08 2.0 5 P TREND,2011,12400000
Ford,FOCUS,L/08 2.0 5 P TREND,2010,11900000
Ford,FOCUS,L/08 2.0 5 P TREND,2009,11400000
Ford,FOCUS,L/08 2.0 5 P TREND,2008,10900000
Ford,FOCUS,L/08 2.0 5 P TREND AUT,2010,12000000
Ford,FOCUS,L/08 2.0 5 P TREND AUT,2009,11500000
Ford,FOCUS,L/08 2.0 5 P TREND PLUS,2013,13500000
Ford,FOCUS,L/08 2.0 5 P TREND PLUS,2012,13000000
Ford,FOCUS,L/08 2.0 5 P TREND PLUS,2011,12500000
Ford,FOCUS,L/08 2.0 5 P TREND PLUS,2010,12000000
Ford,FOCUS,L/08 2.0 5 P TREND PLUS,2009,11500000
Ford,FOCUS,L/08 2.0 5 P TREND PLUS,2008,11000000
Ford,FOCUS,L/14 1.6 4 P S,2015,15480000
Ford,FOCUS,L/14 1.6 4 P S,2014,14980000
Ford,FOCUS,L/14 1.6 4 P S,2013,14480000
Ford,FOCUS,L/14 1.6 5 P S,2015,15580000
Ford,FOCUS,L/14 1.6 5 P S,2014,15080000
Ford,FOCUS,L/14 1.6 5 P S,2013,14580000
Ford,FOCUS,L/14 2.0 4 P SE,2015,15680000
Ford,FOCUS,L/14 2.0 4 P SE,2014,15180000
Ford,FOCUS,L/14 2.0 4 P SE,2013,14680000
Ford,FOCUS,L/14 2.0 4 P SE PLUS,2015,15780000
Ford,FOCUS,L/14 2.0 4 P SE PLUS,2014,14980000
Ford,FOCUS,L/14 2.0 4 P SE PLUS,2013,14480000
Ford,FOCUS,L/14 2.0 4 P SE PLUS AUT,2015,16280000
Ford,FOCUS,L/14 2.0 4 P SE PLUS AUT,2014,15780000
Ford,FOCUS,L/14 2.0 4 P SE PLUS AUT,2013,15280000
Ford,FOCUS,L/14 2.0 4 P TITANIUM,2015,16780000
Ford,FOCUS,L/14 2.0 4 P TITANIUM,2014,16280000
Ford,FOCUS,L/14 2.0 4 P TITANIUM,2013,15780000
Ford,FOCUS,L/14 2.0 4 P TITANIUM AUT,2015,17280000
Ford,FOCUS,L/14 2.0 4 P TITANIUM AUT,2014,16780000
Ford,FOCUS,L/14 2.0 4 P TITANIUM AUT,2013,16280000
Ford,FOCUS,L/14 2.0 5 P SE,2015,15780000
Ford,FOCUS,L/14 2.0 5 P SE,2014,15280000
Ford,FOCUS,L/14 2.0 5 P SE,2013,14780000
Ford,FOCUS,L/14 2.0 5 P SE PLUS,2015,15980000
Ford,FOCUS,L/14 2.0 5 P SE PLUS,2014,15480000
Ford,FOCUS,L/14 2.0 5 P SE PLUS,2013,14980000
Ford,FOCUS,L/14 2.0 5 P SE PLUS AUT,2015,16380000
Ford,FOCUS,L/14 2.0 5 P SE PLUS AUT,2014,15880000
Ford,FOCUS,L/14 2.0 5 P SE PLUS AUT,2013,15380000
Ford,FOCUS,L/14 2.0 5 P TITANIUM,2015,16880000
Ford,FOCUS,L/14 2.0 5 P TITANIUM,2014,16380000
Ford,FOCUS,L/14 2.0 5 P TITANIUM,2013,15880000
Ford,FOCUS,L/14 2.0 5 P TITANIUM AUT,2015,17380000
Ford,FOCUS,L/14 2.0 5 P TITANIUM AUT,2014,16880000
Ford,FOCUS,L/14 2.0 5 P TITANIUM AUT,2013,16380000
Ford,FOCUS,L/16 1.6 4 P S,2020,20980000
Ford,FOCUS,L/16 1.6 4 P S,2019,19980000
Ford,FOCUS,L/16 1.6 4 P S,2018,18980000
Ford,FOCUS,L/16 1.6 4 P S,2017,17980000
Ford,FOCUS,L/16 1.6 4 P S,2016,16980000
Ford,FOCUS,L/16 1.6 4 P S,2015,15980000
Ford,FOCUS,L/16 1.6 5 P S,2020,21080000
Ford,FOCUS,L/16 1.6 5 P S,2019,20080000
Ford,FOCUS,L/16 1.6 5 P S,2018,19080000
Ford,FOCUS,L/16 1.6 5 P S,2017,18080000
Ford,FOCUS,L/16 1.6 5 P S,2016,17080000
Ford,FOCUS,L/16 1.6 5 P S,2015,16080000
Ford,FOCUS,L/16 2.0 4 P SE,2020,21180000
Ford,FOCUS,L/16 2.0 4 P SE,2019,20180000
Ford,FOCUS,L/16 2.0 4 P SE,2018,19180000
Ford,FOCUS,L/16 2.0 4 P SE,2017,18180000
Ford,FOCUS,L/16 2.0 4 P SE,2016,17180000
Ford,FOCUS,L/16 2.0 4 P SE,2015,16180000
Ford,FOCUS,L/16 2.0 4 P SE AUT,2020,21680000
Ford,FOCUS,L/16 2.0 4 P SE AUT,2019,20680000
Ford,FOCUS,L/16 2.0 4 P SE AUT,2018,19680000
Ford,FOCUS,L/16 2.0 4 P SE PLUS,2020,21480000
Ford,FOCUS,L/16 2.0 4 P SE PLUS,2019,20480000
Ford,FOCUS,L/16 2.0 4 P SE PLUS,2018,19480000
Ford,FOCUS,L/16 2.0 4 P SE PLUS,2017,18480000
Ford,FOCUS,L/16 2.0 4 P SE PLUS,2016,17480000
Ford,FOCUS,L/16 2.0 4 P SE PLUS,2015,16480000
Ford,FOCUS,L/16 2.0 4 P SE PLUS POWER,2020,21980000
Ford,FOCUS,L/16 2.0 4 P SE PLUS POWER,2019,20980000
Ford,FOCUS,L/16 2.0 4 P SE PLUS POWER,2018,19980000
Ford,FOCUS,L/16 2.0 4 P SE PLUS POWER,2017,18980000
Ford,FOCUS,L/16 2.0 4 P SE PLUS POWER,2016,17980000
Ford,FOCUS,L/16 2.0 4 P SE PLUS POWER,2015,16980000
Ford,FOCUS,L/16 2.0 4 P TITANIUM,2020,22480000
Ford,FOCUS,L/16 2.0 4 P TITANIUM,2019,21480000
Ford,FOCUS,L/16 2.0 4 P TITANIUM,2018,20480000
Ford,FOCUS,L/16 2.0 4 P TITANIUM,2017,19480000
Ford,FOCUS,L/16 2.0 4 P TITANIUM,2016,18480000
Ford,FOCUS,L/16 2.0 4 P TITANIUM,2015,17480000
Ford,FOCUS,L/16 2.0 4 P TITANIUM POWER,2020,22980000
Ford,FOCUS,L/16 2.0 4 P TITANIUM POWER,2019,21980000
Ford,FOCUS,L/16 2.0 4 P TITANIUM POWER,2018,20980000
Ford,FOCUS,L/16 2.0 4 P TITANIUM POWER,2017,19980000
Ford,FOCUS,L/16 2.0 4 P TITANIUM POWER,2016,18980000
Ford,FOCUS,L/16 2.0 4 P TITANIUM POWER,2015,17980000
Ford,FOCUS,L/16 2.0 5 P SE,2020,21280000
Ford,FOCUS,L/16 2.0 5 P SE,2019,20280000
Ford,FOCUS,L/16 2.0 5 P SE,2018,19280000
Ford,FOCUS,L/16 2.0 5 P SE,2017,18280000
Ford,FOCUS,L/16 2.0 5 P SE,2016,17280000
Ford,FOCUS,L/16 2.0 5 P SE,2015,16280000
Ford,FOCUS,L/16 2.0 5 P SE AUT,2020,21780000
Ford,FOCUS,L/16 2.0 5 P SE AUT,2019,20780000
Ford,FOCUS,L/16 2.0 5 P SE AUT,2018,19780000
Ford,FOCUS,L/16 2.0 5 P SE PLUS,2020,21580000
Ford,FOCUS,L/16 2.0 5 P SE PLUS,2019,20580000
Ford,FOCUS,L/16 2.0 5 P SE PLUS,2018,19580000
Ford,FOCUS,L/16 2.0 5 P SE PLUS,2017,18580000
Ford,FOCUS,L/16 2.0 5 P SE PLUS,2016,17580000
Ford,FOCUS,L/16 2.0 5 P SE PLUS,2015,16580000
Ford,FOCUS,L/16 2.0 5 P SE PLUS POWER,2020,22080000
Ford,FOCUS,L/16 2.0 5 P SE PLUS POWER,2019,21080000
Ford,FOCUS,L/16 2.0 5 P SE PLUS POWER,2018,20080000
Ford,FOCUS,L/16 2.0 5 P SE PLUS POWER,2017,19080000
Ford,FOCUS,L/16 2.0 5 P SE PLUS POWER,2016,18080000
Ford,FOCUS,L/16 2.0 5 P SE PLUS POWER,2015,17080000
Ford,FOCUS,L/16 2.0 5 P TITANIUM,2020,22580000
Ford,FOCUS,L/16 2.0 5 P TITANIUM,2019,21580000
Ford,FOCUS,L/16 2.0 5 P TITANIUM,2018,20580000
Ford,FOCUS,L/16 2.0 5 P TITANIUM,2017,19580000
Ford,FOCUS,L/16 2.0 5 P TITANIUM,2016,18580000
Ford,FOCUS,L/16 2.0 5 P TITANIUM,2015,17580000
Ford,FOCUS,L/16 2.0 5 P TITANIUM POWER,2020,23080000
Ford,FOCUS,L/16 2.0 5 P TITANIUM POWER,2019,22080000
Ford,FOCUS,L/16 2.0 5 P TITANIUM POWER,2018,21080000
Ford,FOCUS,L/16 2.0 5 P TITANIUM POWER,2017,20080000
Ford,FOCUS,L/16 2.0 5 P TITANIUM POWER,2016,19080000
Ford,FOCUS,L/16 2.0 5 P TITANIUM POWER,2015,18080000
Ford,KA,1.0 ENERGY,2008,4910000
Ford,KA,1.0 ENERGY,2007,4860000
Ford,KA,1.0 (TATTOO),2008,4850000
Ford,KA,1.0 (TATTOO),2007,4800000
Ford,KA,1.0 PLUS AA (TATTOO),2008,4860000
Ford,KA,1.0 PLUS AA (TATTOO),2007,4810000
Ford,KA,1.0 VIRAL,2008,4850000
Ford,KA,1.0 VIRAL,2007,4800000
Ford,KA,1.6 ACTION,2008,4910000
Ford,KA,1.6 ACTION,2007,4860000
Ford,KA,1.6 PLUS (TATTOO),2008,4880000
Ford,KA,1.6 PLUS (TATTOO),2007,4830000
Ford,KA,1.0 FLY,2011,7740000
Ford,KA,1.0 FLY,2010,7665000
Ford,KA,1.0 FLY,2009,7605000
Ford,KA,1.0 FLY,2008,7545000
Ford,KA,1.0 FLY PLUS,2011,7755000
Ford,KA,1.0 FLY PLUS,2010,7680000
Ford,KA,1.0 FLY PLUS,2009,7620000
Ford,KA,1.0 FLY PLUS,2008,7560000
Ford,KA,1.0 FLY VIRAL,2011,7755000
Ford,KA,1.0 FLY VIRAL,2010,7680000
Ford,KA,1.0 FLY VIRAL,2009,7620000
Ford,KA,1.0 FLY VIRAL,2008,7560000
Ford,KA,1.6 FLY VIRAL,2011,7780000
Ford,KA,1.6 FLY VIRAL,2010,7695000
Ford,KA,1.6 FLY VIRAL,2009,7630000
Ford,KA,1.6 FLY VIRAL,2008,7570000
Ford,KA,1.6 PULSE,2011,7820000
Ford,KA,1.6 PULSE,2010,7740000
Ford,KA,1.6 PULSE,2009,7680000
Ford,KA,1.6 PULSE,2008,7620000
Ford,KA,1.6 PULSE TOP,2011,7850000
Ford,KA,1.6 PULSE TOP,2010,7780000
Ford,KA,1.6 PULSE TOP,2009,7710000
Ford,KA,1.6 PULSE TOP,2008,7650000
Ford,KA,1.0 FLY L/11,2014,10100000
Ford,KA,1.0 FLY L/11,2013,9600000
Ford,KA,1.0 FLY L/11,2012,9100000
Ford,KA,1.0 FLY L/11,2011,8600000
Ford,KA,1.0 FLY VIRAL L/11,2014,10150000
Ford,KA,1.0 FLY VIRAL L/11,2013,9650000
Ford,KA,1.0 FLY VIRAL L/11,2012,9150000
Ford,KA,1.0 FLY VIRAL L/11,2011,8650000
Ford,KA,1.0 FLY PLUS L/11,2014,10150000
Ford,KA,1.0 FLY PLUS L/11,2013,9650000
Ford,KA,1.0 FLY PLUS L/11,2012,9150000
Ford,KA,1.0 FLY PLUS L/11,2011,8650000
Ford,KA,1.6 FLY VIRAL L/11,2014,10200000
Ford,KA,1.6 FLY VIRAL L/11,2013,9700000
Ford,KA,1.6 FLY VIRAL L/11,2012,9200000
Ford,KA,1.6 FLY VIRAL L/11,2011,8700000
Ford,KA,1.6 PULSE L/11,2014,10250000
Ford,KA,1.6 PULSE L/11,2013,9750000
Ford,KA,1.6 PULSE L/11,2012,9250000
Ford,KA,1.6 PULSE L/11,2011,8750000
Ford,KA,1.6 PULSE TOP L/11,2014,10300000
Ford,KA,1.6 PULSE TOP L/11,2013,9800000
Ford,KA,1.6 PULSE TOP L/11,2012,9300000
Ford,KA,1.6 PULSE TOP L/11,2011,8800000
Ford,KA,1.5 FREESTYLE SE L/18,2021,20000000
Ford,KA,1.5 FREESTYLE SE L/18,2020,19000000
Ford,KA,1.5 FREESTYLE SE L/18,2019,18000000
Ford,KA,1.5 FREESTYLE SEL L/18,2021,20200000
Ford,KA,1.5 FREESTYLE SEL L/18,2020,19200000
Ford,KA,1.5 FREESTYLE SEL L/18,2019,18200000
Ford,KA,1.5 FREESTYLE SEL L/18,2018,17200000
Ford,KA,1.5 FREESTYLE SEL AT6 L/18,2021,20700000
Ford,KA,1.5 FREESTYLE SEL AT6 L/18,2020,19700000
Ford,KA,1.5 FREESTYLE SEL AT6 L/18,2019,18700000
Ford,KA,1.5 S,2018,14780000
Ford,KA,1.5 S,2017,14280000
Ford,KA,1.5 S,2016,13780000
Ford,KA,1.5 S L/18,2021,18900000
Ford,KA,1.5 S L/18,2020,17900000
Ford,KA,1.5 S L/18,2019,16900000
Ford,KA,1.5 S L/18,2018,15900000
Ford,KA,1.5 S+,2018,14880000
Ford,KA,1.5 S+,2017,14380000
Ford,KA,1.5 S+ L/18,2021,18800000
Ford,KA,1.5 S+ L/18,2020,17800000
Ford,KA,1.5 S+ L/18,2019,16800000
Ford,KA,1.5 S+ L/18,2018,15800000
Ford,KA,1.5 SE,2018,14980000
Ford,KA,1.5 SE,2017,14480000
Ford,KA,1.5 SE,2016,13980000
Ford,KA,1.5 SE L/18,2021,19100000
Ford,KA,1.5 SE L/18,2020,18100000
Ford,KA,1.5 SE L/18,2019,17100000
Ford,KA,1.5 SE L/18,2018,16100000
Ford,KA,1.5 SE AUT L/18,2021,19600000
Ford,KA,1.5 SE AUT L/18,2020,18600000
Ford,KA,1.5 SE AUT L/18,2019,17600000
Ford,KA,1.5 SE AUT L/18,2018,16600000
Ford,KA,1.5 SE+,2018,15080000
Ford,KA,1.5 SE+,2017,14580000
Ford,KA,1.5 SE+ L/18,2021,19000000
Ford,KA,1.5 SE+ L/18,2020,18000000
Ford,KA,1.5 SE+ L/18,2019,17000000
Ford,KA,1.5 SE+ L/18,2018,16000000
Ford,KA,1.5 SE+ AUT L/18,2021,19500000
Ford,KA,1.5 SE+ AUT L/18,2020,18500000
Ford,KA,1.5 SE+ AUT L/18,2019,17500000
Ford,KA,1.5 SE+ AUT L/18,2018,16500000
Ford,KA,1.5 SEL,2018,14880000
Ford,KA,1.5 SEL,2017,14380000
Ford,KA,1.5 SEL,2016,13880000
Ford,KA,1.5 SEL L/18,2021,19300000
Ford,KA,1.5 SEL L/18,2020,18300000
Ford,KA,1.5 SEL L/18,2019,17300000
Ford,KA,1.5 SEL L/18,2018,16300000
Ford,KA,1.5 SEL AUT L/18,2021,19800000
Ford,KA,1.5 SEL AUT L/18,2020,18800000
Ford,KA,1.5 SEL AUT L/18,2019,17800000
Ford,KA,1.5 SEL AUT L/18,2018,16800000
Ford,KA,1.5 SEL+,2018,14780000
Ford,KA,1.5 SEL+,2017,14280000
Ford,KA,1.5 SEL+ L/18,2021,19200000
Ford,KA,1.5 SEL+ L/18,2020,18200000
Ford,KA,1.5 SEL+ L/18,2019,17200000
Ford,KA,1.5 SEL+ L/18,2018,16200000
Ford,KA,1.5 SEL+ AUT L/18,2021,19700000
Ford,KA,1.5 SEL+ AUT L/18,2020,18700000
Ford,KA,1.5 SEL+ AUT L/18,2019,17700000
Ford,KA,1.5 SEL+ AUT L/18,2018,16700000
Ford,KUGA,1.6 T 4X2 SEL L/14,2016,20500000
Ford,KUGA,1.6 T 4X2 SEL L/14,2015,20000000
Ford,KUGA,1.6 T 4X2 SEL L/14,2014,19500000
Ford,KUGA,1.6 T 4X2 SEL L/14,2013,19000000
Ford,KUGA,1.6 T 4X4 SEL AUT L/14,2016,21500000
Ford,KUGA,1.6 T 4X4 SEL AUT L/14,2015,21000000
Ford,KUGA,1.6 T 4X4 SEL AUT L/14,2014,20500000
Ford,KUGA,1.6 T 4X4 SEL AUT L/14,2013,20000000
Ford,KUGA,1.6 T 4X4 TITANIUM AUT L/14,2016,22500000
Ford,KUGA,1.6 T 4X4 TITANIUM AUT L/14,2015,22000000
Ford,KUGA,1.6 T 4X4 TITANIUM AUT L/14,2014,21500000
Ford,KUGA,1.6 T 4X4 TITANIUM AUT L/14,2013,21000000
Ford,KUGA,2.0 SEL 4X2 AUT L/17,2021,30100000
Ford,KUGA,2.0 SEL 4X2 AUT L/17,2020,28600000
Ford,KUGA,2.0 SEL 4X2 AUT L/17,2019,27100000
Ford,KUGA,2.0 SEL 4X2 AUT L/17,2018,25600000
Ford,KUGA,2.0 SEL 4X2 AUT L/17,2017,24100000
Ford,KUGA,2.0 SEL 4X4 AUT L/17,2020,32100000
Ford,KUGA,2.0 SEL 4X4 AUT L/17,2019,30600000
Ford,KUGA,2.0 SEL 4X4 AUT L/17,2018,29100000
Ford,KUGA,2.0 SEL 4X4 AUT L/17,2017,27600000
Ford,KUGA,2.0 TITANIUM 4X4 AUT L/17,2021,35600000
Ford,KUGA,2.0 TITANIUM 4X4 AUT L/17,2020,34100000
Ford,KUGA,2.0 TITANIUM 4X4 AUT L/17,2019,32600000
Ford,KUGA,2.0 TITANIUM 4X4 AUT L/17,2018,31100000
Ford,KUGA,2.0 TITANIUM 4X4 AUT L/17,2017,29600000
Ford,KUGA,2.0 TITANIUM 4X4 AUT,2017,25300000
Ford,KUGA,2.0 TITANIUM 4X4 AUT,2016,24800000
Ford,KUGA,2.5 HIBRIDA 4X2 AUT,2022,46900000
Ford,KUGA,2.5 HIBRIDA 4X2 AUT,2021,43900000
Ford,KUGA,2.5 HIBRIDA 4X2 AUT,2020,40900000
Ford,KUGA,2.5 HIBRIDA 4X4 TITANIUM AUT,2023,53900000
Ford,KUGA,2.5 HIBRIDA 4X4 TITANIUM AUT,2022,50900000
Ford,KUGA,2.5 HIBRIDA 4X4 TITANIUM AUT,2021,47900000
Ford,KUGA,2.5 HIBRIDA 4X4 TITANIUM AUT,2020,44900000
Ford,KUGA,2.5 HIBRIDA 4X4 PLATINUM AUT L/23,2025,66900000
Ford,KUGA,2.5 HIBRIDA 4X4 PLATINUM AUT L/23,2024,63900000
Ford,KUGA,2.5 HIBRIDA 4X4 PLATINUM AUT L/23,2023,60900000
Ford,KUGA,2.5 TITANIUM 4X4 AUT,2010,14800000
Ford,KUGA,2.5 TITANIUM 4X4 AUT L,2013,16900000
Ford,KUGA,2.5 TITANIUM 4X4 AUT L,2012,16400000
Ford,KUGA,2.5 TITANIUM 4X4 AUT L,2011,15900000
Ford,KUGA,2.5 TITANIUM 4X4 AUT L,2010,15400000
Ford,KUGA,2.5 TREND 4X4,2013,15900000
Ford,KUGA,2.5 TREND 4X4,2012,15400000
Ford,KUGA,2.5 TREND 4X4,2011,14900000
Ford,KUGA,2.5 TREND 4X4,2010,14400000
Ford,MAVERICK,2.0T 2WD XLT AT8,2025,40500000
Ford,MAVERICK,2.0T 2WD XLT AT8,2024,38500000
Ford,MAVERICK,2.0T 2WD XLT AT8,2023,37000000
Ford,MAVERICK,2.0T 2WD XLT AT8,2022,35500000
Ford,MAVERICK,2.0T 2WD XLT AT8,2021,34000000
Ford,MAVERICK,2.0T 4WD LARIAT AT8,2025,45500000
Ford,MAVERICK,2.0T 4WD LARIAT AT8,2024,42500000
Ford,MAVERICK,2.0T 4WD LARIAT AT8,2023,40500000
Ford,MAVERICK,2.0T 4WD LARIAT AT8,2022,39000000
Ford,MAVERICK,2.0T 4WD LARIAT AT8,2021,37500000
Ford,MAVERICK,2.0T 4WD TREMOR AT8,2026,75236000
Ford,MAVERICK,2.0T 4WD TREMOR AT8,2025,51500000
Ford,MAVERICK,2.0T AWD XLT AT8,2026,61444000
Ford,MAVERICK,2.0T AWD XLT AT8,2025,43500000
Ford,MAVERICK,2.5 2WD LARIAT HYBRID ECVT,2025,46000000
Ford,MAVERICK,2.5 2WD LARIAT HYBRID ECVT,2024,43000000
Ford,MAVERICK,2.5 2WD LARIAT HYBRID ECVT,2023,41000000
Ford,MAVERICK,2.5 AWD LARIAT HYBRID ECVT,2026,73620000
Ford,MAVERICK,2.5 AWD LARIAT HYBRID ECVT,2025,52500000
Ford,MONDEO,2.0 GHIA 4 P. L/04,2007,8680000
Ford,MONDEO,2.0 GHIA 4 P. TDCI,2007,8710000
Ford,MONDEO,2.0 GHIA 4 P. TDCI AUT,2007,8640000
Ford,MONDEO,2.5 GHIA V6 AUT L/05,2007,8805000
Ford,MONDEO,2.2 ST TDCI,2007,9555000
Ford,MONDEO,3.0 ST V6,2007,11080000
Ford,MONDEO,2.0 GHIA 4 P. L/07,2010,13580000
Ford,MONDEO,2.0 GHIA 4 P. L/07,2009,13080000
Ford,MONDEO,2.0 GHIA 4 P. L/07,2008,12680000
Ford,MONDEO,2.0 GHIA 4 P. L/07,2007,12080000
Ford,MONDEO,1.8 GHIA TDCI,2010,14080000
Ford,MONDEO,1.8 GHIA TDCI,2009,13680000
Ford,MONDEO,1.8 GHIA TDCI,2008,13080000
Ford,MONDEO,1.8 GHIA TDCI,2007,12580000
Ford,MONDEO,1.8 TITANIUM TDCI,2010,14080000
Ford,MONDEO,1.8 TITANIUM TDCI,2009,13680000
Ford,MONDEO,1.8 TITANIUM TDCI,2008,13080000
Ford,MONDEO,1.8 TITANIUM TDCI,2007,12580000
Ford,MONDEO,2.5 TITANIUM TURBO,2012,15780000
Ford,MONDEO,2.5 TITANIUM TURBO,2011,15280000
Ford,MONDEO,2.5 TITANIUM TURBO,2010,14780000
Ford,MONDEO,2.5 TITANIUM TURBO,2009,14180000
Ford,MONDEO,2.5 TITANIUM TURBO,2008,13780000
Ford,MONDEO,2.5 TITANIUM TURBO,2007,13280000
Ford,MONDEO,2.0 GHIA 4 P. TDCI L/09,2014,15780000
Ford,MONDEO,2.0 GHIA 4 P. TDCI L/09,2013,15280000
Ford,MONDEO,2.0 GHIA 4 P. TDCI L/09,2012,14780000
Ford,MONDEO,2.0 GHIA 4 P. TDCI L/09,2011,14280000
Ford,MONDEO,2.0 GHIA 4 P. TDCI L/09,2010,13780000
Ford,MONDEO,2.0 GHIA 4 P. TDCI L/09,2009,13370000
Ford,MONDEO,2.3 GHIA AUT,2015,15780000
Ford,MONDEO,2.3 GHIA AUT,2014,15280000
Ford,MONDEO,2.3 GHIA AUT,2013,14780000
Ford,MONDEO,2.3 GHIA AUT,2012,14280000
Ford,MONDEO,2.3 GHIA AUT,2011,13780000
Ford,MONDEO,2.3 GHIA AUT,2010,13280000
Ford,MONDEO,2.3 GHIA AUT,2009,12780000
Ford,MONDEO,2.3 GHIA AUT,2008,12280000
Ford,MONDEO,2.3 GHIA AUT,2007,11780000
Ford,MONDEO,2.3 TITANIUM AUT,2015,16280000
Ford,MONDEO,2.3 TITANIUM AUT,2014,15780000
Ford,MONDEO,2.3 TITANIUM AUT,2013,15280000
Ford,MONDEO,2.3 TITANIUM AUT,2012,14780000
Ford,MONDEO,2.3 TITANIUM AUT,2011,14280000
Ford,MONDEO,2.3 TITANIUM AUT,2010,13780000
Ford,MONDEO,2.3 TITANIUM AUT,2009,13280000
Ford,MONDEO,2.0 TITANIUM TDCI AUT,2015,16280000
Ford,MONDEO,2.0 TITANIUM TDCI AUT,2014,15780000
Ford,MONDEO,2.0 TITANIUM TDCI AUT,2013,15280000
Ford,MONDEO,2.0 TITANIUM TDCI AUT,2012,14780000
Ford,MONDEO,2.0 TITANIUM TDCI AUT,2011,14280000
Ford,MONDEO,2.0 TITANIUM TDCI AUT,2010,13780000
Ford,MONDEO,2.0 TITANIUM TDCI AUT,2009,13280000
Ford,MONDEO,2.0 TITANIUM ECOBOOST AUT,2015,17180000
Ford,MONDEO,2.0 TITANIUM ECOBOOST AUT,2014,16680000
Ford,MONDEO,2.0 TITANIUM ECOBOOST AUT,2013,16180000
Ford,MONDEO,2.0 TITANIUM ECOBOOST AUT,2012,15680000
Ford,MONDEO,2.0 TITANIUM ECOBOOST AUT,2011,15180000
Ford,MONDEO,2.5 SE DURATEC,2017,21700000
Ford,MONDEO,2.5 SE DURATEC,2016,20700000
Ford,MONDEO,2.5 SE DURATEC,2015,19700000
Ford,MONDEO,2.0 SE ECOBOOST AUT,2017,22200000
Ford,MONDEO,2.0 SE ECOBOOST AUT,2016,21200000
Ford,MONDEO,2.0 SE ECOBOOST AUT,2015,20700000
Ford,MONDEO,2.0 TITANIUM ECOBOOST L/15,2017,22700000
Ford,MONDEO,2.0 TITANIUM ECOBOOST L/15,2016,21700000
Ford,MONDEO,2.0 TITANIUM ECOBOOST L/15,2015,20700000
Ford,MONDEO,2.0 SEL ECOBOOST AUT,2021,31700000
Ford,MONDEO,2.0 SEL ECOBOOST AUT,2020,30700000
Ford,MONDEO,2.0 SEL ECOBOOST AUT,2019,29700000
Ford,MONDEO,2.0 SEL ECOBOOST AUT,2018,28700000
Ford,MONDEO,2.0 SEL ECOBOOST AUT,2017,27700000
Ford,MONDEO,2.0 TITANIUM ECOBOOST L/17,2021,32700000
Ford,MONDEO,2.0 TITANIUM ECOBOOST L/17,2020,31700000
Ford,MONDEO,2.0 TITANIUM ECOBOOST L/17,2019,30700000
Ford,MONDEO,2.0 TITANIUM ECOBOOST L/17,2018,29700000
Ford,MONDEO,2.0 TITANIUM ECOBOOST L/17,2017,28700000
Ford,MONDEO,2.0 TITANIUM HIBRIDO,2022,36700000
Ford,MONDEO,2.0 TITANIUM HIBRIDO,2021,35700000
Ford,MONDEO,2.0 VIGNALE HIBRIDO,2022,37700000
Ford,MONDEO,2.0 VIGNALE HIBRIDO,2021,36700000
Ford,MONDEO,2.0 VIGNALE HIBRIDO,2020,35700000
Ford,MONDEO,2.0 VIGNALE HIBRIDO,2019,34700000
Ford,MUSTANG,5.0 V8 COUPE GT,2019,88000000
Ford,MUSTANG,5.0 V8 COUPE GT,2018,86000000
Ford,MUSTANG,5.0 V8 COUPE GT,2017,84000000
Ford,MUSTANG,5.0 V8 COUPE GT,2016,82000000
Ford,MUSTANG,5.0 V8 COUPE GT L/19,2023,98000000
Ford,MUSTANG,5.0 V8 COUPE GT L/19,2022,96000000
Ford,MUSTANG,5.0 V8 COUPE GT L/19,2021,94000000
Ford,MUSTANG,5.0 V8 COUPE GT L/19,2020,92000000
Ford,MUSTANG,5.0 V8 COUPE GT L/19,2019,90000000
Ford,MUSTANG,5.0 V8 COUPE MACH 1,2023,100000000
Ford,MUSTANG,5.0 V8 COUPE MACH 1,2022,98000000
Ford,MUSTANG,5.0 V8 COUPE MACH 1,2021,96000000
Ford,MUSTANG,5.0 V8 COUPE GT PERFORMANCE L/24,2026,102900000
Ford,MUSTANG,5.0 V8 COUPE GT PERFORMANCE L/24,2025,106000000
Ford,MUSTANG,5.0 V8 COUPE GT PERFORMANCE L/24,2024,102000000
Ford,MUSTANG,5.0 V8 COUPE DARK HORSE,2026,117600000
Ford,MUSTANG,5.0 V8 COUPE DARK HORSE,2025,108000000
Ford,MUSTANG,MACH-E GT PERFORMANCE,2026,99960000
Ford,MUSTANG,MACH-E GT PERFORMANCE,2025,91000000
Ford,MUSTANG,MACH-E GT PERFORMANCE,2024,88000000
Ford,MUSTANG,MACH-E GT PERFORMANCE,2023,85000000
Ford,RANGER,RAPTOR 2.0 TDI BIT DC 4X4 AT L/19,2023,58500000
Ford,RANGER,RAPTOR 2.0 TDI BIT DC 4X4 AT L/19,2022,54500000
Ford,RANGER,RAPTOR 2.0 TDI BIT DC 4X4 AT L/19,2021,51500000
Ford,RANGER,RAPTOR 2.0 TDI BIT DC 4X4 AT L/19,2020,48500000
Ford,RANGER,RAPTOR 2.0 TDI BIT DC 4X4 AT L/19,2019,46500000
Ford,RANGER,RAPTOR 3.0 T DC 4X4 AUT L/23,2026,120540000
Ford,RANGER,RAPTOR 3.0 T DC 4X4 AUT L/23,2025,89500000
Ford,RANGER,RAPTOR 3.0 T DC 4X4 AUT L/23,2024,84500000
Ford,RANGER,RAPTOR 3.0 T DC 4X4 AUT L/23,2023,79500000
Ford,RANGER,2.0 TDI CHASIS 4X4 L/26 XL 6MT,2026,48510000
Ford,RANGER,2.0 TDI DC 4X2 BLACK AT,2026,58505000
Ford,RANGER,2.0 TDI DC 4X2 L/23 XL 6MT,2025,37000000
Ford,RANGER,2.0 TDI DC 4X2 L/23 XL 6MT,2024,35500000
Ford,RANGER,2.0 TDI DC 4X2 L/23 XL 6MT,2023,34000000
Ford,RANGER,2.0 TDI DC 4X2 L/23 XLS 6MT,2026,54142000
Ford,RANGER,2.0 TDI DC 4X2 L/23 XLS 6MT,2025,41500000
Ford,RANGER,2.0 TDI DC 4X2 L/23 XLS 6MT,2024,39500000
Ford,RANGER,2.0 TDI DC 4X2 L/23 XLS 6MT,2023,37500000
Ford,RANGER,2.0 TDI DC 4X2 L/23 XLT 10AT,2026,67352000
Ford,RANGER,2.0 TDI DC 4X2 L/23 XLT 10AT,2025,48000000
Ford,RANGER,2.0 TDI DC 4X2 L/23 XLT 10AT,2024,45500000
Ford,RANGER,2.0 TDI DC 4X2 L/23 XLT 10AT,2023,43000000
Ford,RANGER,2.0 TDI DC 4X2 L/26 XL 6MT,2026,48415000
Ford,RANGER,2.0 TDI DC 4X2 L/26 XL AT6,2026,49344000
Ford,RANGER,2.0 TDI DC 4X4 BLACK,2025,47000000
Ford,RANGER,2.0 TDI DC 4X4 BLACK,2024,44500000
Ford,RANGER,2.0 TDI DC 4X4 L/23 XL 6MT,2025,39500000
Ford,RANGER,2.0 TDI DC 4X4 L/23 XL 6MT,2024,37500000
Ford,RANGER,2.0 TDI DC 4X4 L/23 XL 6MT,2023,36000000
Ford,RANGER,2.0 TDI DC 4X4 L/23 XLT 10AT,2026,72213000
Ford,RANGER,2.0 TDI DC 4X4 L/23 XLT 10AT,2025,52500000
Ford,RANGER,2.0 TDI DC 4X4 L/23 XLT 10AT,2024,49500000
Ford,RANGER,2.0 TDI DC 4X4 L/23 XLT 10AT,2023,46500000
Ford,RANGER,2.0 TDI DC 4X4 L/23 LTD 10AT,2026,78996000
Ford,RANGER,2.0 TDI DC 4X4 L/23 LTD 10AT,2025,57500000
Ford,RANGER,2.0 TDI DC 4X4 L/23 LTD 10AT,2024,54500000
Ford,RANGER,2.0 TDI DC 4X4 L/23 LTD 10AT,2023,51500000
Ford,RANGER,2.0 TDI DC 4X4 L/26 XL 6MT,2026,52276000
Ford,RANGER,2.0 TDI DC 4X4 L/26 XL AT6,2026,53390000
Ford,RANGER,2.0 TDI SC 4X2 L/26 XL 6MT,2026,45701000
Ford,RANGER,2.0 TDI SC 4X4 L/26 XL 6MT,2026,50960000
Ford,RANGER,2.2 TDI DC 4X2 L/12 XL,2013,17500000
Ford,RANGER,2.2 TDI DC 4X2 L/12 XL,2012,16900000
Ford,RANGER,2.2 TDI DC 4X2 L/12 XL SAF.,2016,19900000
Ford,RANGER,2.2 TDI DC 4X2 L/12 XL SAF.,2015,19100000
Ford,RANGER,2.2 TDI DC 4X2 L/12 XL SAF.,2014,18400000
Ford,RANGER,2.2 TDI DC 4X2 L/12 XL SAF.,2013,17700000
Ford,RANGER,2.2 TDI DC 4X2 L/12 XL SAF.,2012,17100000
Ford,RANGER,2.2 TDI DC 4X2 L/16 XL,2017,21900000
Ford,RANGER,2.2 TDI DC 4X2 L/16 XL,2016,20900000
Ford,RANGER,2.2 TDI DC 4X2 L/16 XL SAF.,2019,25100000
Ford,RANGER,2.2 TDI DC 4X2 L/16 XL SAF.,2018,24100000
Ford,RANGER,2.2 TDI DC 4X2 L/16 XL SAF.,2017,23100000
Ford,RANGER,2.2 TDI DC 4X2 L/19 XL,2023,31100000
Ford,RANGER,2.2 TDI DC 4X2 L/19 XL,2022,29900000
Ford,RANGER,2.2 TDI DC 4X2 L/19 XL,2021,28700000
Ford,RANGER,2.2 TDI DC 4X2 L/19 XL,2020,27500000
Ford,RANGER,2.2 TDI DC 4X2 L/19 XL,2019,26300000
Ford,RANGER,2.2 TDI DC 4X2 L/19 XLT AT,2023,33100000
Ford,RANGER,2.2 TDI DC 4X2 L/19 XLT AT,2022,31700000
Ford,RANGER,2.2 TDI DC 4X2 L/19 XLT AT,2021,30200000
Ford,RANGER,2.2 TDI DC 4X4 L/12 XL SAF.,2016,20900000
Ford,RANGER,2.2 TDI DC 4X4 L/12 XL SAF.,2015,20100000
Ford,RANGER,2.2 TDI DC 4X4 L/12 XL SAF.,2014,19400000
Ford,RANGER,2.2 TDI DC 4X4 L/12 XL SAF.,2013,18700000
Ford,RANGER,2.2 TDI DC 4X4 L/12 XL SAF.,2012,18100000
Ford,RANGER,2.2 TDI DC 4X4 L/16 XL,2017,22900000
Ford,RANGER,2.2 TDI DC 4X4 L/16 XL,2016,21900000
Ford,RANGER,2.2 TDI DC 4X4 L/16 XL SAF.,2019,26100000
Ford,RANGER,2.2 TDI DC 4X4 L/16 XL SAF.,2018,25100000
Ford,RANGER,2.2 TDI DC 4X4 L/16 XL SAF.,2017,24100000
Ford,RANGER,2.2 TDI DC 4X4 L/19 XL,2023,33600000
Ford,RANGER,2.2 TDI DC 4X4 L/19 XL,2022,32100000
Ford,RANGER,2.2 TDI DC 4X4 L/19 XL,2021,30600000
Ford,RANGER,2.2 TDI DC 4X4 L/19 XL,2020,29100000
Ford,RANGER,2.2 TDI DC 4X4 L/19 XL,2019,27600000
Ford,RANGER,2.2 TDI SC 4X2 L/12 XL SAF.,2016,19100000
Ford,RANGER,2.2 TDI SC 4X2 L/12 XL SAF.,2015,18300000
Ford,RANGER,2.2 TDI SC 4X2 L/12 XL SAF.,2014,17600000
Ford,RANGER,2.2 TDI SC 4X2 L/12 XL SAF.,2013,16900000
Ford,RANGER,2.2 TDI SC 4X2 L/12 XL SAF.,2012,16300000
Ford,RANGER,2.2 TDI SC 4X2 L/16 XL,2017,20900000
Ford,RANGER,2.2 TDI SC 4X2 L/16 XL,2016,19900000
Ford,RANGER,2.2 TDI SC 4X2 L/16 XL SAF.,2019,24100000
Ford,RANGER,2.2 TDI SC 4X2 L/16 XL SAF.,2018,23100000
Ford,RANGER,2.2 TDI SC 4X2 L/16 XL SAF.,2017,22100000
Ford,RANGER,2.2 TDI SC 4X2 L/19 XL,2023,29900000
Ford,RANGER,2.2 TDI SC 4X2 L/19 XL,2022,28700000
Ford,RANGER,2.2 TDI SC 4X2 L/19 XL,2021,27500000
Ford,RANGER,2.2 TDI SC 4X2 L/19 XL,2020,26300000
Ford,RANGER,2.2 TDI SC 4X2 L/19 XL,2019,25100000
Ford,RANGER,2.2 TDI SC 4X4 L/12 XL SAF.,2016,20100000
Ford,RANGER,2.2 TDI SC 4X4 L/12 XL SAF.,2015,19300000
Ford,RANGER,2.2 TDI SC 4X4 L/12 XL SAF.,2014,18600000
Ford,RANGER,2.2 TDI SC 4X4 L/12 XL SAF.,2013,17900000
Ford,RANGER,2.2 TDI SC 4X4 L/12 XL SAF.,2012,17300000
Ford,RANGER,2.2 TDI SC 4X4 L/16 XL,2017,21900000
Ford,RANGER,2.2 TDI SC 4X4 L/16 XL,2016,20900000
Ford,RANGER,2.2 TDI SC 4X4 L/16 XL SAF.,2019,25100000
Ford,RANGER,2.2 TDI SC 4X4 L/16 XL SAF.,2018,24100000
Ford,RANGER,2.2 TDI SC 4X4 L/16 XL SAF.,2017,23100000
Ford,RANGER,2.2 TDI SC 4X4 L/19 XL,2023,31500000
Ford,RANGER,2.2 TDI SC 4X4 L/19 XL,2022,30200000
Ford,RANGER,2.2 TDI SC 4X4 L/19 XL,2021,28900000
Ford,RANGER,2.2 TDI SC 4X4 L/19 XL,2020,27600000
Ford,RANGER,2.2 TDI SC 4X4 L/19 XL,2019,26300000
Ford,RANGER,2.3 DC 4X2 L/05 XL PLUS,2009,13100000
Ford,RANGER,2.3 DC 4X2 L/05 XL PLUS,2008,12700000
Ford,RANGER,2.3 DC 4X2 L/05 XL PLUS,2007,12300000
Ford,RANGER,2.3 DC 4X2 L/09 XLT,2011,15400000
Ford,RANGER,2.3 DC 4X2 L/09 XLT,2010,14900000
Ford,RANGER,2.3 DC 4X2 L/09 XLT,2009,14400000
Ford,RANGER,2.3 DC 4X2 L/10 XL PLUS,2013,16000000
Ford,RANGER,2.3 DC 4X2 L/10 XL PLUS,2012,15500000
Ford,RANGER,2.3 DC 4X2 L/10 XL PLUS,2011,15000000
Ford,RANGER,2.3 DC 4X2 L/10 XL PLUS,2010,14500000
Ford,RANGER,2.3 DC 4X2 L/10 XL PLUS,2009,14000000
Ford,RANGER,2.3 SC 4X2 L/05 XL F-TRUCK,2009,12800000
Ford,RANGER,2.3 SC 4X2 L/05 XL F-TRUCK,2008,12400000
Ford,RANGER,2.3 SC 4X2 L/05 XL F-TRUCK,2007,12000000
Ford,RANGER,2.3 SC 4X2 L/10 XL F-TRUCK,2012,15100000
Ford,RANGER,2.3 SC 4X2 L/10 XL F-TRUCK,2011,14600000
Ford,RANGER,2.3 SC 4X2 L/10 XL F-TRUCK,2010,14100000
Ford,RANGER,2.3 SC 4X2 L/10 XL F-TRUCK,2009,13600000
Ford,RANGER,2.5 DC 4X2 L/12 XL,2014,18100000
Ford,RANGER,2.5 DC 4X2 L/12 XL,2013,17400000
Ford,RANGER,2.5 DC 4X2 L/12 XL,2012,16800000
Ford,RANGER,2.5 DC 4X2 L/14 XL SAFETY,2016,19800000
Ford,RANGER,2.5 DC 4X2 L/14 XL SAFETY,2015,19000000
Ford,RANGER,2.5 DC 4X2 L/14 XL SAFETY,2014,18300000
Ford,RANGER,2.5 DC 4X2 L/14 XLT,2015,19800000
Ford,RANGER,2.5 DC 4X2 L/14 XLT,2014,19100000
Ford,RANGER,2.5 DC 4X2 L/16 XL SAFETY,2019,24900000
Ford,RANGER,2.5 DC 4X2 L/16 XL SAFETY,2018,23900000
Ford,RANGER,2.5 DC 4X2 L/16 XL SAFETY,2017,22900000
Ford,RANGER,2.5 DC 4X2 L/16 XL SAFETY,2016,21900000
Ford,RANGER,2.5 DC 4X2 L/16 XLT,2019,25700000
Ford,RANGER,2.5 DC 4X2 L/16 XLT,2018,24700000
Ford,RANGER,2.5 DC 4X2 L/16 XLT,2017,23700000
Ford,RANGER,2.5 DC 4X2 L/19 XL,2023,30900000
Ford,RANGER,2.5 DC 4X2 L/19 XL,2022,29700000
Ford,RANGER,2.5 DC 4X2 L/19 XL,2021,28500000
Ford,RANGER,2.5 DC 4X2 L/19 XL,2020,27300000
Ford,RANGER,2.5 DC 4X2 L/19 XL,2019,26100000
Ford,RANGER,2.5 DC 4X2 L/19 XLT,2023,32900000
Ford,RANGER,2.5 DC 4X2 L/19 XLT,2022,31500000
Ford,RANGER,2.5 DC 4X2 L/19 XLT,2021,30000000
Ford,RANGER,2.5 DC 4X2 L/19 XLT,2020,28800000
Ford,RANGER,2.5 DC 4X2 L/19 XLT,2019,27600000
Ford,RANGER,2.5 SC 4X2 L/12 XL,2014,17300000
Ford,RANGER,2.5 SC 4X2 L/12 XL,2013,16700000
Ford,RANGER,2.5 SC 4X2 L/12 XL,2012,16100000
Ford,RANGER,2.5 SC 4X2 L/14 XL SAFETY,2016,19000000
Ford,RANGER,2.5 SC 4X2 L/14 XL SAFETY,2015,18200000
Ford,RANGER,2.5 SC 4X2 L/14 XL SAFETY,2014,17500000
Ford,RANGER,2.5 SC 4X2 L/16 XL SAFETY,2019,23900000
Ford,RANGER,2.5 SC 4X2 L/16 XL SAFETY,2018,22900000
Ford,RANGER,2.5 SC 4X2 L/16 XL SAFETY,2017,21900000
Ford,RANGER,2.5 SC 4X2 L/16 XL SAFETY,2016,20900000
Ford,RANGER,2.5 SC 4X2 L/19 XL,2023,29700000
Ford,RANGER,2.5 SC 4X2 L/19 XL,2022,28500000
Ford,RANGER,2.5 SC 4X2 L/19 XL,2021,27300000
Ford,RANGER,2.5 SC 4X2 L/19 XL,2020,26100000
Ford,RANGER,2.5 SC 4X2 L/19 XL,2019,24900000
Ford,RANGER,3.0 TDI DC 4X2 L/06 XL,2009,13700000
Ford,RANGER,3.0 TDI DC 4X2 L/06 XL,2008,13300000
Ford,RANGER,3.0 TDI DC 4X2 L/06 XL,2007,12900000
Ford,RANGER,3.0 TDI DC 4X2 L/06 XL PLUS,2009,13800000
Ford,RANGER,3.0 TDI DC 4X2 L/06 XL PLUS,2008,13400000
Ford,RANGER,3.0 TDI DC 4X2 L/06 XL PLUS,2007,13000000
Ford,RANGER,3.0 TDI DC 4X2 L/06 XLS,2009,14000000
Ford,RANGER,3.0 TDI DC 4X2 L/06 XLS,2008,13600000
Ford,RANGER,3.0 TDI DC 4X2 L/06 XLS,2007,13200000
Ford,RANGER,3.0 TDI DC 4X2 L/06 XLT,2009,14100000
Ford,RANGER,3.0 TDI DC 4X2 L/06 XLT,2008,13700000
Ford,RANGER,3.0 TDI DC 4X2 L/06 XLT,2007,13300000
Ford,RANGER,3.0 TDI DC 4X2 L/10 XL,2012,15800000
Ford,RANGER,3.0 TDI DC 4X2 L/10 XL,2011,15300000
Ford,RANGER,3.0 TDI DC 4X2 L/10 XL,2010,14800000
Ford,RANGER,3.0 TDI DC 4X2 L/10 XL,2009,14300000
Ford,RANGER,3.0 TDI DC 4X2 L/10 XL PLUS,2012,15900000
Ford,RANGER,3.0 TDI DC 4X2 L/10 XL PLUS,2011,15400000
Ford,RANGER,3.0 TDI DC 4X2 L/10 XL PLUS,2010,14900000
Ford,RANGER,3.0 TDI DC 4X2 L/10 XL PLUS,2009,14400000
Ford,RANGER,3.0 TDI DC 4X2 L/10 XLS,2012,16100000
Ford,RANGER,3.0 TDI DC 4X2 L/10 XLS,2011,15600000
Ford,RANGER,3.0 TDI DC 4X2 L/10 XLS,2010,15100000
Ford,RANGER,3.0 TDI DC 4X2 L/10 XLS,2009,14600000
Ford,RANGER,3.0 TDI DC 4X2 L/10 XLT,2012,16300000
Ford,RANGER,3.0 TDI DC 4X2 L/10 XLT,2011,15800000
Ford,RANGER,3.0 TDI DC 4X2 L/10 XLT,2010,15300000
Ford,RANGER,3.0 TDI DC 4X2 L/10 XLT,2009,14800000
Ford,RANGER,3.0 TDI DC 4X4 L/06 XL PLUS,2009,14100000
Ford,RANGER,3.0 TDI DC 4X4 L/06 XL PLUS,2008,13700000
Ford,RANGER,3.0 TDI DC 4X4 L/06 XL PLUS,2007,13300000
Ford,RANGER,3.0 TDI DC 4X4 L/06 XLT,2009,14400000
Ford,RANGER,3.0 TDI DC 4X4 L/06 XLT,2008,14000000
Ford,RANGER,3.0 TDI DC 4X4 L/06 XLT,2007,13600000
Ford,RANGER,3.0 TDI DC 4X4 L/06 XLT HAR,2009,14450000
Ford,RANGER,3.0 TDI DC 4X4 L/06 XLT HAR,2008,14050000
Ford,RANGER,3.0 TDI DC 4X4 L/06 XLT LIM,2009,14700000
Ford,RANGER,3.0 TDI DC 4X4 L/06 XLT LIM,2008,14300000
Ford,RANGER,3.0 TDI DC 4X4 L/06 XLT LIM,2007,13900000
Ford,RANGER,3.0 TDI DC 4X4 L/10 XL PLUS,2012,16300000
Ford,RANGER,3.0 TDI DC 4X4 L/10 XL PLUS,2011,15800000
Ford,RANGER,3.0 TDI DC 4X4 L/10 XL PLUS,2010,15300000
Ford,RANGER,3.0 TDI DC 4X4 L/10 XL PLUS,2009,14800000
Ford,RANGER,3.0 TDI DC 4X4 L/10 XL S/DU,2013,17100000
Ford,RANGER,3.0 TDI DC 4X4 L/10 XL S/DU,2012,16500000
Ford,RANGER,3.0 TDI DC 4X4 L/10 XL S/DU,2011,16000000
Ford,RANGER,3.0 TDI DC 4X4 L/10 XL S/DU,2010,15500000
Ford,RANGER,3.0 TDI DC 4X4 L/10 XL S/DU,2009,15000000
Ford,RANGER,3.0 TDI DC 4X4 L/10 XLT,2012,16700000
Ford,RANGER,3.0 TDI DC 4X4 L/10 XLT,2011,16200000
Ford,RANGER,3.0 TDI DC 4X4 L/10 XLT,2010,15700000
Ford,RANGER,3.0 TDI DC 4X4 L/10 XLT,2009,15200000
Ford,RANGER,3.0 TDI DC 4X4 L/10 XLT LIM,2012,17000000
Ford,RANGER,3.0 TDI DC 4X4 L/10 XLT LIM,2011,16500000
Ford,RANGER,3.0 TDI DC 4X4 L/10 XLT LIM,2010,16000000
Ford,RANGER,3.0 TDI DC 4X4 L/10 XLT LIM,2009,15500000
Ford,RANGER,3.0 TDI DC 4X4 L/23 XLS V6 10AT,2026,64138000
Ford,RANGER,3.0 TDI DC 4X4 L/23 XLS V6 10AT,2025,52500000
Ford,RANGER,3.0 TDI DC 4X4 L/23 XLS V6 10AT,2024,49500000
Ford,RANGER,3.0 TDI DC 4X4 L/23 XLS V6 10AT,2023,46500000
Ford,RANGER,3.0 TDI DC 4X4 L/26 XLT V6,2026,73301000
Ford,RANGER,3.0 TDI DC 4X4 L/23 LTD+ V6 10AT,2026,83355000
Ford,RANGER,3.0 TDI DC 4X4 L/23 LTD+ V6 10AT,2025,62500000
Ford,RANGER,3.0 TDI DC 4X4 L/23 LTD+ V6 10AT,2024,58500000
Ford,RANGER,3.0 TDI DC 4X4 L/23 LTD+ V6 10AT,2023,55500000
Ford,RANGER,3.0 TDI SC 4X2 L/06 XL PLUS,2009,13400000
Ford,RANGER,3.0 TDI SC 4X2 L/06 XL PLUS,2008,13000000
Ford,RANGER,3.0 TDI SC 4X2 L/06 XL PLUS,2007,12600000
Ford,RANGER,3.0 TDI SC 4X2 L/06 XL TRU.,2009,13300000
Ford,RANGER,3.0 TDI SC 4X2 L/06 XL TRU.,2008,12900000
Ford,RANGER,3.0 TDI SC 4X2 L/06 XL TRU.,2007,12500000
Ford,RANGER,3.0 TDI SC 4X2 L/10 XL PLUS,2012,15500000
Ford,RANGER,3.0 TDI SC 4X2 L/10 XL PLUS,2011,15000000
Ford,RANGER,3.0 TDI SC 4X2 L/10 XL PLUS,2010,14500000
Ford,RANGER,3.0 TDI SC 4X2 L/10 XL PLUS,2009,14000000
Ford,RANGER,3.0 TDI SC 4X2 L/10 XL TRU.,2012,15400000
Ford,RANGER,3.0 TDI SC 4X2 L/10 XL TRU.,2011,14900000
Ford,RANGER,3.0 TDI SC 4X2 L/10 XL TRU.,2010,14400000
Ford,RANGER,3.0 TDI SC 4X2 L/10 XL TRU.,2009,13900000
Ford,RANGER,3.0 TDI SC 4X4 L/06 XL PLUS,2009,13800000
Ford,RANGER,3.0 TDI SC 4X4 L/06 XL PLUS,2008,13400000
Ford,RANGER,3.0 TDI SC 4X4 L/06 XL PLUS,2007,13000000
Ford,RANGER,3.0 TDI SC 4X4 L/10 XL PLUS,2012,15900000
Ford,RANGER,3.0 TDI SC 4X4 L/10 XL PLUS,2011,15400000
Ford,RANGER,3.0 TDI SC 4X4 L/10 XL PLUS,2010,14900000
Ford,RANGER,3.0 TDI SC 4X4 L/10 XL PLUS,2009,14400000
Ford,RANGER,3.2 TDI DC 4X2 L/12 XLS,2016,22100000
Ford,RANGER,3.2 TDI DC 4X2 L/12 XLS,2015,21400000
Ford,RANGER,3.2 TDI DC 4X2 L/12 XLS,2014,20800000
Ford,RANGER,3.2 TDI DC 4X2 L/12 XLS,2013,20200000
Ford,RANGER,3.2 TDI DC 4X2 L/12 XLS,2012,19600000
Ford,RANGER,3.2 TDI DC 4X2 L/12 XLT,2016,22600000
Ford,RANGER,3.2 TDI DC 4X2 L/12 XLT,2015,21900000
Ford,RANGER,3.2 TDI DC 4X2 L/12 XLT,2014,21300000
Ford,RANGER,3.2 TDI DC 4X2 L/12 XLT,2013,20700000
Ford,RANGER,3.2 TDI DC 4X2 L/12 XLT,2012,20100000
Ford,RANGER,3.2 TDI DC 4X2 L/14 XL,2015,21200000
Ford,RANGER,3.2 TDI DC 4X2 L/14 XL,2014,20600000
Ford,RANGER,3.2 TDI DC 4X2 L/14 XLS AT,2016,22500000
Ford,RANGER,3.2 TDI DC 4X2 L/14 XLS AT,2015,21800000
Ford,RANGER,3.2 TDI DC 4X2 L/14 XLT AT,2016,23000000
Ford,RANGER,3.2 TDI DC 4X2 L/14 XLT AT,2015,22300000
Ford,RANGER,3.2 TDI DC 4X2 L/16 XLS,2019,25900000
Ford,RANGER,3.2 TDI DC 4X2 L/16 XLS,2018,24700000
Ford,RANGER,3.2 TDI DC 4X2 L/16 XLS,2017,23700000
Ford,RANGER,3.2 TDI DC 4X2 L/16 XLS,2016,22700000
Ford,RANGER,3.2 TDI DC 4X2 L/16 XLS AT,2019,26700000
Ford,RANGER,3.2 TDI DC 4X2 L/16 XLS AT,2018,25500000
Ford,RANGER,3.2 TDI DC 4X2 L/16 XLS AT,2017,24500000
Ford,RANGER,3.2 TDI DC 4X2 L/16 XLS AT,2016,23500000
Ford,RANGER,3.2 TDI DC 4X2 L/16 XLT,2019,26700000
Ford,RANGER,3.2 TDI DC 4X2 L/16 XLT,2018,25500000
Ford,RANGER,3.2 TDI DC 4X2 L/16 XLT,2017,24500000
Ford,RANGER,3.2 TDI DC 4X2 L/16 XLT,2016,23500000
Ford,RANGER,3.2 TDI DC 4X2 L/16 XLT AT,2019,27500000
Ford,RANGER,3.2 TDI DC 4X2 L/16 XLT AT,2018,26300000
Ford,RANGER,3.2 TDI DC 4X2 L/16 XLT AT,2017,25300000
Ford,RANGER,3.2 TDI DC 4X2 L/16 XLT AT,2016,24300000
Ford,RANGER,3.2 TDI DC 4X2 L/19 XLS,2023,35000000
Ford,RANGER,3.2 TDI DC 4X2 L/19 XLS,2022,33000000
Ford,RANGER,3.2 TDI DC 4X2 L/19 XLS,2021,31000000
Ford,RANGER,3.2 TDI DC 4X2 L/19 XLS,2020,29000000
Ford,RANGER,3.2 TDI DC 4X2 L/19 XLS,2019,27000000
Ford,RANGER,3.2 TDI DC 4X2 L/19 XLS AT,2021,32000000
Ford,RANGER,3.2 TDI DC 4X2 L/19 XLS AT,2020,30000000
Ford,RANGER,3.2 TDI DC 4X2 L/19 XLS AT,2019,28000000
Ford,RANGER,3.2 TDI DC 4X2 L/19 XLT,2023,37000000
Ford,RANGER,3.2 TDI DC 4X2 L/19 XLT,2022,35000000
Ford,RANGER,3.2 TDI DC 4X2 L/19 XLT,2021,33000000
Ford,RANGER,3.2 TDI DC 4X2 L/19 XLT,2020,31000000
Ford,RANGER,3.2 TDI DC 4X2 L/19 XLT,2019,29000000
Ford,RANGER,3.2 TDI DC 4X2 L/19 XLT AT,2023,38000000
Ford,RANGER,3.2 TDI DC 4X2 L/19 XLT AT,2022,36000000
Ford,RANGER,3.2 TDI DC 4X2 L/19 XLT AT,2021,34000000
Ford,RANGER,3.2 TDI DC 4X2 L/19 XLT AT,2020,32000000
Ford,RANGER,3.2 TDI DC 4X2 L/19 XLT AT,2019,30000000
Ford,RANGER,3.2 TDI DC 4X4 L/12 XLS,2016,24400000
Ford,RANGER,3.2 TDI DC 4X4 L/12 XLS,2015,23700000
Ford,RANGER,3.2 TDI DC 4X4 L/12 XLS,2014,23100000
Ford,RANGER,3.2 TDI DC 4X4 L/12 XLS,2013,22400000
Ford,RANGER,3.2 TDI DC 4X4 L/12 XLS,2012,21900000
Ford,RANGER,3.2 TDI DC 4X4 L/12 XLT,2016,24900000
Ford,RANGER,3.2 TDI DC 4X4 L/12 XLT,2015,24200000
Ford,RANGER,3.2 TDI DC 4X4 L/12 XLT,2014,23600000
Ford,RANGER,3.2 TDI DC 4X4 L/12 XLT,2013,22900000
Ford,RANGER,3.2 TDI DC 4X4 L/12 XLT,2012,22400000
Ford,RANGER,3.2 TDI DC 4X4 L/12 XLT LIM,2016,25400000
Ford,RANGER,3.2 TDI DC 4X4 L/12 XLT LIM,2015,24700000
Ford,RANGER,3.2 TDI DC 4X4 L/12 XLT LIM,2014,24100000
Ford,RANGER,3.2 TDI DC 4X4 L/12 XLT LIM,2013,23400000
Ford,RANGER,3.2 TDI DC 4X4 L/12 XLT LIM,2012,22900000
Ford,RANGER,3.2 TDI DC 4X4 L/12 XLT LIM.AT,2016,25800000
Ford,RANGER,3.2 TDI DC 4X4 L/12 XLT LIM.AT,2015,25100000
Ford,RANGER,3.2 TDI DC 4X4 L/12 XLT LIM.AT,2014,24500000
Ford,RANGER,3.2 TDI DC 4X4 L/12 XLT LIM.AT,2013,23900000
Ford,RANGER,3.2 TDI DC 4X4 L/12 XLT LIM.AT,2012,23400000
Ford,RANGER,3.2 TDI DC 4X4 L/14 XLT AT,2016,25300000
Ford,RANGER,3.2 TDI DC 4X4 L/14 XLT AT,2015,24600000
Ford,RANGER,3.2 TDI DC 4X4 L/16 LTD,2019,30800000
Ford,RANGER,3.2 TDI DC 4X4 L/16 LTD,2018,29600000
Ford,RANGER,3.2 TDI DC 4X4 L/16 LTD,2017,28500000
Ford,RANGER,3.2 TDI DC 4X4 L/16 LTD,2016,27400000
Ford,RANGER,3.2 TDI DC 4X4 L/16 LTD AT,2019,31600000
Ford,RANGER,3.2 TDI DC 4X4 L/16 LTD AT,2018,30400000
Ford,RANGER,3.2 TDI DC 4X4 L/16 LTD AT,2017,29300000
Ford,RANGER,3.2 TDI DC 4X4 L/16 LTD AT,2016,28200000
Ford,RANGER,3.2 TDI DC 4X4 L/16 XLS,2019,28400000
Ford,RANGER,3.2 TDI DC 4X4 L/16 XLS,2018,27200000
Ford,RANGER,3.2 TDI DC 4X4 L/16 XLS,2017,26000000
Ford,RANGER,3.2 TDI DC 4X4 L/16 XLT,2019,29200000
Ford,RANGER,3.2 TDI DC 4X4 L/16 XLT,2018,28000000
Ford,RANGER,3.2 TDI DC 4X4 L/16 XLT,2017,26800000
Ford,RANGER,3.2 TDI DC 4X4 L/16 XLT,2016,25800000
Ford,RANGER,3.2 TDI DC 4X4 L/16 XLT AT,2019,30000000
Ford,RANGER,3.2 TDI DC 4X4 L/16 XLT AT,2018,28800000
Ford,RANGER,3.2 TDI DC 4X4 L/16 XLT AT,2017,27600000
Ford,RANGER,3.2 TDI DC 4X4 L/16 XLT AT,2016,26600000
Ford,RANGER,3.2 TDI DC 4X4 L/19 BLACK A,2021,39000000
Ford,RANGER,3.2 TDI DC 4X4 L/19 BLACK A,2020,37000000
Ford,RANGER,3.2 TDI DC 4X4 L/19 BLACK A,2019,35000000
Ford,RANGER,3.2 TDI DC 4X4 L/19 LTD,2021,37500000
Ford,RANGER,3.2 TDI DC 4X4 L/19 LTD,2020,35500000
Ford,RANGER,3.2 TDI DC 4X4 L/19 LTD,2019,33500000
Ford,RANGER,3.2 TDI DC 4X4 L/19 LTD AT,2023,43500000
Ford,RANGER,3.2 TDI DC 4X4 L/19 LTD AT,2022,40500000
Ford,RANGER,3.2 TDI DC 4X4 L/19 LTD AT,2021,38500000
Ford,RANGER,3.2 TDI DC 4X4 L/19 LTD AT,2020,36500000
Ford,RANGER,3.2 TDI DC 4X4 L/19 LTD AT,2019,34500000
Ford,RANGER,3.2 TDI DC 4X4 L/19 XLS,2023,38500000
Ford,RANGER,3.2 TDI DC 4X4 L/19 XLS,2022,35500000
Ford,RANGER,3.2 TDI DC 4X4 L/19 XLS,2021,33500000
Ford,RANGER,3.2 TDI DC 4X4 L/19 XLS,2020,31500000
Ford,RANGER,3.2 TDI DC 4X4 L/19 XLS,2019,29500000
Ford,RANGER,3.2 TDI DC 4X4 L/19 XLT,2023,40500000
Ford,RANGER,3.2 TDI DC 4X4 L/19 XLT,2022,37500000
Ford,RANGER,3.2 TDI DC 4X4 L/19 XLT,2021,35500000
Ford,RANGER,3.2 TDI DC 4X4 L/19 XLT,2020,33500000
Ford,RANGER,3.2 TDI DC 4X4 L/19 XLT,2019,31500000
Ford,RANGER,3.2 TDI DC 4X4 L/19 XLT AT,2023,41500000
Ford,RANGER,3.2 TDI DC 4X4 L/19 XLT AT,2022,38500000
Ford,RANGER,3.2 TDI DC 4X4 L/19 XLT AT,2021,36500000
Ford,RANGER,3.2 TDI DC 4X4 L/19 XLT AT,2020,34500000
Ford,RANGER,3.2 TDI DC 4X4 L/19 XLT AT,2019,32500000
Ford,RANGER,3.2 TDI DC 4X4 L/19 FX4 AT,2023,44000000
Ford,RANGER,3.2 TDI DC 4X4 L/19 FX4 AT,2022,41000000
Ford,S-MAX,1.8 TREND TDCI,2012,13800000
Ford,S-MAX,1.8 TREND TDCI,2011,13300000
Ford,S-MAX,1.8 TREND TDCI,2010,12800000
Ford,S-MAX,1.8 TREND TDCI,2009,12300000
Ford,S-MAX,1.8 TREND TDCI,2008,11800000
Ford,S-MAX,2.0 TREND,2015,15200000
Ford,S-MAX,2.0 TREND,2014,14700000
Ford,S-MAX,2.0 TREND,2013,14200000
Ford,S-MAX,2.0 TREND,2012,13700000
Ford,S-MAX,2.0 TREND,2011,13200000
Ford,S-MAX,2.0 TREND,2010,12700000
Ford,S-MAX,2.0T TREND AUT,2019,27450000
Ford,S-MAX,2.0T TREND AUT,2018,26450000
Ford,S-MAX,2.0T TREND AUT,2017,25450000
Ford,S-MAX,2.0T TITANIUM AUT,2019,28450000
Ford,S-MAX,2.0T TITANIUM AUT,2018,27450000
Ford,S-MAX,2.0T TITANIUM AUT,2017,26450000
Ford,S-MAX,2.3 TITANIUM AUT,2015,16200000
Ford,S-MAX,2.3 TITANIUM AUT,2014,15700000
Ford,S-MAX,2.3 TITANIUM AUT,2013,15200000
Ford,S-MAX,2.3 TITANIUM AUT,2012,14700000
Ford,S-MAX,2.3 TITANIUM AUT,2011,14200000
Ford,S-MAX,2.3 TITANIUM AUT,2010,13700000
Ford,S-MAX,2.3 TITANIUM AUT,2009,13200000
Ford,S-MAX,2.3 TITANIUM AUT,2008,12700000
Ford,TERRITORY,1.5T SEL/TREND,2023,34500000
Ford,TERRITORY,1.5T SEL/TREND,2022,33500000
Ford,TERRITORY,1.5T SEL/TREND,2021,32500000
Ford,TERRITORY,1.5T SEL/TREND,2020,31500000
Ford,TERRITORY,1.5T TITANIUM,2023,36500000
Ford,TERRITORY,1.5T TITANIUM,2022,35500000
Ford,TERRITORY,1.5T TITANIUM,2021,34500000
Ford,TERRITORY,1.5T TITANIUM,2020,33500000
Ford,TERRITORY,1.5T TREND HIBRIDA,2026,54469000
Ford,TERRITORY,1.5T TREND HIBRIDA,2025,44700000
Ford,TERRITORY,1.8T PLATINUM,2026,60850000
Ford,TERRITORY,1.8T SEL,2025,40000000
Ford,TERRITORY,1.8T SEL,2024,38000000
Ford,TERRITORY,1.8T SEL,2023,36000000
Ford,TERRITORY,1.8T SEL L/25,2026,48862000
Ford,TERRITORY,1.8T SEL L/25,2025,41900000
Ford,TERRITORY,1.8T TITANIUM,2025,46700000
Ford,TERRITORY,1.8T TITANIUM,2024,44700000
Ford,TERRITORY,1.8T TITANIUM,2023,42700000
Ford,TERRITORY,1.8T TITANIUM L/25,2026,56908000
Ford,TERRITORY,1.8T TITANIUM L/25,2025,48600000
Ford,TRANSIT,2.0 TDI CHASIS,2025,53000000
Ford,TRANSIT,2.0 TDI CHASIS,2024,50000000
Ford,TRANSIT,2.0 TDI CHASIS,2023,47000000
Ford,TRANSIT,2.0 TDI CHASIS L/25,2026,75345000
Ford,TRANSIT,2.0 TDI CHASIS L/25,2025,55500000
Ford,TRANSIT,2.0 TDI FURGON LARGO TE AUT,2025,56500000
Ford,TRANSIT,2.0 TDI FURGON LARGO TE AUT,2024,53500000
Ford,TRANSIT,2.0 TDI FURGON LARGO TE AUT,2023,50500000
Ford,TRANSIT,2.0 TDI FURGON LARGO TE L/25,2026,77467000
Ford,TRANSIT,2.0 TDI FURGON LARGO TE L/25,2025,57500000
Ford,TRANSIT,2.0 TDI FURGON LARGO TE AUT L/25,2026,81738000
Ford,TRANSIT,2.0 TDI FURGON LARGO TE AUT L/25,2025,59500000
Ford,TRANSIT,2.0 TDI FURGON MEDIO L/25,2026,68329000
Ford,TRANSIT,2.0 TDI FURGON MEDIO L/25,2025,50500000
Ford,TRANSIT,2.0 TDI FURGON MEDIO TE AUT,2026,76028000
Ford,TRANSIT,2.0 TDI FURGON MEDIO TE L/25,2026,72076000
Ford,TRANSIT,2.0 TDI FURGON MEDIO TE L/25,2025,52500000
Ford,TRANSIT,2.0 TDI MINIBUS 17+1,2025,68000000
Ford,TRANSIT,2.0 TDI MINIBUS 17+1,2024,65500000
Ford,TRANSIT,2.0 TDI MINIBUS 17+1,2023,63000000
Ford,TRANSIT,2.0 TDI MINIBUS 17+1 AUT,2025,69000000
Ford,TRANSIT,2.0 TDI MINIBUS 17+1 AUT,2024,66500000
Ford,TRANSIT,2.0 TDI MINIBUS 17+1 AUT,2023,64000000
Ford,TRANSIT,2.0 TDI MINIBUS 17+1 L/25,2026,95220000
Ford,TRANSIT,2.0 TDI MINIBUS 17+1 L/25,2025,71000000
Ford,TRANSIT,2.0 TDI MINIBUS 17+1 AUT L/25,2026,100807000
Ford,TRANSIT,2.0 TDI MINIBUS 17+1 AUT L/25,2025,73000000
Ford,TRANSIT,2.2 TDI CHASIS,2015,25400000
Ford,TRANSIT,2.2 TDI CHASIS,2014,24400000
Ford,TRANSIT,2.2 TDI CHASIS,2013,23400000
Ford,TRANSIT,2.2 TDI CHASIS,2012,22600000
Ford,TRANSIT,2.2 TDI CHASIS AA,2015,25500000
Ford,TRANSIT,2.2 TDI CHASIS AA,2014,24500000
Ford,TRANSIT,2.2 TDI CHASIS AA,2013,23500000
Ford,TRANSIT,2.2 TDI CHASIS AA,2012,22700000
Ford,TRANSIT,2.2 TDI CHASIS L/15,2020,33400000
Ford,TRANSIT,2.2 TDI CHASIS L/15,2019,32200000
Ford,TRANSIT,2.2 TDI CHASIS L/15,2018,31000000
Ford,TRANSIT,2.2 TDI CHASIS L/15,2017,30000000
Ford,TRANSIT,2.2 TDI CHASIS L/15,2016,29000000
Ford,TRANSIT,2.2 TDI CHASIS L/15,2015,28000000
Ford,TRANSIT,2.2 TDI CHASIS L/15,2014,27000000
Ford,TRANSIT,2.2 TDI CHASIS L/20,2022,38300000
Ford,TRANSIT,2.2 TDI CHASIS L/20,2021,36700000
Ford,TRANSIT,2.2 TDI CHASIS L/20,2020,35200000
Ford,TRANSIT,2.2 TDI CHASIS L/22,2023,42000000
Ford,TRANSIT,2.2 TDI CHASIS L/22,2022,40000000
Ford,TRANSIT,2.2 TDI FURGON CORTO,2015,26000000
Ford,TRANSIT,2.2 TDI FURGON CORTO,2014,25000000
Ford,TRANSIT,2.2 TDI FURGON CORTO,2013,24000000
Ford,TRANSIT,2.2 TDI FURGON CORTO,2012,23200000
Ford,TRANSIT,2.2 TDI FURGON CORTO AA,2015,26100000
Ford,TRANSIT,2.2 TDI FURGON CORTO AA,2014,25100000
Ford,TRANSIT,2.2 TDI FURGON CORTO AA,2013,24100000
Ford,TRANSIT,2.2 TDI FURGON CORTO AA,2012,23300000
Ford,TRANSIT,2.2 TDI FURGON L2H2 L/18,2020,36200000
Ford,TRANSIT,2.2 TDI FURGON L2H2 L/18,2019,34700000
Ford,TRANSIT,2.2 TDI FURGON L2H2 L/18,2018,33200000
Ford,TRANSIT,2.2 TDI FURGON LARGO,2015,28000000
Ford,TRANSIT,2.2 TDI FURGON LARGO,2014,27000000
Ford,TRANSIT,2.2 TDI FURGON LARGO,2013,26000000
Ford,TRANSIT,2.2 TDI FURGON LARGO,2012,25000000
Ford,TRANSIT,2.2 TDI FURGON LARGO AA,2015,28100000
Ford,TRANSIT,2.2 TDI FURGON LARGO AA,2014,27100000
Ford,TRANSIT,2.2 TDI FURGON LARGO AA,2013,26100000
Ford,TRANSIT,2.2 TDI FURGON LARGO AA,2012,25100000
Ford,TRANSIT,2.2 TDI FURGON LARGO L/15,2020,37200000
Ford,TRANSIT,2.2 TDI FURGON LARGO L/15,2019,35700000
Ford,TRANSIT,2.2 TDI FURGON LARGO L/15,2018,34200000
Ford,TRANSIT,2.2 TDI FURGON LARGO L/15,2017,32700000
Ford,TRANSIT,2.2 TDI FURGON LARGO L/15,2016,31200000
Ford,TRANSIT,2.2 TDI FURGON LARGO L/15,2015,29700000
Ford,TRANSIT,2.2 TDI FURGON LARGO L/15,2014,28500000
Ford,TRANSIT,2.2 TDI FURGON LARGO L/20 TE,2022,42300000
Ford,TRANSIT,2.2 TDI FURGON LARGO L/20 TE,2021,40700000
Ford,TRANSIT,2.2 TDI FURGON LARGO L/20 TE,2020,39200000
Ford,TRANSIT,2.2 TDI FURGON LARGO L/22 TE,2025,51500000
Ford,TRANSIT,2.2 TDI FURGON LARGO L/22 TE,2024,48500000
Ford,TRANSIT,2.2 TDI FURGON LARGO L/22 TE,2023,46500000
Ford,TRANSIT,2.2 TDI FURGON LARGO L/22 TE,2022,44500000
Ford,TRANSIT,2.2 TDI FURGON MEDIO L/15,2020,33900000
Ford,TRANSIT,2.2 TDI FURGON MEDIO L/15,2019,32700000
Ford,TRANSIT,2.2 TDI FURGON MEDIO L/15,2018,31500000
Ford,TRANSIT,2.2 TDI FURGON MEDIO L/15,2017,30500000
Ford,TRANSIT,2.2 TDI FURGON MEDIO L/15,2016,29500000
Ford,TRANSIT,2.2 TDI FURGON MEDIO L/15,2015,28500000
Ford,TRANSIT,2.2 TDI FURGON MEDIO L/15,2014,27500000
Ford,TRANSIT,2.2 TDI FURGON MEDIO L/20,2022,38700000
Ford,TRANSIT,2.2 TDI FURGON MEDIO L/20,2021,37200000
Ford,TRANSIT,2.2 TDI FURGON MEDIO L/20,2020,35700000
Ford,TRANSIT,2.2 TDI FURGON MEDIO L/20 TE,2022,40500000
Ford,TRANSIT,2.2 TDI FURGON MEDIO L/20 TE,2021,39000000
Ford,TRANSIT,2.2 TDI FURGON MEDIO L/20 TE,2020,37500000
Ford,TRANSIT,2.2 TDI FURGON MEDIO L/22,2025,47500000
Ford,TRANSIT,2.2 TDI FURGON MEDIO L/22,2024,44500000
Ford,TRANSIT,2.2 TDI FURGON MEDIO L/22,2023,42500000
Ford,TRANSIT,2.2 TDI FURGON MEDIO L/22,2022,40500000
Ford,TRANSIT,2.2 TDI FURGON MEDIO L/22 TE,2025,49500000
Ford,TRANSIT,2.2 TDI FURGON MEDIO L/22 TE,2024,46500000
Ford,TRANSIT,2.2 TDI FURGON MEDIO L/22 TE,2023,44500000
Ford,TRANSIT,2.2 TDI FURGON MEDIO L/22 TE,2022,42500000
Ford,TRANSIT,2.2 TDI MINIBUS,2015,30000000
Ford,TRANSIT,2.2 TDI MINIBUS,2014,29000000
Ford,TRANSIT,2.2 TDI MINIBUS,2013,28000000
Ford,TRANSIT,2.2 TDI MINIBUS,2012,27000000
Ford,TRANSIT,2.2 TDI MINIBUS L/15,2015,31000000
Ford,TRANSIT,2.2 TDI MINIBUS L/15,2014,30000000
Ford,TRANSIT,2.2 TDI MINIBUS 17+1 L/18,2020,43000000
Ford,TRANSIT,2.2 TDI MINIBUS 17+1 L/18,2019,41000000
Ford,TRANSIT,2.2 TDI MINIBUS 17+1 L/18,2018,39000000
Ford,TRANSIT,2.2 TDI MINIBUS L/20,2022,51000000
Ford,TRANSIT,2.2 TDI MINIBUS L/20,2021,48000000
Ford,TRANSIT,2.2 TDI MINIBUS L/20,2020,45000000
Ford,TRANSIT,2.2 TDI MINIBUS L/22,2023,56000000
Ford,TRANSIT,2.2 TDI MINIBUS L/22,2022,53000000
Ford,TRANSIT,2.4 TDI FURGON CORTO,2012,21000000
Ford,TRANSIT,2.4 TDI FURGON CORTO,2011,20000000
Ford,TRANSIT,2.4 TDI FURGON CORTO AA,2012,21100000
Ford,TRANSIT,2.4 TDI FURGON CORTO AA,2011,20100000
Ford,TRANSIT,2.4 TDI FURGON LARGO,2012,22500000
Ford,TRANSIT,2.4 TDI FURGON LARGO,2011,21500000
Ford,TRANSIT,2.4 TDI FURGON LARGO AA,2012,22600000
Ford,TRANSIT,2.4 TDI FURGON LARGO AA,2011,21600000
Ford,TRANSIT,2.4 TDI MINIBUS,2012,24500000
Ford,TRANSIT,2.4 TDI MINIBUS,2011,23500000
Ford,TRANSIT,E CHASIS,2026,134266000
Ford,TRANSIT,E CHASIS,2025,64000000
Ford,TRANSIT,E CHASIS,2024,59000000
Ford,TRANSIT,E FURGON LARGO TE,2026,140622000
Ford,TRANSIT,E FURGON LARGO TE,2025,69000000
Ford,TRANSIT,E FURGON LARGO TE,2024,64000000
Ford,TRANSIT,E FURGON MEDIO TE,2026,134146000
Ford,TRANSIT,E FURGON MEDIO TE,2025,66000000
Ford,TRANSIT,E FURGON MEDIO TE,2024,61000000
Ford,TRANSIT,E FURGON MEDIO TN,2026,129644000
Ford,TRANSIT,E FURGON MEDIO TN,2025,63000000
Ford,TRANSIT,E FURGON MEDIO TN,2024,58000000
Ford Camiones,CARGO,712/28 E,2012,42185000
Ford Camiones,CARGO,712/28 E,2011,41165000
Ford Camiones,CARGO,712/28 E,2010,40245000
Ford Camiones,CARGO,712/28 E,2009,39100000
Ford Camiones,CARGO,712/28 E,2008,38185000
Ford Camiones,CARGO,712/28 E,2007,37385000
Ford Camiones,CARGO,712/39 E,2012,42575000
Ford Camiones,CARGO,712/39 E,2011,41655000
Ford Camiones,CARGO,712/39 E,2010,40535000
Ford Camiones,CARGO,712/39 E,2009,39495000
Ford Camiones,CARGO,712/39 E,2008,38545000
Ford Camiones,CARGO,712/39 E,2007,37520000
Ford Camiones,CARGO,722/43,2011,41865000
Ford Camiones,CARGO,915,2007,39315000
Ford Camiones,CARGO,915 E,2017,55725000
Ford Camiones,CARGO,915 E,2016,53185000
Ford Camiones,CARGO,915 E,2015,52485000
Ford Camiones,CARGO,915 E,2014,49985000
Ford Camiones,CARGO,915 E,2013,49645000
Ford Camiones,CARGO,915 E,2012,48455000
Ford Camiones,CARGO,915 E,2011,46925000
Ford Camiones,CARGO,915 E,2010,45745000
Ford Camiones,CARGO,915 E,2009,44505000
Ford Camiones,CARGO,915 E,2008,42350000
Ford Camiones,CARGO,915 E,2007,41155000
Ford Camiones,CARGO,916 EV,2021,62735000
Ford Camiones,CARGO,916 EV,2020,61315000
Ford Camiones,CARGO,916 EV,2019,60605000
Ford Camiones,CARGO,916 EV,2018,57035000
Ford Camiones,CARGO,916 EV,2017,56485000
Ford Camiones,CARGO,916 EV,2016,54385000
Ford Camiones,CARGO,1119/39 EV,2021,63355000
Ford Camiones,CARGO,1119/39 EV,2020,61715000
Ford Camiones,CARGO,1119/39 EV,2019,60075000
Ford Camiones,CARGO,1119/39 EV,2018,57385000
Ford Camiones,CARGO,1119/39 EV,2017,56455000
Ford Camiones,CARGO,1119/39 EV,2016,55265000
Ford Camiones,CARGO,1119/42 EV,2021,63745000
Ford Camiones,CARGO,1119/42 EV,2020,62125000
Ford Camiones,CARGO,1119/42 EV,2019,60485000
Ford Camiones,CARGO,1119/42 EV,2018,58795000
Ford Camiones,CARGO,1119/42 EV,2017,57045000
Ford Camiones,CARGO,1119/42 EV,2016,55645000
Ford Camiones,CARGO,1317/48,2007,39755000
Ford Camiones,CARGO,1317/48 E,2012,48965000
Ford Camiones,CARGO,1317/48 E,2011,46645000
Ford Camiones,CARGO,1317/48 E,2010,45405000
Ford Camiones,CARGO,1317/48 E,2009,44315000
Ford Camiones,CARGO,1317/48 E,2008,42915000
Ford Camiones,CARGO,1317/48 E,2007,41805000
Ford Camiones,CARGO,1517/35,2007,42905000
Ford Camiones,CARGO,1517/36 E,2017,61815000
Ford Camiones,CARGO,1517/36 E,2016,60245000
Ford Camiones,CARGO,1517/36 E,2015,57595000
Ford Camiones,CARGO,1517/36 E,2014,55995000
Ford Camiones,CARGO,1517/36 E,2013,54365000
Ford Camiones,CARGO,1517/36 E,2012,52535000
Ford Camiones,CARGO,1517/36 E,2011,50585000
Ford Camiones,CARGO,1517/36 E,2010,49365000
Ford Camiones,CARGO,1517/36 E,2009,47525000
Ford Camiones,CARGO,1517/36 E,2008,46485000
Ford Camiones,CARGO,1517/36 E,2007,44865000
Ford Camiones,CARGO,1517/48,2007,44150000
Ford Camiones,CARGO,1517/48 E,2017,62625000
Ford Camiones,CARGO,1517/48 E,2016,60995000
Ford Camiones,CARGO,1517/48 E,2015,58700000
Ford Camiones,CARGO,1517/48 E,2014,57455000
Ford Camiones,CARGO,1517/48 E,2013,55565000
Ford Camiones,CARGO,1517/48 E,2012,53645000
Ford Camiones,CARGO,1517/48 E,2011,52445000
Ford Camiones,CARGO,1517/48 E,2010,51200000
Ford Camiones,CARGO,1517/48 E,2009,50000000
Ford Camiones,CARGO,1517/48 E,2008,49650000
Ford Camiones,CARGO,1517/48 E,2007,47200000
Ford Camiones,CARGO,1519/35 EV,2021,72885000
Ford Camiones,CARGO,1519/35 EV,2020,70615000
Ford Camiones,CARGO,1519/35 EV,2019,68610000
Ford Camiones,CARGO,1519/35 EV,2018,66485000
Ford Camiones,CARGO,1519/35 EV,2017,64355000
Ford Camiones,CARGO,1519/35 EV,2016,62675000
Ford Camiones,CARGO,1519/48 EV,2021,72935000
Ford Camiones,CARGO,1519/48 EV,2020,70765000
Ford Camiones,CARGO,1519/48 EV,2019,68655000
Ford Camiones,CARGO,1519/48 EV,2018,66615000
Ford Camiones,CARGO,1519/48 EV,2017,64625000
Ford Camiones,CARGO,1519/48 EV,2016,62705000
Ford Camiones,CARGO,1722/35,2008,49825000
Ford Camiones,CARGO,1722/35,2007,48025000
Ford Camiones,CARGO,1722/37 E,2017,67450000
Ford Camiones,CARGO,1722/37 E,2016,65850000
Ford Camiones,CARGO,1722/37 E,2015,64165000
Ford Camiones,CARGO,1722/37 E,2014,62595000
Ford Camiones,CARGO,1722/37 E,2013,61000000
Ford Camiones,CARGO,1722/37 E,2012,59555000
Ford Camiones,CARGO,1722/37 E,2011,58655000
Ford Camiones,CARGO,1722/37 E,2010,56535000
Ford Camiones,CARGO,1722/37 E,2009,55315000
Ford Camiones,CARGO,1722/37 E,2008,54115000
Ford Camiones,CARGO,1722/37 E,2007,51995000
Ford Camiones,CARGO,1722/37 E CD,2017,67855000
Ford Camiones,CARGO,1722/37 E CD,2016,66105000
Ford Camiones,CARGO,1722/37 E CD,2015,64750000
Ford Camiones,CARGO,1722/37 E CD,2014,62995000
Ford Camiones,CARGO,1722/37 E CD,2013,61375000
Ford Camiones,CARGO,1722/37 E CD,2012,59665000
Ford Camiones,CARGO,1722/37 E CD,2011,58855000
Ford Camiones,CARGO,1722/43,2007,51475000
Ford Camiones,CARGO,1722/43 E,2017,68555000
Ford Camiones,CARGO,1722/43 E,2016,66865000
Ford Camiones,CARGO,1722/43 E,2015,65155000
Ford Camiones,CARGO,1722/43 E,2014,64545000
Ford Camiones,CARGO,1722/43 E,2013,62005000
Ford Camiones,CARGO,1722/43 E,2012,60585000
Ford Camiones,CARGO,1722/43 E,2011,59545000
Ford Camiones,CARGO,1722/43 E,2010,57765000
Ford Camiones,CARGO,1722/43 E,2009,56325000
Ford Camiones,CARGO,1722/43 E,2008,55145000
Ford Camiones,CARGO,1722/43 E,2007,52615000
Ford Camiones,CARGO,1722/43 E CD,2017,69125000
Ford Camiones,CARGO,1722/43 E CD,2016,67355000
Ford Camiones,CARGO,1722/43 E CD,2015,65765000
Ford Camiones,CARGO,1722/43 E CD,2014,64155000
Ford Camiones,CARGO,1722/43 E CD,2013,62500000
Ford Camiones,CARGO,1722/43 E CD,2012,61085000
Ford Camiones,CARGO,1722/43 E CD,2011,60045000
Ford Camiones,CARGO,1722/48,2007,51700000
Ford Camiones,CARGO,1722/48 E,2017,68045000
Ford Camiones,CARGO,1722/48 E,2016,66445000
Ford Camiones,CARGO,1722/48 E,2015,64800000
Ford Camiones,CARGO,1722/48 E,2014,63165000
Ford Camiones,CARGO,1722/48 E,2013,61405000
Ford Camiones,CARGO,1722/48 E,2012,60075000
Ford Camiones,CARGO,1722/48 E,2011,58265000
Ford Camiones,CARGO,1722/48 E,2010,57295000
Ford Camiones,CARGO,1722/48 E,2009,55925000
Ford Camiones,CARGO,1722/48 E,2008,53185000
Ford Camiones,CARGO,1722/48 E,2007,51945000
Ford Camiones,CARGO,1722/48 E 6X2,2012,61675000
Ford Camiones,CARGO,1722/48 E 6X2,2011,59845000
Ford Camiones,CARGO,1722/48 E 6X2,2010,58745000
Ford Camiones,CARGO,1722/48 E CD,2017,68495000
Ford Camiones,CARGO,1722/48 E CD,2016,65945000
Ford Camiones,CARGO,1722/48 E CD,2015,65215000
Ford Camiones,CARGO,1722/48 E CD,2014,63595000
Ford Camiones,CARGO,1722/48 E CD,2013,61975000
Ford Camiones,CARGO,1722/48 E CD,2012,60675000
Ford Camiones,CARGO,1722/48 E CD,2011,59165000
Ford Camiones,CARGO,1722/53 E 6X2,2012,60685000
Ford Camiones,CARGO,1722/53 E 6X2,2011,60065000
Ford Camiones,CARGO,1722/53 E 6X2,2010,58865000
Ford Camiones,CARGO,1723/37 EV 4X2,2021,86800000
Ford Camiones,CARGO,1723/37 EV 4X2,2020,83785000
Ford Camiones,CARGO,1723/37 EV 4X2,2019,81745000
Ford Camiones,CARGO,1723/37 EV 4X2,2018,79750000
Ford Camiones,CARGO,1723/37 EV 4X2,2017,76995000
Ford Camiones,CARGO,1723/37 EV 4X2,2016,76085000
Ford Camiones,CARGO,1723/37 EV 4X2 AUT,2021,86810000
Ford Camiones,CARGO,1723/37 EV 4X2 AUT,2020,84805000
Ford Camiones,CARGO,1723/37 EV 4X2 AUT,2019,82810000
Ford Camiones,CARGO,1723/37 EV 4X2 AUT,2018,80805000
Ford Camiones,CARGO,1723/37 EV 4X2 AUT,2017,78715000
Ford Camiones,CARGO,1723/37 EV 4X2 AUT,2016,77065000
Ford Camiones,CARGO,1723/37 EV 4X2 CD,2021,86225000
Ford Camiones,CARGO,1723/37 EV 4X2 CD,2020,84175000
Ford Camiones,CARGO,1723/37 EV 4X2 CD,2019,82125000
Ford Camiones,CARGO,1723/37 EV 4X2 CD,2018,80125000
Ford Camiones,CARGO,1723/37 EV 4X2 CD,2017,78750000
Ford Camiones,CARGO,1723/37 EV 4X2 CD,2016,76965000
Ford Camiones,CARGO,1723/37 EV 4X2 CD AUT,2021,87195000
Ford Camiones,CARGO,1723/37 EV 4X2 CD AUT,2020,86200000
Ford Camiones,CARGO,1723/37 EV 4X2 CD AUT,2019,84165000
Ford Camiones,CARGO,1723/37 EV 4X2 CD AUT,2018,82365000
Ford Camiones,CARGO,1723/37 EV 4X2 CD AUT,2017,80355000
Ford Camiones,CARGO,1723/37 EV 4X2 CD AUT,2016,78600000
Ford Camiones,CARGO,1723/43 EV 4X2,2021,87215000
Ford Camiones,CARGO,1723/43 EV 4X2,2020,84195000
Ford Camiones,CARGO,1723/43 EV 4X2,2019,82180000
Ford Camiones,CARGO,1723/43 EV 4X2,2018,80145000
Ford Camiones,CARGO,1723/43 EV 4X2,2017,78250000
Ford Camiones,CARGO,1723/43 EV 4X2,2016,76615000
Ford Camiones,CARGO,1723/43 EV 4X2 AUT,2021,88245000
Ford Camiones,CARGO,1723/43 EV 4X2 AUT,2020,85205000
Ford Camiones,CARGO,1723/43 EV 4X2 AUT,2019,83195000
Ford Camiones,CARGO,1723/43 EV 4X2 AUT,2018,81175000
Ford Camiones,CARGO,1723/43 EV 4X2 AUT,2017,79345000
Ford Camiones,CARGO,1723/43 EV 4X2 AUT,2016,77500000
Ford Camiones,CARGO,1723/43 EV 4X2 CD,2021,87965000
Ford Camiones,CARGO,1723/43 EV 4X2 CD,2020,85605000
Ford Camiones,CARGO,1723/43 EV 4X2 CD,2019,84625000
Ford Camiones,CARGO,1723/43 EV 4X2 CD,2018,82565000
Ford Camiones,CARGO,1723/43 EV 4X2 CD,2017,80755000
Ford Camiones,CARGO,1723/43 EV 4X2 CD,2016,78065000
Ford Camiones,CARGO,1723/43 EV 4X2 CD AUT,2021,88645000
Ford Camiones,CARGO,1723/43 EV 4X2 CD AUT,2020,85935000
Ford Camiones,CARGO,1723/43 EV 4X2 CD AUT,2019,83295000
Ford Camiones,CARGO,1723/43 EV 4X2 CD AUT,2018,80745000
Ford Camiones,CARGO,1723/43 EV 4X2 CD AUT,2017,78255000
Ford Camiones,CARGO,1723/43 EV 4X2 CD AUT,2016,75855000
Ford Camiones,CARGO,1723/48 EV 4X2,2021,87835000
Ford Camiones,CARGO,1723/48 EV 4X2,2020,85800000
Ford Camiones,CARGO,1723/48 EV 4X2,2019,84850000
Ford Camiones,CARGO,1723/48 EV 4X2,2018,81655000
Ford Camiones,CARGO,1723/48 EV 4X2,2017,79890000
Ford Camiones,CARGO,1723/48 EV 4X2,2016,77920000
Ford Camiones,CARGO,1723/48 EV 4X2 AUT,2021,88845000
Ford Camiones,CARGO,1723/48 EV 4X2 AUT,2020,86815000
Ford Camiones,CARGO,1723/48 EV 4X2 AUT,2019,85820000
Ford Camiones,CARGO,1723/48 EV 4X2 AUT,2018,83700000
Ford Camiones,CARGO,1723/48 EV 4X2 AUT,2017,80950000
Ford Camiones,CARGO,1723/48 EV 4X2 AUT,2016,79165000
Ford Camiones,CARGO,1723/48 EV 4X2 CD,2021,88265000
Ford Camiones,CARGO,1723/48 EV 4X2 CD,2020,86265000
Ford Camiones,CARGO,1723/48 EV 4X2 CD,2019,84195000
Ford Camiones,CARGO,1723/48 EV 4X2 CD,2018,82185000
Ford Camiones,CARGO,1723/48 EV 4X2 CD,2017,80315000
Ford Camiones,CARGO,1723/48 EV 4X2 CD,2016,79485000
Ford Camiones,CARGO,1723/48 EV 4X2 CD AUT,2021,89265000
Ford Camiones,CARGO,1723/48 EV 4X2 CD AUT,2020,88125000
Ford Camiones,CARGO,1723/48 EV 4X2 CD AUT,2019,85220000
Ford Camiones,CARGO,1723/48 EV 4X2 CD AUT,2018,83175000
Ford Camiones,CARGO,1723/48 EV 4X2 CD AUT,2017,81450000
Ford Camiones,CARGO,1723/48 EV 4X2 CD AUT,2016,79555000
Ford Camiones,CARGO,1723/48 EV 6X2,2021,88945000
Ford Camiones,CARGO,1723/48 EV 6X2,2020,86815000
Ford Camiones,CARGO,1723/48 EV 6X2,2019,85725000
Ford Camiones,CARGO,1723/48 EV 6X2,2018,83805000
Ford Camiones,CARGO,1723/48 EV 6X2,2017,82465000
Ford Camiones,CARGO,1723/48 EV 6X2,2016,80155000
Ford Camiones,CARGO,1723/48 EV 6X2 AUT,2021,90750000
Ford Camiones,CARGO,1723/48 EV 6X2 AUT,2020,88095000
Ford Camiones,CARGO,1723/48 EV 6X2 AUT,2019,85785000
Ford Camiones,CARGO,1723/48 EV 6X2 AUT,2018,84800000
Ford Camiones,CARGO,1723/48 EV 6X2 AUT,2017,81950000
Ford Camiones,CARGO,1723/48 EV 6X2 AUT,2016,80155000
Ford Camiones,CARGO,1723/48 EV 6X2 CD,2021,90145000
Ford Camiones,CARGO,1723/48 EV 6X2 CD,2020,87215000
Ford Camiones,CARGO,1723/48 EV 6X2 CD,2019,85085000
Ford Camiones,CARGO,1723/48 EV 6X2 CD,2018,84195000
Ford Camiones,CARGO,1723/48 EV 6X2 CD,2017,82425000
Ford Camiones,CARGO,1723/48 EV 6X2 CD AUT,2021,90455000
Ford Camiones,CARGO,1723/48 EV 6X2 CD AUT,2020,87325000
Ford Camiones,CARGO,1723/48 EV 6X2 CD AUT,2019,85185000
Ford Camiones,CARGO,1723/48 EV 6X2 CD AUT,2018,84205000
Ford Camiones,CARGO,1723/48 EV 6X2 CD AUT,2017,82535000
Ford Camiones,CARGO,1723/53 EV 6X2,2021,90085000
Ford Camiones,CARGO,1723/53 EV 6X2,2020,87725000
Ford Camiones,CARGO,1723/53 EV 6X2,2019,85935000
Ford Camiones,CARGO,1723/53 EV 6X2,2018,84785000
Ford Camiones,CARGO,1723/53 EV 6X2,2017,82575000
Ford Camiones,CARGO,1723/53 EV 6X2,2016,80555000
Ford Camiones,CARGO,1723/53 EV 6X2 AUT,2021,90795000
Ford Camiones,CARGO,1723/53 EV 6X2 AUT,2020,88835000
Ford Camiones,CARGO,1723/53 EV 6X2 AUT,2019,87975000
Ford Camiones,CARGO,1723/53 EV 6X2 AUT,2018,85935000
Ford Camiones,CARGO,1723/53 EV 6X2 AUT,2017,82945000
Ford Camiones,CARGO,1723/53 EV 6X2 AUT,2016,81165000
Ford Camiones,CARGO,1723/53 EV 6X2 CD,2021,89355000
Ford Camiones,CARGO,1723/53 EV 6X2 CD,2020,87255000
Ford Camiones,CARGO,1723/53 EV 6X2 CD,2019,85735000
Ford Camiones,CARGO,1723/53 EV 6X2 CD,2018,83895000
Ford Camiones,CARGO,1723/53 EV 6X2 CD,2017,82265000
Ford Camiones,CARGO,1723/53 EV 6X2 CD AUT,2021,91865000
Ford Camiones,CARGO,1723/53 EV 6X2 CD AUT,2020,89285000
Ford Camiones,CARGO,1723/53 EV 6X2 CD AUT,2019,88155000
Ford Camiones,CARGO,1723/53 EV 6X2 CD AUT,2018,86550000
Ford Camiones,CARGO,1723/53 EV 6X2 CD AUT,2017,84685000
Ford Camiones,CARGO,1729/37 EV,2021,84125000
Ford Camiones,CARGO,1729/37 EV,2020,82505000
Ford Camiones,CARGO,1729/37 EV,2019,80815000
Ford Camiones,CARGO,1729/37 EV,2018,79165000
Ford Camiones,CARGO,1729/37 EV,2017,77545000
Ford Camiones,CARGO,1729/37 EV,2016,75950000
Ford Camiones,CARGO,1729/37 EV AUT,2021,88935000
Ford Camiones,CARGO,1729/37 EV AUT,2020,87755000
Ford Camiones,CARGO,1729/37 EV AUT,2019,84775000
Ford Camiones,CARGO,1729/37 EV AUT,2018,82875000
Ford Camiones,CARGO,1729/37 EV AUT,2017,80575000
Ford Camiones,CARGO,1729/37 EV AUT,2016,78255000
Ford Camiones,CARGO,1729/37 EV CD,2021,88250000
Ford Camiones,CARGO,1729/37 EV CD,2020,85185000
Ford Camiones,CARGO,1729/37 EV CD,2019,84165000
Ford Camiones,CARGO,1729/37 EV CD,2018,81865000
Ford Camiones,CARGO,1729/37 EV CD,2017,80400000
Ford Camiones,CARGO,1729/37 EV CD,2016,78525000
Ford Camiones,CARGO,1729/37 EV CD AUT,2021,92250000
Ford Camiones,CARGO,1729/37 EV CD AUT,2020,87215000
Ford Camiones,CARGO,1729/37 EV CD AUT,2019,85500000
Ford Camiones,CARGO,1729/37 EV CD AUT,2018,84205000
Ford Camiones,CARGO,1729/37 EV CD AUT,2017,81355000
Ford Camiones,CARGO,1729/37 EV CD AUT,2016,79525000
Ford Camiones,CARGO,1729/43 EV 4X2,2021,88250000
Ford Camiones,CARGO,1729/43 EV 4X2,2020,86245000
Ford Camiones,CARGO,1729/43 EV 4X2,2019,84195000
Ford Camiones,CARGO,1729/43 EV 4X2,2018,82235000
Ford Camiones,CARGO,1729/43 EV 4X2,2017,80345000
Ford Camiones,CARGO,1729/43 EV 4X2 AUT,2021,89245000
Ford Camiones,CARGO,1729/43 EV 4X2 AUT,2020,87235000
Ford Camiones,CARGO,1729/43 EV 4X2 AUT,2019,85175000
Ford Camiones,CARGO,1729/43 EV 4X2 AUT,2018,83185000
Ford Camiones,CARGO,1729/43 EV 4X2 AUT,2017,81315000
Ford Camiones,CARGO,1729/48 EV,2021,88925000
Ford Camiones,CARGO,1729/48 EV,2020,87845000
Ford Camiones,CARGO,1729/48 EV,2019,85815000
Ford Camiones,CARGO,1729/48 EV,2018,83805000
Ford Camiones,CARGO,1729/48 EV,2017,81295000
Ford Camiones,CARGO,1729/48 EV,2016,80355000
Ford Camiones,CARGO,1729/48 EV 6X2,2021,90775000
Ford Camiones,CARGO,1729/48 EV 6X2,2020,88855000
Ford Camiones,CARGO,1729/48 EV 6X2,2019,86820000
Ford Camiones,CARGO,1729/48 EV 6X2,2018,84865000
Ford Camiones,CARGO,1729/48 EV 6X2,2017,83025000
Ford Camiones,CARGO,1729/48 EV 6X2 AUT,2021,90865000
Ford Camiones,CARGO,1729/48 EV 6X2 AUT,2020,88845000
Ford Camiones,CARGO,1729/48 EV 6X2 AUT,2019,86835000
Ford Camiones,CARGO,1729/48 EV 6X2 AUT,2018,85825000
Ford Camiones,CARGO,1729/48 EV 6X2 AUT,2017,84065000
Ford Camiones,CARGO,1729/48 EV 6X2 CD,2021,90265000
Ford Camiones,CARGO,1729/48 EV 6X2 CD,2020,88245000
Ford Camiones,CARGO,1729/48 EV 6X2 CD,2019,85200000
Ford Camiones,CARGO,1729/48 EV 6X2 CD,2018,83405000
Ford Camiones,CARGO,1729/48 EV 6X2 CD,2017,82365000
Ford Camiones,CARGO,1729/48 EV 6X2 CD AUT,2021,91225000
Ford Camiones,CARGO,1729/48 EV 6X2 CD AUT,2020,89255000
Ford Camiones,CARGO,1729/48 EV 6X2 CD AUT,2019,87215000
Ford Camiones,CARGO,1729/48 EV 6X2 CD AUT,2018,85195000
Ford Camiones,CARGO,1729/48 EV 6X2 CD AUT,2017,84565000
Ford Camiones,CARGO,1729/48 EV AUT,2021,89845000
Ford Camiones,CARGO,1729/48 EV AUT,2020,87825000
Ford Camiones,CARGO,1729/48 EV AUT,2019,85785000
Ford Camiones,CARGO,1729/48 EV AUT,2018,84815000
Ford Camiones,CARGO,1729/48 EV AUT,2017,82285000
Ford Camiones,CARGO,1729/48 EV AUT,2016,80355000
Ford Camiones,CARGO,1729/48 EV CD,2021,89235000
Ford Camiones,CARGO,1729/48 EV CD,2020,87215000
Ford Camiones,CARGO,1729/48 EV CD,2019,86225000
Ford Camiones,CARGO,1729/48 EV CD,2018,83195000
Ford Camiones,CARGO,1729/48 EV CD,2017,81225000
Ford Camiones,CARGO,1729/48 EV CD,2016,79565000
Ford Camiones,CARGO,1729/48 EV CD AUT,2021,89985000
Ford Camiones,CARGO,1729/48 EV CD AUT,2020,88225000
Ford Camiones,CARGO,1729/48 EV CD AUT,2019,86225000
Ford Camiones,CARGO,1729/48 EV CD AUT,2018,84185000
Ford Camiones,CARGO,1729/48 EV CD AUT,2017,82065000
Ford Camiones,CARGO,1729/48 EV CD AUT,2016,80350000
Ford Camiones,CARGO,1729/53 EV 6X2 CD,2021,91065000
Ford Camiones,CARGO,1729/53 EV 6X2 CD,2020,90065000
Ford Camiones,CARGO,1729/53 EV 6X2 CD,2019,89065000
Ford Camiones,CARGO,1729/53 EV 6X2 CD,2018,87995000
Ford Camiones,CARGO,1729/53 EV 6X2 CS,2021,90645000
Ford Camiones,CARGO,1729/53 EV 6X2 CS,2020,88915000
Ford Camiones,CARGO,1729/53 EV 6X2 CS,2019,86615000
Ford Camiones,CARGO,1729/53 EV 6X2 CS,2018,85635000
Ford Camiones,CARGO,1730,2007,56495000
Ford Camiones,CARGO,1731/48 EV CD 6X2,2021,94500000
Ford Camiones,CARGO,1731/48 EV CD 6X2,2020,92525000
Ford Camiones,CARGO,1731/48 EV CD 6X2,2019,90515000
Ford Camiones,CARGO,1731/48 EV CD 6X2,2018,88455000
Ford Camiones,CARGO,1731/48 EV CS 6X2,2021,94095000
Ford Camiones,CARGO,1731/48 EV CS 6X2,2020,92065000
Ford Camiones,CARGO,1731/48 EV CS 6X2,2019,90055000
Ford Camiones,CARGO,1731/48 EV CS 6X2,2018,88055000
Ford Camiones,CARGO,1731/53 EV CD 6X2,2021,95115000
Ford Camiones,CARGO,1731/53 EV CD 6X2,2020,93785000
Ford Camiones,CARGO,1731/53 EV CD 6X2,2019,91085000
Ford Camiones,CARGO,1731/53 EV CD 6X2,2018,88955000
Ford Camiones,CARGO,1731/53 EV CS 6X2,2021,94700000
Ford Camiones,CARGO,1731/53 EV CS 6X2,2020,92685000
Ford Camiones,CARGO,1731/53 EV CS 6X2,2019,89575000
Ford Camiones,CARGO,1731/53 EV CS 6X2,2018,88635000
Ford Camiones,CARGO,1831/37,2007,59215000
Ford Camiones,CARGO,1832/37 E,2011,65285000
Ford Camiones,CARGO,1832/37 E,2010,63355000
Ford Camiones,CARGO,1832/37 E,2009,62035000
Ford Camiones,CARGO,1832/37 E,2008,60625000
Ford Camiones,CARGO,1832/37 E,2007,57915000
Ford Camiones,CARGO,1832/48 E,2011,65685000
Ford Camiones,CARGO,1832/48 E,2010,64985000
Ford Camiones,CARGO,1832/48 E,2009,62465000
Ford Camiones,CARGO,1832/48 E,2008,60900000
Ford Camiones,CARGO,1832/48 E,2007,59600000
Ford Camiones,CARGO,1932/37,2017,80875000
Ford Camiones,CARGO,1932/37,2016,78855000
Ford Camiones,CARGO,1932/37,2015,76855000
Ford Camiones,CARGO,1932/37,2014,73865000
Ford Camiones,CARGO,1932/37,2013,71935000
Ford Camiones,CARGO,1932/37,2012,71195000
Ford Camiones,CARGO,1932/37,2011,69075000
Ford Camiones,CARGO,1932/37 CD,2017,81365000
Ford Camiones,CARGO,1932/37 CD,2016,79425000
Ford Camiones,CARGO,1932/37 CD,2015,77065000
Ford Camiones,CARGO,1932/37 CD,2014,74555000
Ford Camiones,CARGO,1932/37 CD,2013,72375000
Ford Camiones,CARGO,1932/37 CD,2012,71475000
Ford Camiones,CARGO,1932/37 CD,2011,70095000
Ford Camiones,CARGO,1932/48,2012,71550000
Ford Camiones,CARGO,1932/48,2011,70120000
Ford Camiones,CARGO,1932/48 CD,2012,71320000
Ford Camiones,CARGO,1932/48 CD,2011,70610000
Ford Camiones,CARGO,1933/35 EV CD AUT,2017,84285000
Ford Camiones,CARGO,1933/35 EV CD AUT,2016,83250000
Ford Camiones,CARGO,1933/36 EV 4X2 CD AUT,2021,96095000
Ford Camiones,CARGO,1933/36 EV 4X2 CD AUT,2020,93785000
Ford Camiones,CARGO,1933/36 EV 4X2 CD AUT,2019,91355000
Ford Camiones,CARGO,1933/36 EV 4X2 CD AUT,2018,89125000
Ford Camiones,CARGO,1933/36 EV 4X2 CD AUT,2017,86995000
Ford Camiones,CARGO,1933/37 EV 4X2 CD,2021,95550000
Ford Camiones,CARGO,1933/37 EV 4X2 CD,2020,91350000
Ford Camiones,CARGO,1933/37 EV 4X2 CD,2019,91015000
Ford Camiones,CARGO,1933/37 EV 4X2 CD,2018,88815000
Ford Camiones,CARGO,1933/37 EV 4X2 CD,2017,86515000
Ford Camiones,CARGO,1933/37 EV 4X2 CD,2016,84545000
Ford Camiones,CARGO,1933/48 EV,2021,94665000
Ford Camiones,CARGO,1933/48 EV,2020,93315000
Ford Camiones,CARGO,1933/48 EV,2019,91155000
Ford Camiones,CARGO,1933/48 EV,2018,89100000
Ford Camiones,CARGO,1933/48 EV,2017,86685000
Ford Camiones,CARGO,1933/48 EV,2016,84805000
Ford Camiones,CARGO,1933/48 EV CD,2021,96100000
Ford Camiones,CARGO,1933/48 EV CD,2020,93705000
Ford Camiones,CARGO,1933/48 EV CD,2019,91455000
Ford Camiones,CARGO,1933/48 EV CD,2018,90125000
Ford Camiones,CARGO,1933/48 EV CD,2017,86985000
Ford Camiones,CARGO,1933/48 EV CD,2016,83955000
Ford Camiones,CARGO,1933/48 EV CD AUT,2021,96755000
Ford Camiones,CARGO,1933/48 EV CD AUT,2020,94865000
Ford Camiones,CARGO,1933/48 EV CD AUT,2019,93065000
Ford Camiones,CARGO,1933/48 EV CS AUT,2021,97745000
Ford Camiones,CARGO,1933/48 EV CS AUT,2020,94835000
Ford Camiones,CARGO,1933/48 EV CS AUT,2019,92485000
Ford Camiones,CARGO,2042/33 EV 6X2 CD AUT,2017,88185000
Ford Camiones,CARGO,2042/33 EV 6X2 CD AUT,2016,85665000
Ford Camiones,CARGO,2042/36 EV 4X2 CD AUT,2021,98150000
Ford Camiones,CARGO,2042/36 EV 4X2 CD AUT,2020,97735000
Ford Camiones,CARGO,2042/36 EV 4X2 CD AUT,2019,93885000
Ford Camiones,CARGO,2042/36 EV 4X2 CD AUT,2018,93555000
Ford Camiones,CARGO,2042/36 EV 4X2 CD AUT,2017,89505000
Ford Camiones,CARGO,2042/36 EV 4X2 CD AUT,2016,86650000
Ford Camiones,CARGO,2631/41,2007,63445000
Ford Camiones,CARGO,2631/52,2007,65495000
Ford Camiones,CARGO,2632/41 E,2017,90255000
Ford Camiones,CARGO,2632/41 E,2016,87200000
Ford Camiones,CARGO,2632/41 E,2015,84845000
Ford Camiones,CARGO,2632/41 E,2014,82545000
Ford Camiones,CARGO,2632/41 E,2013,81545000
Ford Camiones,CARGO,2632/41 E,2012,78515000
Ford Camiones,CARGO,2632/41 E,2011,76485000
Ford Camiones,CARGO,2632/41 E,2010,73955000
Ford Camiones,CARGO,2632/41 E,2009,72155000
Ford Camiones,CARGO,2632/41 E,2008,70335000
Ford Camiones,CARGO,2632/41 E,2007,67650000
Ford Camiones,CARGO,2632/52 E,2014,84210000
Ford Camiones,CARGO,2632/52 E,2013,83765000
Ford Camiones,CARGO,2632/52 E,2012,81700000
Ford Camiones,CARGO,2632/52 E,2011,79555000
Ford Camiones,CARGO,2632/52 E,2010,76600000
Ford Camiones,CARGO,2632/52 E,2009,75240000
Ford Camiones,CARGO,2632/52 E,2008,73200000
Ford Camiones,CARGO,2632/52 E,2007,71185000
Ford Camiones,CARGO,2842/33 6X2 CD,2021,110815000
Ford Camiones,CARGO,2842/33 6X2 CD,2020,106345000
Ford Camiones,CARGO,2842/33 6X2 CD,2019,102045000
Ford Camiones,CARGO,2842/33 6X2 CD,2018,97925000
Ford Camiones,CARGO,2842/33 6X2 CD,2017,93965000
Ford Camiones,CARGO,2842/33 6X2 CD,2016,90175000
Ford Camiones,CARGO,3129/34 EV 6X4,2018,103975000
Ford Camiones,CARGO,3129/34 EV 6X4,2017,99745000
Ford Camiones,CARGO,3129/34 EV 6X4,2016,96145000
Ford Camiones,CARGO,3129/34 EV 6X4 ESC. VERTICAL,2018,102405000
Ford Camiones,CARGO,3129/34 EV 6X4 ESC. VERTICAL,2017,100055000
Ford Camiones,CARGO,3129/45 EV 6X4,2018,101575000
Ford Camiones,CARGO,3129/45 EV 6X4,2017,99195000
Ford Camiones,CARGO,3129/45 EV 6X4,2016,96625000
Ford Camiones,CARGO,3129/45 EV 6X4 ESC. VERTICAL,2018,101855000
Ford Camiones,CARGO,3129/45 EV 6X4 ESC. VERTICAL,2017,99445000
Ford Camiones,CARGO,3131/34 EV 6X4 CN,2021,105965000
Ford Camiones,CARGO,3131/34 EV 6X4 CN,2020,102275000
Ford Camiones,CARGO,3131/34 EV 6X4 CN,2019,100205000
Ford Camiones,CARGO,3131/34 EV 6X4 CN,2018,94325000
Ford Camiones,CARGO,3131/45 EV 6X4 CN,2021,106525000
Ford Camiones,CARGO,3131/45 EV 6X4 CN,2020,103945000
Ford Camiones,CARGO,3131/45 EV 6X4 CN,2019,100865000
Ford Camiones,CARGO,3131/45 EV 6X4 CN,2018,98485000
Ford Camiones,F-14000/44,,2007,44755000
Ford Camiones,F-14000/49,,2007,46165000
Ford Camiones,F-14000/53,,2007,47115000
Ford Camiones,F-4000,TDI,2007,33635000
